id,crop,state,report_week,growth_stage,pests,diseases,pest_or_disease,weather_condition,advisories,evidence_count,confidence,sowing_status,harvest_status,statistics
46197,Cotton,All India,2026-07-13,Active Growth,None Reported,None Reported,None Reported,,,1,0.7,,," Sugarcane : About 57.58 lakh ha area coverage (106% of Normal area) has been reported compared to 56.72 lakh ha during the corresponding period of last year.
-
Cotton : About 79.54 lakh ha area coverage has been reported compared to 93.95 lakh ha during the corresponding period of last year.
-
Jute : About 6.28 lakh ha area coverage has been reported compared to 6.16 lakh ha during the corresponding period of last year. Progress of area coverage under Kharif crops as on 10.07.2026 Area: In lakh hactare Progress of area coverage under Kharif crops as on 10.07.2026 Area: In lakh hactare Progress of area coverage under Kharif crops as on 10.07.2026 Area: In lakh hactare Progress of area coverage under Kharif crops as on 10.07.2026 Area: In lakh hactare Progress of area coverage under Kharif crops as on 10.07.2026 Area: In lakh hactare Progress of area coverage under Kharif crops as on 10.07.2026 Area: In lakh hactare Progress of area coverage under Kharif crops as on 10.07.2026 Area: In lakh hactare --------------------------------------------------------------------------------------- --------------------------------------------------------------------------------------- --------------------------------------------------------------------------------------- --------------------------------------------------------------------------------------- --------------------------------------------------------------------------------------- --------------------------------------------------------------------------------------- --------------------------------------------------------------------------------------- S. No. Normal Area (2020-21 to 2024- 25) Final Area Coverage 2025 Area covered as on date Area covered as on date Increase(+)/ Decrease(-) over 2025 S. No. Normal Area (2020-21 to 2024- 25) Final Area Coverage 2025 2026 2025 Increase(+)/ Decrease(-) over 2025 1 Rice 412.00 446.70 114.69 125.53 10.84 2 Pulses 123.64 118.97 56.63 73.85 17.22 a Arhar 44.32 44.60 19.54 28.03 8.49 b Urdbean 29.60 21.26 9.34 13.29 3.95 c Moongbean 35.48 37.45 21.52 24.08 2.56 d Kulthi 1.48 0.14 0.13 0.01 e Mothbean 9.69 4.40 6.12 1.72 f Other pulses* 3.07 15.66 1.69 2.20 0.52 3 Shri Anna cum Coarse cereals 182.63 192.12 98.69 127.30 28.61 a Jowar 14.44 12.10 6.88 9.01 2.13 b Bajra** 70.94 63.80 33.76 45.98 12.22 c Ragi 12.01 13.46 0.93 1.11 0.18 d Small millets 4.47 4.15 1.16 1.64 0.48 e Maize 80.77 98.61 55.97 69.56 13.59 4 Oilseeds 200.08 196.38 117.83 149.18 31.34 a Groundnut 46.79 50.29 23.40 35.45 12.05 b Soybean 128.71 123.86 90.51 107.72 17.21 c Sunflower 1.20 0.88 0.86 0.53 0.33 d Sesamum** 12.88 9.63 2.79 5.17 2.38 e Niger 1.01 0.83 0.06 0.01 0.05 f Castor 9.49 10.89 0.14 0.24 0.10 g Other Oilseeds 0.00 0.07 0.05 0.03 5 Sugarcane 54.20 58.84 57.58 56.72 0.86 6 Jute & Mesta 6.40 6.06 6.28 6.16 0.12 7 Cotton 125.51 115.20 79.54 93.95 14.41 Total Total 1104.46 1134.27 531.25 632.69 101.44"
46208,Cotton,Odisha,2026-07-13,Sowing,None Reported,None Reported,None Reported,,,1,0.9,"| Sowing progress of Cotton area coverage as on 10.07.2026 Area (in lakh ha)   | Sowing progress of Cotton area coverage as on 10.07.2026 Area (in lakh ha)   | Sowing progress of Cotton area coverage as on 10.07.2026 Area (in lakh ha)   | Sowing progress of Cotton area coverage as on 10.07.2026 Area (in lakh ha)   | Sowing progress of Cotton area coverage as on 10.07.2026 Area (in lakh ha)   | Sowing progress of Cotton area coverage as on 10.07.2026 Area (in lakh ha)   | Sowing progress of Cotton area coverage as on 10.07.2026 Area (in lakh ha)   |
|------------------------------------------------------------------------------|------------------------------------------------------------------------------|------------------------------------------------------------------------------|------------------------------------------------------------------------------|------------------------------------------------------------------------------|------------------------------------------------------------------------------|------------------------------------------------------------------------------|
| 1                                                                            | Andhra Pradesh                                                               | 5.38                                                                         | 4.99                                                                         | 2.401                                                                        | 1.625                                                                        | 0.78                                                                         |
| 2                                                                            | Telangana                                                                    | 19.70                                                                        | 21.04                                                                        | 15.962                                                                       | 13.997                                                                       | 1.96                                                                         |
| 3                                                                            | Gujarat                                                                      | 24.19                                                                        | 21.00                                                                        | 9.319                                                                        | 17.106                                                                       |
7.79                                                                        |
| 4                                                                            | Haryana                                                                      | 5.85                                                                         | 4.00                                                                         | 3.107                                                                        | 4.010                                                                        |
0.90                                                                        |
| 5                                                                            | Karnataka                                                                    | 7.73                                                                         | 8.00                                                                         | 6.080                                                                        | 6.670                                                                        |
0.59                                                                        |
| 6                                                                            | Madhya Pradesh                                                               | 5.82                                                                         | 5.68                                                                         | 5.406                                                                        | 5.460                                                                        |
0.05                                                                        |
| 7                                                                            | Maharashtra                                                                  | 42.99                                                                        | 38.75                                                                        | 30.072                                                                       | 35.464                                                                       |
5.39                                                                        |
| 8                                                                            | Odisha                                                                       | 2.07                                                                         | 2.43                                                                         | 0.943                                                                        | 1.601                                                                        |
0.66                                                                        |
| 9                                                                            | Punjab                                                                       | 2.25                                                                         | 1.25                                                                         | 0.851                                                                        | 1.279                                                                        |
0.43                                                                        |
| 10                                                                           | Rajasthan                                                                    | 8.02                                                                         | 7.20                                                                         | 5.153                                                                        | 6.437                                                                        |
1.28                                                                        |
| 11                                                                           | Tamil Nadu                                                                   | 1.33                                                                         | 1.47                                                                         | 0.040                                                                        | 0.040                                                                        | 0.00                                                                         |
| 12                                                                           | Others                                                                       | 0.18                                                                         | 0.31                                                                         | 0.210                                                                        | 0.260                                                                        |
0.05                                                                        |
| All India                                                                    | All India                                                                    | 125.51                                                                       | 116.12                                                                       | 79.545                                                                       | 93.950                                                                       |
14.41                                                                       |",,
46342,Jute,Odisha,2026-07-13,Active Growth,None Reported,None Reported,None Reported,,,1,0.7,,,
46706,Sugarcane,All India,2026-07-13,Sowing,None Reported,None Reported,None Reported,,,1,0.9," Kharif  sowing  data  collection  has  started  from  05 th June,  2026  and  the  sowing  is  in  preliminary stage. As on 10 July 2026, the area sown under Kharif crops is 531.25 lakh ha (including 57.58 lakh ha in Sugarcane) as compared to 632.69 lakh ha during the corresponding period of last year.",,
46207,Cotton,Odisha,2026-07-06,Sowing,None Reported,None Reported,None Reported,,,1,0.9,"| Sowing progress of cotton area coverage as on 05.07.2026 Area (in lakh ha)   | Sowing progress of cotton area coverage as on 05.07.2026 Area (in lakh ha)   | Sowing progress of cotton area coverage as on 05.07.2026 Area (in lakh ha)   | Sowing progress of cotton area coverage as on 05.07.2026 Area (in lakh ha)   | Sowing progress of cotton area coverage as on 05.07.2026 Area (in lakh ha)   | Sowing progress of cotton area coverage as on 05.07.2026 Area (in lakh ha)   | Sowing progress of cotton area coverage as on 05.07.2026 Area (in lakh ha)   |
|------------------------------------------------------------------------------|------------------------------------------------------------------------------|------------------------------------------------------------------------------|------------------------------------------------------------------------------|------------------------------------------------------------------------------|------------------------------------------------------------------------------|------------------------------------------------------------------------------|
| 1                                                                            | Andhra Pradesh                                                               | 5.38                                                                         | 4.99                                                                         | 1.86                                                                         | 0.72                                                                         | 0.03                                                                         |
| 2                                                                            | Telangana                                                                    | 19.70                                                                        | 21.04                                                                        | 12.27                                                                        | 12.28                                                                        | 0.00                                                                         |
| 3                                                                            | Gujarat                                                                      | 24.19                                                                        | 21.00                                                                        | 9.32                                                                         | 17.11                                                                        |
0.55                                                                        |
| 4                                                                            | Haryana                                                                      | 5.85                                                                         | 4.00                                                                         | 3.11                                                                         | 3.92                                                                         |
0.05                                                                        |
| 5                                                                            | Karnataka                                                                    | 7.73                                                                         | 8.00                                                                         | 5.46                                                                         | 6.12                                                                         |
0.03                                                                        |
| 6                                                                            | Madhya Pradesh                                                               | 5.82                                                                         | 5.68                                                                         | 4.19                                                                         | 4.26                                                                         | 0.00                                                                         |
| 7                                                                            | Maharashtra                                                                  | 42.99                                                                        | 38.75                                                                        | 20.61                                                                        | 32.93                                                                        |
0.12                                                                        |
| 8                                                                            | Odisha                                                                       | 2.07                                                                         | 2.43                                                                         | 0.38                                                                         | 1.22                                                                         |
0.84                                                                        |
| 9                                                                            | Punjab                                                                       | 2.25                                                                         | 1.25                                                                         | 0.79                                                                         | 1.19                                                                         | 0.00                                                                         |
| 10                                                                           | Rajasthan                                                                    | 8.02                                                                         | 7.20                                                                         | 4.94                                                                         | 6.02                                                                         |
0.09                                                                        |
| 11                                                                           | Tamil Nadu                                                                   | 1.33                                                                         | 1.47                                                                         | 0.04                                                                         | 0.04                                                                         | 0.00                                                                         |
| 12                                                                           | Others                                                                       | 0.18                                                                         | 0.31                                                                         | 0.21                                                                         | 0.26                                                                         |
0.05                                                                        |
| All India                                                                    | All India                                                                    | 125.51                                                                       | 116.12                                                                       | 63.18                                                                        | 82.00                                                                        |
22.88                                                                       |",,
46261,Crop,Punjab,2026-07-06,Active Growth,Amp; Uttar Pradesh; Haryana; Rajasthan,None Reported,Amp; Uttar Pradesh; Haryana; Rajasthan,,,1,0.9,,,
46343,Jute,Punjab,2026-07-06,Active Growth,None Reported,None Reported,None Reported,,,1,0.7,,," Sugarcane : About 57.58 lakh ha area coverage (106% of Normal area) has been reported compared to 56.72 lakh ha during the corresponding period of last year.
-
Cotton : About 63.18 lakh ha area coverage has been reported compared to 82.00 lakh ha during the corresponding period of last year.
-
Jute : About 6.28 lakh ha area coverage has been reported compared to 6.16 lakh ha during the corresponding period of last year. Progress of area coverage under Kharif crops as on 05.07.2026 Area: In lakh hactare Progress of area coverage under Kharif crops as on 05.07.2026 Area: In lakh hactare Progress of area coverage under Kharif crops as on 05.07.2026 Area: In lakh hactare Progress of area coverage under Kharif crops as on 05.07.2026 Area: In lakh hactare Progress of area coverage under Kharif crops as on 05.07.2026 Area: In lakh hactare Progress of area coverage under Kharif crops as on 05.07.2026 Area: In lakh hactare Progress of area coverage under Kharif crops as on 05.07.2026 Area: In lakh hactare --------------------------------------------------------------------------------------- --------------------------------------------------------------------------------------- --------------------------------------------------------------------------------------- --------------------------------------------------------------------------------------- --------------------------------------------------------------------------------------- --------------------------------------------------------------------------------------- --------------------------------------------------------------------------------------- S. No. Crop Normal Area (2020-21 to 2024- 25) Final Area Coverage 2025 Area covered as on date Area covered as on date Increase(+)/ Decrease(-) over 2025 S. No. Crop Normal Area (2020-21 to 2024- 25) Final Area Coverage 2025 2026 2025 Increase(+)/ Decrease(-) over 2025 1 Rice 412.00 446.70 60.24 69.30 9.06 2 Pulses 123.64 118.97 37.15 47.49 10.34 a Arhar 44.32 44.60 12.35 21.00 8.65 b Urdbean 29.60 21.26 3.01 4.63 1.62 c Moongbean 35.48 37.45 16.81 17.20 0.39 d Kulthi 1.48 e Mothbean 9.69 3.45 3.00 0.45 f Other pulses* 3.07 15.66 1.40 1.56 0.16 3 Shri Anna cum Coarse cereals 182.63 192.12 60.12 71.86 11.75 a Jowar 14.44 12.10 4.53 4.89 0.36 b Bajra** 70.94 63.80 20.82 30.00 9.18 c Ragi 12.01 13.46 0.84 0.88 0.04 d Small millets 4.47 4.15 0.98 1.09 0.11 e Maize 80.77 98.61 32.94 35.00 2.06 4 Oilseeds 200.08 196.38 66.31 109.27 42.96 a Groundnut 46.79 50.29 16.93 28.00 11.07 b Soybean 128.71 123.86 47.80 79.20 31.40 c Sunflower 1.20 0.88 0.79 0.46 0.33 d Sesamum** 12.88 9.63 0.60 1.49 0.89 e Niger 1.01 0.83 0.06 0.01 0.05 f Castor 9.49 10.89 0.09 0.07 0.02 g Other Oilseeds 0.00 0.06 0.04 0.02 5 Sugarcane 54.20 57.58 56.72 0.85 58.84 6 Jute & Mesta 6.40 6.06 6.28 6.16 0.12 Total Total 1104.46 1134.27 350.85 442.80 91.95"
46705,Sugarcane,All India,2026-07-06,Sowing,None Reported,None Reported,None Reported,,,1,0.9," Kharif  sowing  data  collection  has  started  from  05 th June,  2026  and  the  sowing  is  in  preliminary stage. As on 05 July 2026, the area sown under Kharif crops is 350.85 lakh ha (including 57.58 lakh ha in Sugarcane) as compared to 442.80 lakh ha during the corresponding period of last year.",,
46209,Cotton,Punjab,2026-06-29,Active Growth,None Reported,None Reported,None Reported,,,1,0.7,,," Sugarcane : About 57.31 lakh ha area coverage (106% of Normal area) has been reported compared to 56.64 lakh ha during the corresponding period of last year.
-
Cotton : About 29.66 lakh ha area coverage has been reported compared to 45.36 lakh ha during the corresponding period of last year.
-
Jute : About 6.25 lakh ha area coverage has been reported compared to 6.13 lakh ha during the corresponding period of last year. Progress of area coverage under Kharif crops as on 25.06.2026 Area: In lakh hactare Progress of area coverage under Kharif crops as on 25.06.2026 Area: In lakh hactare Progress of area coverage under Kharif crops as on 25.06.2026 Area: In lakh hactare Progress of area coverage under Kharif crops as on 25.06.2026 Area: In lakh hactare Progress of area coverage under Kharif crops as on 25.06.2026 Area: In lakh hactare Progress of area coverage under Kharif crops as on 25.06.2026 Area: In lakh hactare Progress of area coverage under Kharif crops as on 25.06.2026 Area: In lakh hactare --------------------------------------------------------------------------------------- --------------------------------------------------------------------------------------- --------------------------------------------------------------------------------------- --------------------------------------------------------------------------------------- --------------------------------------------------------------------------------------- --------------------------------------------------------------------------------------- --------------------------------------------------------------------------------------- S. Normal Area (2020-21 to 2024- 25) Final Area Coverage 2025 Area covered as on date Area covered as on date Increase(+)/ Decrease(-) over 2025 No. Crop 2026 2025 1 Rice 412.00 446.70 25.75 34.41 8.65 2 Pulses 123.64 118.97 14.92 21.46 6.53 a Arhar 44.32 44.60 3.56 8.45 4.89 b Urdbean 29.60 21.26 1.07 2.51 1.44 c Moongbean 35.48 37.45 8.37 8.63 0.26 d Kulthi 1.48 0.13 0.10 0.03 e Mothbean 9.69 0.82 0.56 0.26 f Other pulses* 3.07 15.66 0.98 1.21 0.23 3 Shri Anna cum Coarse cereals 182.63 192.12 31.84 36.07 4.23 a Jowar 14.44 12.10 3.38 2.70 0.68 b Bajra** 70.94 63.80 11.34 13.06 1.72 c Ragi 12.01 13.46 0.66 0.73 0.07 d Small millets 4.47 4.15 0.75 0.97 0.22 e Maize 80.77 98.61 15.71 18.61 2.90 4 Oilseeds 200.08 196.38 16.99 36.41 19.42 a Groundnut 46.79 50.29 8.87 15.29 6.42 b Soybean 128.71 123.86 6.92 19.97 13.05 c Sunflower 1.20 0.88 0.73 0.44 0.29 d Sesamum** 12.88 9.63 0.36 0.63 0.27 e Niger 1.01 0.83 0.02 0.00 0.02 f Castor 9.49 10.89 0.04 0.03 0.01 g Other Oilseeds 0.00 0.04 0.04 0.00 5 Sugarcane 54.20 58.84 57.31 56.64 0.67 6 Jute & Mesta 6.40 6.06 6.25 6.13 0.12 7 Cotton 125.51 115.20 29.66 45.36 15.70 Total Total 1104.46 1134.27 182.72 236.46 53.74"
46260,Crop,Punjab,2026-06-29,Active Growth,Amp; Uttar Pradesh; Haryana; Rajasthan,None Reported,Amp; Uttar Pradesh; Haryana; Rajasthan,,,1,0.9,,,
46704,Sugarcane,All India,2026-06-29,Sowing,None Reported,None Reported,None Reported,,,1,0.9," Kharif  sowing  data  collection  has  started  from  05 th June,  2026  and  the  sowing  is  in  preliminary stage. As on 25 June 2026, the area sown under Kharif crops is 182.72 lakh ha (including 57.31 lakh ha in Sugarcane) as compared to 236.46 lakh ha during the corresponding period of last year.",,
46213,Crop,Chhattisgarh,2026-06-22,Active Growth,None Reported,None Reported,None Reported,,,1,0.9,,,
46259,Crop,Punjab,2026-06-22,Active Growth,Haryana &Amp; Uttar Pradesh; Punjab,None Reported,Haryana &Amp; Uttar Pradesh; Punjab,,,1,0.9,,,
46547,Pulses,Punjab,2026-06-22,Sowing,None Reported,None Reported,None Reported,,,2,0.9," Sugarcane :  About 57.31 lakh ha area coverage (106% of Normal area) has been reported compared to 56.64 lakh ha during the corresponding period of last year.
-
Cotton :  About  17.13  lakh  ha  area  coverage  has  been  reported  compared  to  22.82  lakh  ha  during  the corresponding period of last year.
-
Jute :  About  6.22  lakh  ha  area  coverage  has  been  reported  compared  to  6.09  lakh  ha  during  the corresponding period of last year.
| Progress of area coverage under Kharif crops as on 19.06.2026 Area: In lakh hactare   | Progress of area coverage under Kharif crops as on 19.06.2026 Area: In lakh hactare   | Progress of area coverage under Kharif crops as on 19.06.2026 Area: In lakh hactare   | Progress of area coverage under Kharif crops as on 19.06.2026 Area: In lakh hactare   | Progress of area coverage under Kharif crops as on 19.06.2026 Area: In lakh hactare   | Progress of area coverage under Kharif crops as on 19.06.2026 Area: In lakh hactare   | Progress of area coverage under Kharif crops as on 19.06.2026 Area: In lakh hactare   |
|---------------------------------------------------------------------------------------|---------------------------------------------------------------------------------------|---------------------------------------------------------------------------------------|---------------------------------------------------------------------------------------|---------------------------------------------------------------------------------------|---------------------------------------------------------------------------------------|---------------------------------------------------------------------------------------|
| S. No.                                                                                | Crop                                                                                  | Normal Area (2020-21 to 2024-25)                                                      | Final Area Coverage 2025                                                              | Area Sown                                                                             | Area Sown                                                                             | Increase(+)/ Decrease(-) over 2025                                                    |
| S. No.                                                                                | Crop                                                                                  | Normal Area (2020-21 to 2024-25)                                                      | Final Area Coverage 2025                                                              | 2026                                                                                  | 2025                                                                                  | Increase(+)/ Decrease(-) over 2025                                                    |
| 1                                                                                     | Rice                                                                                  | 412.00                                                                                | 446.70                                                                                | 12.36                                                                                 | 8.09                                                                                  | 4.26                                                                                  |
| 2                                                                                     | Pulses                                                                                | 123.64                                                                                | 118.97                                                                                | 7.21                                                                                  | 6.39                                                                                  | 0.83                                                                                  |
| a                                                                                     | Arhar                                                                                 | 44.32                                                                                 | 44.60                                                                                 | 1.61                                                                                  | 1.59                                                                                  | 0.02                                                                                  |
| b                                                                                     | Urdbean                                                                               | 29.60                                                                                 | 21.26                                                                                 | 0.62                                                                                  | 0.98                                                                                  |
0.36                                                                                 |
| c                                                                                     | Moongbean                                                                             | 35.48                                                                                 | 37.45                                                                                 | 4.08                                                                                  | 2.86                                                                                  | 1.21                                                                                  |
| d                                                                                     | Kulthi                                                                                | 1.48                                                                                  |                                                                                       | 0.09                                                                                  | 0.08                                                                                  | 0.01                                                                                  |
| e                                                                                     | Mothbean                                                                              | 9.69                                                                                  |                                                                                       | 0.10                                                                                  | 0.00                                                                                  | 0.10                                                                                  |
| f                                                                                     | Other pulses*                                                                         | 3.07                                                                                  | 15.66                                                                                 | 0.71                                                                                  | 0.87                                                                                  |
0.16                                                                                 |
| a                                                                                     | Jowar                                                                                 | 14.44                                                                                 | 12.10                                                                                 | 1.74                                                                                  | 1.40                                                                                  | 0.34                                                                                  |
| b                                                                                     | Bajra**                                                                               | 70.94                                                                                 | 63.80                                                                                 | 4.05                                                                                  | 2.14                                                                                  | 1.91                                                                                  |
| c                                                                                     | Ragi                                                                                  | 12.01                                                                                 | 13.46                                                                                 | 0.31                                                                                  | 0.27                                                                                  | 0.05                                                                                  |
| d                                                                                     | Small millets                                                                         | 4.47                                                                                  | 4.15                                                                                  | 0.64                                                                                  | 0.68                                                                                  |
0.04                                                                                 |
| e                                                                                     | Maize                                                                                 | 80.77                                                                                 | 98.61                                                                                 | 5.69                                                                                  | 5.34                                                                                  | 0.35                                                                                  |
| 4                                                                                     | Oilseeds                                                                              | 200.08                                                                                | 196.38                                                                                | 7.24                                                                                  | 8.11                                                                                  |
0.87                                                                                 |
| a                                                                                     | Groundnut                                                                             | 46.79                                                                                 | 50.29                                                                                 | 5.25                                                                                  | 5.09                                                                                  | 0.16                                                                                  |
| b                                                                                     | Soybean                                                                               | 128.71                                                                                | 123.86                                                                                | 1.30                                                                                  | 2.50                                                                                  |
1.20                                                                                 |
| c                                                                                     | Sunflower                                                                             | 1.20                                                                                  | 0.88                                                                                  | 0.49                                                                                  | 0.27                                                                                  | 0.21                                                                                  |
| d                                                                                     | Sesamum**                                                                             | 12.88                                                                                 | 9.63                                                                                  | 0.15                                                                                  | 0.19                                                                                  |
0.04                                                                                 |
| e                                                                                     | Niger                                                                                 | 1.01                                                                                  | 0.83                                                                                  | 0.00                                                                                  | 0.00                                                                                  | 0.00                                                                                  |
| f                                                                                     | Castor                                                                                | 9.49                                                                                  | 10.89                                                                                 | 0.02                                                                                  | 0.01                                                                                  | 0.00                                                                                  |
| g                                                                                     | Other Oilseeds                                                                        | 0.00                                                                                  |                                                                                       | 0.04                                                                                  | 0.03                                                                                  | 0.00                                                                                  |
| 5                                                                                     | Sugarcane                                                                             | 54.20                                                                                 | 58.84                                                                                 | 57.31                                                                                 | 56.64                                                                                 | 0.67                                                                                  |
| 6                                                                                     | Jute & Mesta                                                                          | 6.40                                                                                  | 6.06                                                                                  | 6.22                                                                                  | 6.09                                                                                  | 0.14                                                                                  |
| 7                                                                                     | Cotton                                                                                | 125.51                                                                                | 115.20                                                                                | 17.13                                                                                 | 22.82                                                                                 |
5.69                                                                                 |
| * Other pulses (Other pulses- Kulthi                                                  | * Other pulses (Other pulses- Kulthi                                                  | & Mothbean), ** Average of 2022-23 & 2023-24)                                         | & Mothbean), ** Average of 2022-23 & 2023-24)                                         | & Mothbean), ** Average of 2022-23 & 2023-24)                                         | & Mothbean), ** Average of 2022-23 & 2023-24)                                         | & Mothbean), ** Average of 2022-23 & 2023-24)                                         |",,
46703,Sugarcane,All India,2026-06-22,Sowing,None Reported,None Reported,None Reported,,,1,0.9," Kharif  sowing  data  collection  has  started from  05 th June,  2026  and  the  sowing  is  in  preliminary stage. As on 19 June 2026, the area sown under Kharif crops is 119.90 lakh ha (including 57.31 lakh ha in Sugarcane) as compared to 117.95 lakh ha during the corresponding period of last year.",,
46211,Crop,Andhra Pradesh,2026-06-15,Active Growth,None Reported,None Reported,None Reported,,,1,0.9,,,
46232,Crop,Maharashtra,2026-06-15,Active Growth,None Reported,None Reported,None Reported,,,1,0.9,,,
46258,Crop,Punjab,2026-06-15,Active Growth,Punjab,None Reported,Punjab,,,2,0.9,,,
46702,Sugarcane,All India,2026-06-15,Sowing,None Reported,None Reported,None Reported,,,1,0.9," Kharif  sowing  data  collection  has  started  from  05 th June,  2026  and  the  sowing  is  in  preliminary stage. As on 12 June 2026, the area sown under Kharif crops is 84.60 lakh ha (including 54.08 lakh ha in Sugarcane) as compared to 88.04 lakh ha during the corresponding period of last year.",,
46206,Cotton,Odisha,2026-06-08,Sowing,None Reported,None Reported,None Reported,,,1,0.9," Sugarcane: About 54.08 lakh ha area coverage under Sugarcane has been reported, which is the same as the area reported during the corresponding period of last year (54.08 lakh ha).
-
Cotton: About  7.51  lakh  ha  area  coverage  has  been  reported  compared  to  9.72  lakh  ha  during  the corresponding period of last year.
-
Jute :  About  6.18  lakh  ha  area  coverage  has  been  reported  compared  to  6.08  lakh  ha  during  the corresponding period of last year.
| Progress of area coverage under Kharif crops as on 05.06.2026 Area: In lakh hactare   | Progress of area coverage under Kharif crops as on 05.06.2026 Area: In lakh hactare   | Progress of area coverage under Kharif crops as on 05.06.2026 Area: In lakh hactare   | Progress of area coverage under Kharif crops as on 05.06.2026 Area: In lakh hactare   | Progress of area coverage under Kharif crops as on 05.06.2026 Area: In lakh hactare   | Progress of area coverage under Kharif crops as on 05.06.2026 Area: In lakh hactare   | Progress of area coverage under Kharif crops as on 05.06.2026 Area: In lakh hactare   |
|---------------------------------------------------------------------------------------|---------------------------------------------------------------------------------------|---------------------------------------------------------------------------------------|---------------------------------------------------------------------------------------|---------------------------------------------------------------------------------------|---------------------------------------------------------------------------------------|---------------------------------------------------------------------------------------|
| S.                                                                                    |                                                                                       | Normal Area (2020-21 to                                                               | Final Area Coverage 2025                                                              | Area Sown                                                                             | Area Sown                                                                             | Increase(+)/ Decrease(-) over 2025                                                    |
| No.                                                                                   | Crop                                                                                  | 2024-25)                                                                              |                                                                                       | 2026                                                                                  | 2025                                                                                  |                                                                                       |
| 1                                                                                     | Rice                                                                                  | 412.00                                                                                | 446.70                                                                                | 2.85                                                                                  | 2.65                                                                                  | 0.20                                                                                  |
| 2                                                                                     | Pulses                                                                                | 123.64                                                                                | 118.97                                                                                | 0.52                                                                                  | 0.35                                                                                  | 0.17                                                                                  |
| a                                                                                     | Arhar                                                                                 | 44.32                                                                                 | 44.60                                                                                 | 0.05                                                                                  | 0.03                                                                                  | 0.02                                                                                  |
| b                                                                                     | Urdbean                                                                               | 29.60                                                                                 | 21.26                                                                                 | 0.10                                                                                  | 0.06                                                                                  | 0.04                                                                                  |
| c                                                                                     | Moongbean                                                                             | 35.48                                                                                 | 37.45                                                                                 | 0.15                                                                                  | 0.17                                                                                  |
0.01                                                                                 |
| d                                                                                     | Kulthi                                                                                | 1.48                                                                                  |                                                                                       | 0.04                                                                                  | 0.06                                                                                  |
0.02                                                                                 |
| e                                                                                     | Mothbean                                                                              | 9.69                                                                                  |                                                                                       | 0.00                                                                                  | 0.00                                                                                  | 0.00                                                                                  |
| f                                                                                     | Other pulses*                                                                         | 3.07                                                                                  | 15.66                                                                                 | 0.18                                                                                  | 0.04                                                                                  | 0.14                                                                                  |
| 3                                                                                     | Shri Anna cum Coarse cereals                                                          | 182.63                                                                                | 192.12                                                                                | 1.01                                                                                  | 1.22                                                                                  |
0.21                                                                                 |
| a                                                                                     | Jowar                                                                                 | 14.44                                                                                 | 12.10                                                                                 | 0.03                                                                                  | 0.26                                                                                  |
0.23                                                                                 |
| b                                                                                     | Bajra**                                                                               | 70.94                                                                                 | 63.80                                                                                 | 0.02                                                                                  | 0.01                                                                                  | 0.01                                                                                  |
| c                                                                                     | Ragi                                                                                  | 12.01                                                                                 | 13.46                                                                                 | 0.30                                                                                  | 0.29                                                                                  | 0.01                                                                                  |
| d                                                                                     | Small millets                                                                         | 4.47                                                                                  | 4.15                                                                                  | 0.28                                                                                  | 0.39                                                                                  |
0.11                                                                                 |
| e                                                                                     | Maize                                                                                 | 80.77                                                                                 | 98.61                                                                                 | 0.38                                                                                  | 0.27                                                                                  | 0.11                                                                                  |
| 4                                                                                     | Oilseeds                                                                              | 200.08                                                                                | 196.38                                                                                | 0.42                                                                                  | 0.52                                                                                  |
0.10                                                                                 |
| a                                                                                     | Groundnut                                                                             | 46.79                                                                                 | 50.29                                                                                 | 0.05                                                                                  | 0.09                                                                                  |
0.04                                                                                 |
| b                                                                                     | Soybean                                                                               | 128.71                                                                                | 123.86                                                                                | 0.19                                                                                  | 0.17                                                                                  | 0.02                                                                                  |
| c                                                                                     | Sunflower                                                                             | 1.20                                                                                  | 0.88                                                                                  | 0.11                                                                                  | 0.13                                                                                  |
0.02                                                                                 |
| d                                                                                     | Sesamum**                                                                             | 12.88                                                                                 | 9.63                                                                                  | 0.04                                                                                  | 0.10                                                                                  |
0.06                                                                                 |
| e                                                                                     | Niger                                                                                 | 1.01                                                                                  | 0.83                                                                                  | 0.00                                                                                  | 0.00                                                                                  | 0.00                                                                                  |
| f                                                                                     | Castor                                                                                | 9.49                                                                                  | 10.89                                                                                 | 0.00                                                                                  | 0.00                                                                                  | 0.00                                                                                  |
| g                                                                                     | Other Oilseeds                                                                        | 0.00                                                                                  |                                                                                       | 0.03                                                                                  | 0.03                                                                                  | 0.00                                                                                  |
| 5                                                                                     | Sugarcane                                                                             | 54.20                                                                                 | 58.84                                                                                 | 54.08                                                                                 | 54.08                                                                                 | 0.00                                                                                  |
| 6                                                                                     | Jute & Mesta                                                                          | 6.40                                                                                  | 6.06                                                                                  | 6.18                                                                                  | 6.08                                                                                  | 0.10                                                                                  |
| 7                                                                                     | Cotton                                                                                | 125.51                                                                                | 115.20                                                                                | 7.51                                                                                  | 9.72                                                                                  |
2.20                                                                                 |
| Total                                                                                 | Total                                                                                 | 1104.46                                                                               | 1134.27                                                                               | 72.57                                                                                 | 74.61                                                                                 |
2.04                                                                                 |",,
46246,Crop,Odisha,2026-06-08,Active Growth,Jharkhand; Odisha,None Reported,Jharkhand; Odisha,,,1,0.9,,,
46701,Sugarcane,All India,2026-06-08,Sowing,None Reported,None Reported,None Reported,,,1,0.9," Kharif  sowing  data  collection  has  started  from  05 th June,  2026  and  the  sowing  is  in  preliminary stage. As on June 05 2026, the area sown under Kharif crops is 72.57 lakh ha (including 54.08 lakh ha in Sugarcane) as compared to 74.61 lakh ha during the corresponding period of last year.",,
46196,Cotton,All India,2026-06-01,Active Growth,None Reported,None Reported,None Reported,,,1,0.9,,,
46245,Crop,Odisha,2026-06-01,Active Growth,And  Arunachal Pradesh; Bihar; Punjab; West  Bengal; West Rajasthan,None Reported,And  Arunachal Pradesh; Bihar; Punjab; West  Bengal; West Rajasthan,,,2,0.9,,,
46257,Crop,Punjab,2026-06-01,Active Growth,South Haryana; South Punjab,None Reported,South Haryana; South Punjab,,,1,0.9,,,
46557,Rice,All India,2026-06-01,Harvesting,None Reported,None Reported,None Reported,,,1,0.9,," As  per  3 rd Advance  Estimates  2025-26,  the  area  sown  under  the  summer  crops  is  87.26  lakh  ha  as compared to 83.91 lakh ha during the corresponding period of last year. As compared to previous year, Rice area declined by 0.65 lakh ha whereas, Maize area increased by 2.08 lakh ha, Groundnut by 1.03 lakh ha, Urad by 0.76 lakh ha and Shree Anna by 0.70 lakh ha.
-
As on 01.06.2026, rabi crops harvesting has been completed in all states.",
46719,Sunflower,Odisha,2026-06-01,Sowing,None Reported,None Reported,None Reported,,,2,0.9," As  per  3 rd   Advance  Estimates  2025-26,  about  116.3  percent  of  the  normal  area  has  been sown under the summer season crops.
-
Rice: About  32.63  lakh  ha  area  coverage  under  Summer  Rice  has  been  reported  as compared to 33.28 lakh ha during the corresponding period of last year.
-
Pulses: About  27.16  lakh  ha  area  coverage  has  been  reported  compared  to  27.07  lakh  ha during the corresponding period of last year.
-
Oilseeds: About 10.62 lakh ha area coverage has been reported compared to 9.51 lakh ha during the corresponding period of last year.
|---------------------------------------------------------------------------|---------------------------------------------------------------------------|---------------------------------------------------------------------------|---------------------------------------------------------------------------|---------------------------------------------------------------------------|
|                                                                           | Area                                                                      | Area                                                                      | Area                                                                      | Increase /                                                                |
| Crop                                                                      | Normal                                                                    | 2025-26                                                                   | 2024-25                                                                   | Decrease                                                                  |
| Rice                                                                      | 31.49                                                                     | 32.63                                                                     | 33.28                                                                     |
0.65                                                                     |
| Maize                                                                     | 6.98                                                                      | 10.58                                                                     | 8.50                                                                      | 2.08                                                                      |
| Jowar                                                                     | 0.34                                                                      | 0.43                                                                      | 0.36                                                                      | 0.07                                                                      |
| Bajra                                                                     | 4.43                                                                      | 5.83                                                                      | 5.20                                                                      | 0.63                                                                      |
| Shree Anna /Nutri Cereals                                                 | 4.77                                                                      | 6.26                                                                      | 5.56                                                                      | 0.70                                                                      |
| Nutri/Coarse Cereals                                                      | 11.75                                                                     | 16.84                                                                     | 14.05                                                                     | 2.79                                                                      |
| Cereals                                                                   | 43.23                                                                     | 49.48                                                                     | 47.33                                                                     | 2.15                                                                      |
| Urad                                                                      | 2.96                                                                      | 4.34                                                                      | 3.58                                                                      | 0.76                                                                      |
| Moong                                                                     | 20.44                                                                     | 22.82                                                                     | 23.49                                                                     |
0.67                                                                     |
| Total Pulses                                                              | 23.40                                                                     | 27.16                                                                     | 27.07                                                                     | 0.09                                                                      |
| Total Food Grains                                                         | 66.64                                                                     | 76.64                                                                     | 74.40                                                                     | 2.24                                                                      |
| Groundnut                                                                 | 3.40                                                                      | 5.23                                                                      | 4.20                                                                      | 1.03                                                                      |
| Sesamum                                                                   | 4.66                                                                      | 5.04                                                                      | 4.96                                                                      | 0.08                                                                      |
| Sunflower                                                                 | 0.34                                                                      | 0.35                                                                      | 0.35                                                                      | 0.00                                                                      |
| Total Oil Seeds                                                           | 8.40                                                                      | 10.62                                                                     | 9.51                                                                      | 1.11                                                                      |
| Total                                                                     | 75.04                                                                     | 87.26                                                                     | 83.91                                                                     | 3.35                                                                      |",,
46256,Crop,Punjab,2026-05-25,Active Growth,Haryana; Jammu &Amp; Kashmir; Rajasthan; Uttar Pradesh,None Reported,Haryana; Jammu &Amp; Kashmir; Rajasthan; Uttar Pradesh,,,2,0.9,,,
46543,Oilseeds,Telangana,2026-05-25,Harvesting,None Reported,None Reported,None Reported,,,1,0.9,,"| 3        | Pulses                     |              140.42 |                          139.55 |             100.00 |                                                                                                       |
| a        | Gram                       |              100.99 |                           96.20 |             100.00 | 100% Harvesting has been completed in all states.                                                     |
| b        | Lentil                     |               15.13 |                           18.12 |             100.00 | 100% Harvesting has been completed in all states.                                                     |
| e        | Urdbean *                  |                6.16 |                            6.06 |             100.00 | 100% Harvesting has been completed in all states.                                                     |
| f        | Moongbean *                |                1.41 |                            0.99 |             100.00 | 100% Harvesting has been completed in all states.                                                     |
| h        | Other Pulses $             |               16.73 |                           20.57 |             100.00 | 100% Harvesting has been completed in all states.                                                     |
| 4        | Shri Anna & Coarse cereals |               55.33 |                           60.93 |             100.00 |                                                                                                       |
| a        | Jowar *                    |               24.62 |                           23.13 |             100.00 | 100% Harvesting has been completed in all states.                                                     |
| b        | Maize *                    |               23.61 |                           29.16 |             100.00 | 100% Harvesting has been completed in all states.                                                     |
| c        | Barley                     |                5.63 |                            7.38 |             100.00 | 100% Harvesting has been completed in all states.                                                     |
| 5        | Oilseeds                   |               86.78 |                           97.19 |             100.00 |                                                                                                       |
| a        | Rapeseed & Mustard         |               79.17 |                           89.36 |             100.00 | 100% Harvesting has been completed in all states.                                                     |
| b        | Groundnut *                |                3.69 |                            3.52 |             100.00 | 100% Harvesting has been completed in all states.                                                     |
| c        | Safflower                  |                0.72 |                            0.89 |             100.00 | 100% Harvesting has been completed in all states.                                                     |
| d        | Sunflower *                |                0.79 |                            0.70 |             100.00 | 100% Harvesting has been completed in all states.                                                     |
| e        | Sesamum *                  |                0.48 |                            0.33 |             100.00 | 100% Harvesting has been completed in all states.                                                     |
| f        | Linseed                    |                1.93 |                            1.99 |             100.00 | 100% harvested in all states.                                                                         |
| g        | Other Oilseeds             |                0.00 |                            0.40 |             100.00 | 100% Harvesting has been completed in all states.                                                     |
|          | Total Crops                |              637.81 |                          680.18 |              97.92 |                                                                                                       |
Source: Crops Division, DoA&amp;FW.",
46556,Rice,All India,2026-05-25,Harvesting,None Reported,None Reported,None Reported,,,1,0.9,," As on May 22, 2026, the area sown under summer crops is 86.02 lakh ha as compared to 83.50 lakh ha during the corresponding period of last year.  Of this, area of 31.05 lakh ha has been sown under Rice this year. There is also an increase in the area sown under Maize by about 1.50 lakh ha so far from the last 5-years average.
-
As on 22.05.2026, 97.92% of area  has  been  harvested  for  Rabi  crops  all  over  India.  The  harvest  of pulses,  oilseeds,  and  Shri  Anna-cum-coarse  cereals  has  been  completed;  79.71%  area  of  Rice  and 99.50% area of Wheat has been harvested for Rabi crops 2025-26.",
46566,Rice,Andhra Pradesh,2026-05-25,Harvesting,None Reported,None Reported,None Reported,,,1,0.9,,Rice in Andhra Pradesh has 75% harvested.,
46581,Rice,Kerala,2026-05-25,Harvesting,None Reported,None Reported,None Reported,,,1,0.9,,Rice in Kerala has 98% harvested.,
46595,Rice,Tamil Nadu,2026-05-25,Harvesting,None Reported,None Reported,None Reported,,,1,0.9,,Rice in Tamil Nadu has 90% harvested.,
46602,Rice,Telangana,2026-05-25,Harvesting,None Reported,None Reported,None Reported,,,1,0.9,,Rice in Telangana has 75% harvested.,
46754,Wheat,Punjab,2026-05-25,Harvesting,None Reported,None Reported,None Reported,,,2,0.9,," Rice : About 31.05 lakh ha area coverage under Summer Rice has been reported as compared to 32.42 lakh ha during the corresponding period of last year.
-
Pulses : About 27.91 lakh ha area coverage has been reported compared to 27.26 lakh ha during the corresponding period of last year.
-
Oilseeds : About 11.04 lakh ha area coverage has been reported compared to 9.58 lakh ha during the corresponding period of last year.
| Progress of Area coverage under Summer crops as on 22.05.2026 (In lakh hectare)   | Progress of Area coverage under Summer crops as on 22.05.2026 (In lakh hectare)   | Progress of Area coverage under Summer crops as on 22.05.2026 (In lakh hectare)   | Progress of Area coverage under Summer crops as on 22.05.2026 (In lakh hectare)   | Progress of Area coverage under Summer crops as on 22.05.2026 (In lakh hectare)   | Progress of Area coverage under Summer crops as on 22.05.2026 (In lakh hectare)   | Progress of Area coverage under Summer crops as on 22.05.2026 (In lakh hectare)   |
|-----------------------------------------------------------------------------------|-----------------------------------------------------------------------------------|-----------------------------------------------------------------------------------|-----------------------------------------------------------------------------------|-----------------------------------------------------------------------------------|-----------------------------------------------------------------------------------|-----------------------------------------------------------------------------------|
| Sl. No.                                                                           | Crops                                                                             | Normal Summer Area (DES)*                                                         | Final Summer                                                                      | Area Sown                                                                         | Area Sown                                                                         | Increase/ Decrease over corresponding period of Last year                         |
| Sl. No.                                                                           | Crops                                                                             | Normal Summer Area (DES)*                                                         | Area 2025                                                                         | Current Year (2026)                                                               | Corresponding period of Last Year (2025)                                          | Increase/ Decrease over corresponding period of Last year                         |
| 1                                                                                 | Rice                                                                              | 31.49                                                                             | 33.28                                                                             | 31.05                                                                             | 32.42                                                                             |
1.36                                                                             |
| 2                                                                                 | Pulses                                                                            | 23.40                                                                             | 27.07                                                                             | 27.91                                                                             | 27.26                                                                             | 0.65                                                                              |
| a                                                                                 | Greengram                                                                         | 20.44                                                                             | 23.49                                                                             | 23.01                                                                             | 23.49                                                                             |
0.49                                                                             |
| b                                                                                 | Blackgram                                                                         | 2.96                                                                              | 3.26                                                                              | 4.60                                                                              | 3.58                                                                              | 1.02                                                                              |
| c                                                                                 | Other Pulses                                                                      | 0.00                                                                              |
| 0.30                                                                              | 0.19                                                                              | 0.11                                                                              |
| 3                                                                                 | Shree Anna cum Coarse Cereals                                                     | 12.08                                                                             | 14.06                                                                             | 16.01                                                                             | 14.25                                                                             | 1.77                                                                              |
| a                                                                                 | Jowar                                                                             | 0.34                                                                              | 0.36                                                                              | 0.37                                                                              | 0.36                                                                              | 0.01                                                                              |
| b                                                                                 | Bajra                                                                             | 4.43                                                                              | 5.20                                                                              | 5.40                                                                              | 5.20                                                                              | 0.20                                                                              |
| c                                                                                 | Ragi                                                                              | 0.31                                                                              |
| 0.22                                                                              | 0.16                                                                              | 0.06                                                                              |
| d                                                                                 | Small Millets                                                                     | 0.02                                                                              |
| 0.03                                                                              | 0.03                                                                              | 0.00                                                                              |
| e                                                                                 | Maize                                                                             | 6.98                                                                              | 8.50                                                                              | 10.00                                                                             | 8.50                                                                              | 1.50                                                                              |
| 4                                                                                 | Oilseeds                                                                          | 8.40                                                                              | 9.51                                                                              | 11.04                                                                             | 9.58                                                                              | 1.47                                                                              |
| a                                                                                 | Groundnut                                                                         | 3.40                                                                              | 4.20                                                                              | 5.51                                                                              | 4.20                                                                              | 1.31                                                                              |
| b                                                                                 | Sunflower                                                                         | 0.34                                                                              | 0.35                                                                              | 0.39                                                                              | 0.35                                                                              | 0.04                                                                              |
| c                                                                                 | Sesamum                                                                           | 4.66                                                                              | 4.96                                                                              | 5.07                                                                              | 4.96                                                                              | 0.11                                                                              |
| d                                                                                 | Other Oilseeds                                                                    | 0.00                                                                              |
| 0.07                                                                              | 0.06                                                                              | 0.00                                                                              |
| Total                                                                             | Total                                                                             | 75.37                                                                             | 83.92                                                                             | 86.02                                                                             | 83.50                                                                             | 2.52                                                                              |
Source: Crop Division, DoA&amp;FW, MoA&amp;FW
SOWING AND HARVESTING STATUS OF  RABI CROPS AS ON 22.05.2026
(Area in lakh ha.)
|----------|----------------------------|---------------------|---------------------------------|--------------------|-------------------------------------------------------------------------------------------------------|,Wheat is 100% harvested in Punjab.",
46763,Wheat,Uttar Pradesh,2026-05-25,Harvesting,None Reported,None Reported,None Reported,,,1,0.9,,Wheat is 100% harvested in Uttar Pradesh.,
46231,Crop,Maharashtra,2026-05-18,Active Growth,None Reported,None Reported,None Reported,,,1,0.9,,,
46255,Crop,Punjab,2026-05-18,Active Growth,Haryana,None Reported,Haryana,,,1,0.9,,,
46294,Groundnut,Andhra Pradesh,2026-05-18,Harvesting,None Reported,None Reported,None Reported,,,1,0.9,,Groundnut is 100% harvested in Andhra Pradesh.,
46299,Groundnut,Bihar,2026-05-18,Harvesting,None Reported,None Reported,None Reported,,,1,0.9,,Groundnut is 100% harvested in Bihar.,
46307,Groundnut,Karnataka,2026-05-18,Harvesting,None Reported,None Reported,None Reported,,,1,0.9,,Groundnut is 100% harvested in Karnataka.,
46310,Groundnut,Kerala,2026-05-18,Harvesting,None Reported,None Reported,None Reported,,,1,0.9,,Groundnut is 100% harvested in Kerala.,
46318,Groundnut,Odisha,2026-05-18,Harvesting,None Reported,None Reported,None Reported,,,1,0.9,,Groundnut is 100% harvested in Odisha.,
46326,Groundnut,Tamil Nadu,2026-05-18,Harvesting,None Reported,None Reported,None Reported,,,1,0.9,,Groundnut in Tamil Nadu has 90% harvested.,
46334,Groundnut,Telangana,2026-05-18,Harvesting,None Reported,None Reported,None Reported,,,1,0.9,,Groundnut is 100% harvested in Telangana.,
46338,Groundnut,Uttar Pradesh,2026-05-18,Harvesting,None Reported,None Reported,None Reported,,,1,0.9,,"| 5                                                             | Oilseeds                                                      | 86.78                                                         | 97.19                                                         | 99.87                                                         |                                                                                                                                                     |
| a                                                             | Rapeseed & Mustard                                            | 79.17                                                         | 89.36                                                         | 100.00                                                        | 100% harvested in all states.                                                                                                                       |",
46341,Groundnut,West Bengal,2026-05-18,Harvesting,None Reported,None Reported,None Reported,,,1,0.9,,Groundnut is 100% harvested in West Bengal.,
46396,Maize,Andhra Pradesh,2026-05-18,Harvesting,None Reported,None Reported,None Reported,,,1,0.9,,Maize in Andhra Pradesh has 85% harvested.,
46404,Maize,Bihar,2026-05-18,Harvesting,None Reported,None Reported,None Reported,,,2,0.9,,"Maize in Bihar has 95% harvested.,Maize is 100% harvested in Bihar.",
46410,Maize,Chhattisgarh,2026-05-18,Harvesting,None Reported,None Reported,None Reported,,,2,0.9,,"Maize in Chhattisgarh has 95% harvested.,Maize is 100% harvested in Chhattisgarh.",
46420,Maize,Gujarat,2026-05-18,Harvesting,None Reported,None Reported,None Reported,,,1,0.9,,Maize is 100% harvested in Gujarat.,
46423,Maize,Haryana,2026-05-18,Harvesting,None Reported,None Reported,None Reported,,,1,0.9,,Maize is 100% harvested in Haryana.,
46431,Maize,Karnataka,2026-05-18,Harvesting,None Reported,None Reported,None Reported,,,1,0.9,,Maize is 100% harvested in Karnataka.,
46439,Maize,Madhya Pradesh,2026-05-18,Harvesting,None Reported,None Reported,None Reported,,,1,0.9,,Maize is 100% harvested in Madhya Pradesh.,
46452,Maize,Maharashtra,2026-05-18,Harvesting,None Reported,None Reported,None Reported,,,1,0.9,,Maize is 100% harvested in Maharashtra.,
46456,Maize,Punjab,2026-05-18,Harvesting,None Reported,None Reported,None Reported,,,1,0.9,,Maize in Punjab has 97% harvested.,
46464,Maize,Rajasthan,2026-05-18,Harvesting,None Reported,None Reported,None Reported,,,1,0.9,,Maize is 100% harvested in Rajasthan.,
46483,Maize,Uttar Pradesh,2026-05-18,Harvesting,None Reported,None Reported,None Reported,,,1,0.9,,Maize in Uttar Pradesh has 95% harvested.,
46542,Oilseeds,Tamil Nadu,2026-05-18,Harvesting,None Reported,None Reported,None Reported,,,1,0.9,,"| f                                                             | Linseed                                                       | 1.93                                                          | 1.99                                                          | 100.00                                                        | 100% harvested in all states.                                                                                                                       |
| g                                                             | Other Oilseeds                                                | 0.00                                                          | 0.40                                                          | 100.00                                                        | Harvesting is going on in afull swing.                                                                                                              |
|                                                               | Total Crops                                                   | 637.81                                                        | 680.18                                                        | 96.86                                                         |                                                                                                                                                     |
Source: Crops Division, DoA&amp;FW.",
46555,Rice,All India,2026-05-18,Sowing,As On 15.05.2026,None Reported,As On 15.05.2026,,,2,0.9," As on May 15, 2026, the area sown under summer crops is 83.08 lakh ha as compared to 80.01 lakh ha during the corresponding period of last year.  Of this, area of 31.05 lakh ha has been sown under Rice this year. There is also an increase in the area sown under Maize by about 1.50 lakh ha so far from the last 5-years average.
-","As on 15.05.2026, 96.86% of area has been harvested for Rabi crops all over India. Pulses harvest has been completed; 99.87% area of Oilseeds- majorly in Rapeseed &amp; Mustard (100%); 98.62% area of Shri Anna cum Coarse Cereals- majorly in Jowar (99.66%), 72.70% area of Rice and 98.80% area of Wheat has been harvested for Rabi crops 2025-26.",
46565,Rice,Andhra Pradesh,2026-05-18,Harvesting,None Reported,None Reported,None Reported,,,1,0.9,,Rice in Andhra Pradesh has 75% harvested.,
46580,Rice,Kerala,2026-05-18,Harvesting,None Reported,None Reported,None Reported,,,1,0.9,,Rice in Kerala has 98% harvested.,
46594,Rice,Tamil Nadu,2026-05-18,Harvesting,None Reported,None Reported,None Reported,,,1,0.9,,Rice in Tamil Nadu has 90% harvested.,
46601,Rice,Telangana,2026-05-18,Harvesting,None Reported,None Reported,None Reported,,,1,0.9,,Rice in Telangana has 52% harvested.,
46648,Sesame (Sesamum),Tamil Nadu,2026-05-18,Harvesting,None Reported,None Reported,None Reported,,,1,0.9,,Sesame (Sesamum) is 100% harvested in Tamil Nadu.,
46652,Sesame (Sesamum),Telangana,2026-05-18,Harvesting,None Reported,None Reported,None Reported,,,1,0.9,,| d                                                             | Sunflower *                                                   | 0.79                                                          | 0.70                                                          | 100.00                                                        | 100% harvested in all states.                                                                                                                       |,
46663,Sorghum (Jowar),Andhra Pradesh,2026-05-18,Harvesting,None Reported,None Reported,None Reported,,,1,0.9,,Sorghum (Jowar) in Andhra Pradesh has 96% harvested.,
46668,Sorghum (Jowar),Gujarat,2026-05-18,Harvesting,None Reported,None Reported,None Reported,,,1,0.9,,Sorghum (Jowar) is 100% harvested in Gujarat.,
46676,Sorghum (Jowar),Karnataka,2026-05-18,Harvesting,None Reported,None Reported,None Reported,,,1,0.9,,Sorghum (Jowar) is 100% harvested in Karnataka.,
46684,Sorghum (Jowar),Maharashtra,2026-05-18,Harvesting,None Reported,None Reported,None Reported,,,1,0.9,,Sorghum (Jowar) is 100% harvested in Maharashtra.,
46692,Sorghum (Jowar),Tamil Nadu,2026-05-18,Harvesting,None Reported,None Reported,None Reported,,,1,0.9,,Sorghum (Jowar) is 100% harvested in Tamil Nadu.,
46700,Sorghum (Jowar),Telangana,2026-05-18,Harvesting,None Reported,None Reported,None Reported,,,2,0.9,,"| 3                                                             | Pulses                                                        | 140.42                                                        | 139.55                                                        | 100.00                                                        |                                                                                                                                                     |
| a                                                             | Gram                                                          | 100.99                                                        | 96.20                                                         | 100.00                                                        | 100% Harvesting has been completed in all states.                                                                                                   |
| b                                                             | Lentil                                                        | 15.13                                                         | 18.12                                                         | 100.00                                                        | 100% Harvesting has been completed in all states.                                                                                                   |
| e                                                             | Urdbean *                                                     | 6.16                                                          | 6.06                                                          | 100.00                                                        | 100% Harvesting has been completed in all states.                                                                                                   |
| f                                                             | Moongbean *                                                   | 1.41                                                          | 0.99                                                          | 100.00                                                        | 100% Harvesting has been completed in all states.                                                                                                   |
| h                                                             | Other Pulses $                                                | 16.73                                                         | 20.57                                                         | 100.00                                                        | 100% Harvesting has been completed in all states.                                                                                                   |
| 4                                                             | Shri Anna & Coarse cereals                                    | 55.33                                                         | 60.93                                                         | 98.62                                                         |                                                                                                                                                     |,Sorghum (Jowar) in Telangana has 98% harvested.",
46753,Wheat,Punjab,2026-05-18,Harvesting,None Reported,None Reported,None Reported,,,2,0.9,," Rice : About 31.05 lakh ha area coverage under Summer Rice has been reported as compared to 32.42 lakh ha during the corresponding period of last year.
-
Pulses : About 24.97 lakh ha area coverage has been reported compared to 23.76 lakh ha during the corresponding period of last year.
-
Oilseeds : About 11.04 lakh ha area coverage has been reported compared to 9.58 lakh ha during the corresponding period of last year.
| Progress of Area coverage under Summer crops as on 15.05.2026 (In lakh hectare)   | Progress of Area coverage under Summer crops as on 15.05.2026 (In lakh hectare)   | Progress of Area coverage under Summer crops as on 15.05.2026 (In lakh hectare)   | Progress of Area coverage under Summer crops as on 15.05.2026 (In lakh hectare)   | Progress of Area coverage under Summer crops as on 15.05.2026 (In lakh hectare)   | Progress of Area coverage under Summer crops as on 15.05.2026 (In lakh hectare)   | Progress of Area coverage under Summer crops as on 15.05.2026 (In lakh hectare)   |
|-----------------------------------------------------------------------------------|-----------------------------------------------------------------------------------|-----------------------------------------------------------------------------------|-----------------------------------------------------------------------------------|-----------------------------------------------------------------------------------|-----------------------------------------------------------------------------------|-----------------------------------------------------------------------------------|
| Sl. No.                                                                           | Crops                                                                             | Normal Summer Area (DES)*                                                         | Final Summer Area 2025                                                            | Area Sown                                                                         | Area Sown                                                                         | Increase/ Decrease over corresponding period of Last year                         |
| Sl. No.                                                                           | Crops                                                                             | Normal Summer Area (DES)*                                                         | Final Summer Area 2025                                                            | Current Year (2026)                                                               | Corresponding period of Last Year (2025)                                          | Increase/ Decrease over corresponding period of Last year                         |
| 1                                                                                 | Rice                                                                              | 31.49                                                                             | 33.28                                                                             | 31.05                                                                             | 32.42                                                                             |
1.36                                                                             |
| 2                                                                                 | Pulses                                                                            | 23.40                                                                             | 27.07                                                                             | 24.97                                                                             | 23.76                                                                             | 1.21                                                                              |
| a                                                                                 | Greengram                                                                         | 20.44                                                                             | 23.49                                                                             | 20.07                                                                             | 20.00                                                                             | 0.07                                                                              |
| b                                                                                 | Blackgram                                                                         | 2.96                                                                              | 3.26                                                                              | 4.60                                                                              | 3.58                                                                              | 1.02                                                                              |
| c                                                                                 | Other Pulses                                                                      | 0.00                                                                              |
| 0.30                                                                              | 0.19                                                                              | 0.11                                                                              |
| 3                                                                                 | Shree Anna cum Coarse Cereals                                                     | 12.08                                                                             | 14.06                                                                             | 16.01                                                                             | 14.25                                                                             | 1.77                                                                              |
| a                                                                                 | Jowar                                                                             | 0.34                                                                              | 0.36                                                                              | 0.37                                                                              | 0.36                                                                              | 0.01                                                                              |
| b                                                                                 | Bajra                                                                             | 4.43                                                                              | 5.20                                                                              | 5.40                                                                              | 5.20                                                                              | 0.20                                                                              |
| c                                                                                 | Ragi                                                                              | 0.31                                                                              |
| 0.22                                                                              | 0.16                                                                              | 0.06                                                                              |
| d                                                                                 | Small Millets                                                                     | 0.02                                                                              |
| 0.03                                                                              | 0.03                                                                              | 0.00                                                                              |
| e                                                                                 | Maize                                                                             | 6.98                                                                              | 8.50                                                                              | 10.00                                                                             | 8.50                                                                              | 1.50                                                                              |
| 4                                                                                 | Oilseeds                                                                          | 8.40                                                                              | 9.51                                                                              | 11.04                                                                             | 9.58                                                                              | 1.47                                                                              |
| a                                                                                 | Groundnut                                                                         | 3.40                                                                              | 4.20                                                                              | 5.51                                                                              | 4.20                                                                              | 1.31                                                                              |
| b                                                                                 | Sunflower                                                                         | 0.34                                                                              | 0.35                                                                              | 0.39                                                                              | 0.35                                                                              | 0.04                                                                              |
| c                                                                                 | Sesamum                                                                           | 4.66                                                                              | 4.96                                                                              | 5.07                                                                              | 4.96                                                                              | 0.11                                                                              |
| d                                                                                 | Other Oilseeds                                                                    | 0.00                                                                              |
| 0.07                                                                              | 0.06                                                                              | 0.00                                                                              |
| Total                                  | 75.37                                  | 83.92   | 83.08   | 80.01   | 3.07   |
|----------------------------------------|----------------------------------------|---------|---------|---------|--------|
| * Normal area from 2022-23 to 2024-25. | * Normal area from 2022-23 to 2024-25. |         |         |         |        |
| Source: Crop Division, DoA&FW, MoA&FW  | Source: Crop Division, DoA&FW, MoA&FW  |         |         |         |        |
| SOWING AND HARVESTING STATUS OF RABI CROPS AS ON 15.05.2026   | SOWING AND HARVESTING STATUS OF RABI CROPS AS ON 15.05.2026   | SOWING AND HARVESTING STATUS OF RABI CROPS AS ON 15.05.2026   | SOWING AND HARVESTING STATUS OF RABI CROPS AS ON 15.05.2026   | SOWING AND HARVESTING STATUS OF RABI CROPS AS ON 15.05.2026   | SOWING AND HARVESTING STATUS OF RABI CROPS AS ON 15.05.2026                                                                                         |
|---------------------------------------------------------------|---------------------------------------------------------------|---------------------------------------------------------------|---------------------------------------------------------------|---------------------------------------------------------------|-----------------------------------------------------------------------------------------------------------------------------------------------------|,Wheat is 100% harvested in Punjab.",
46762,Wheat,Uttar Pradesh,2026-05-18,Harvesting,None Reported,None Reported,None Reported,,,1,0.9,,Wheat is 100% harvested in Uttar Pradesh.,
46218,Crop,Gujarat,2026-05-11,Active Growth,Gujarat; Vidarbha,None Reported,Gujarat; Vidarbha,,,2,0.9,,,
46293,Groundnut,Andhra Pradesh,2026-05-11,Harvesting,None Reported,None Reported,None Reported,,,1,0.9,,Groundnut is 100% harvested in Andhra Pradesh.,
46298,Groundnut,Bihar,2026-05-11,Harvesting,None Reported,None Reported,None Reported,,,1,0.9,,Groundnut is 100% harvested in Bihar.,
46306,Groundnut,Karnataka,2026-05-11,Harvesting,None Reported,None Reported,None Reported,,,1,0.9,,Groundnut is 100% harvested in Karnataka.,
46309,Groundnut,Kerala,2026-05-11,Harvesting,None Reported,None Reported,None Reported,,,1,0.9,,Groundnut is 100% harvested in Kerala.,
46317,Groundnut,Odisha,2026-05-11,Harvesting,None Reported,None Reported,None Reported,,,1,0.9,,Groundnut is 100% harvested in Odisha.,
46325,Groundnut,Tamil Nadu,2026-05-11,Harvesting,None Reported,None Reported,None Reported,,,2,0.9,,"Groundnut in Tamil Nadu has 90% harvested.,|    |                |        |        |        | harvested.                                            |
|----|----------------|--------|--------|--------|-------------------------------------------------------|",
46333,Groundnut,Telangana,2026-05-11,Harvesting,None Reported,None Reported,None Reported,,,1,0.9,,Groundnut is 100% harvested in Telangana.,
46337,Groundnut,Uttar Pradesh,2026-05-11,Harvesting,None Reported,None Reported,None Reported,,,1,0.9,,"| 5        | Oilseeds                   |               86.78 |                           97.19 |              99.87 |                                                                                                                                                         |
| a        | Rapeseed & Mustard         |               79.17 |                           89.36 |             100.00 | 100% harvested in all states.                                                                                                                           |",
46340,Groundnut,West Bengal,2026-05-11,Harvesting,None Reported,None Reported,None Reported,,,1,0.9,,Groundnut is 100% harvested in West Bengal.,
46395,Maize,Andhra Pradesh,2026-05-11,Harvesting,None Reported,None Reported,None Reported,,,1,0.9,,Maize in Andhra Pradesh has 85% harvested.,
46403,Maize,Bihar,2026-05-11,Harvesting,None Reported,None Reported,None Reported,,,2,0.9,,"Maize in Bihar has 95% harvested.,Maize is 100% harvested in Bihar.",
46409,Maize,Chhattisgarh,2026-05-11,Harvesting,None Reported,None Reported,None Reported,,,2,0.9,,"Maize in Chhattisgarh has 95% harvested.,Maize is 100% harvested in Chhattisgarh.",
46419,Maize,Gujarat,2026-05-11,Harvesting,None Reported,None Reported,None Reported,,,1,0.9,,Maize is 100% harvested in Gujarat.,
46422,Maize,Haryana,2026-05-11,Harvesting,None Reported,None Reported,None Reported,,,1,0.9,,Maize is 100% harvested in Haryana.,
46430,Maize,Karnataka,2026-05-11,Harvesting,None Reported,None Reported,None Reported,,,1,0.9,,Maize is 100% harvested in Karnataka.,
46438,Maize,Madhya Pradesh,2026-05-11,Harvesting,None Reported,None Reported,None Reported,,,1,0.9,,Maize is 100% harvested in Madhya Pradesh.,
46451,Maize,Maharashtra,2026-05-11,Harvesting,None Reported,None Reported,None Reported,,,1,0.9,,Maize is 100% harvested in Maharashtra.,
46455,Maize,Punjab,2026-05-11,Harvesting,None Reported,None Reported,None Reported,,,1,0.9,,Maize in Punjab has 97% harvested.,
46463,Maize,Rajasthan,2026-05-11,Harvesting,None Reported,None Reported,None Reported,,,1,0.9,,Maize is 100% harvested in Rajasthan.,
46469,Maize,Tamil Nadu,2026-05-11,Harvesting,None Reported,None Reported,None Reported,,,1,0.9,,Maize is 100% harvested in Tamil Nadu.,
46482,Maize,Uttar Pradesh,2026-05-11,Harvesting,None Reported,None Reported,None Reported,,,2,0.9,,"Maize is 100% harvested in Uttar Pradesh.,Maize in Uttar Pradesh has 95% harvested.",
46523,Oilseeds,Gujarat,2026-05-11,Sowing,None Reported,None Reported,None Reported,,,1,0.9," Rice : About 31.05 lakh ha area coverage under Summer Rice has been reported as compared to 32.42 lakh ha during the corresponding period of last year.
-
Pulses : About 24.97 lakh ha area coverage has been reported compared to 23.76 lakh ha during the corresponding period of last year.
-
Oilseeds : About 11.04 lakh ha area coverage has been reported compared to 9.58 lakh ha during the corresponding period of last year.
| Progress of Area coverage under Summer crops as on 08.05.2026   | Progress of Area coverage under Summer crops as on 08.05.2026   | Progress of Area coverage under Summer crops as on 08.05.2026   | Progress of Area coverage under Summer crops as on 08.05.2026   | Progress of Area coverage under Summer crops as on 08.05.2026   | Progress of Area coverage under Summer crops as on 08.05.2026   | Progress of Area coverage under Summer crops as on 08.05.2026               |
|-----------------------------------------------------------------|-----------------------------------------------------------------|-----------------------------------------------------------------|-----------------------------------------------------------------|-----------------------------------------------------------------|-----------------------------------------------------------------|-----------------------------------------------------------------------------|
| Sl. No.                                                         | Crops                                                           | Normal Summer Area (DES)*                                       | Final Summer Area 2025                                          | Area Sown                                                       | Area Sown                                                       | (In lakh hectare) Increase/ Decrease over corresponding period of Last year |
| Sl. No.                                                         | Crops                                                           | Normal Summer Area (DES)*                                       | Final Summer Area 2025                                          | Current Year (2026)                                             | Corresponding period of Last Year (2025)                        | (In lakh hectare) Increase/ Decrease over corresponding period of Last year |
| 1                                                               | Rice                                                            | 31.49                                                           | 33.28                                                           | 31.05                                                           | 32.42                                                           |
1.36                                                                       |
| 2                                                               | Pulses                                                          | 23.40                                                           | 27.07                                                           | 24.97                                                           | 23.76                                                           | 1.21                                                                        |
| a                                                               | Greengram                                                       | 20.44                                                           | 23.49                                                           | 20.07                                                           | 20.00                                                           | 0.07                                                                        |
| b                                                               | Blackgram                                                       | 2.96                                                            | 3.26                                                            | 4.60                                                            | 3.58                                                            | 1.02                                                                        |
| c                                                               | Other Pulses                                                    | 0.00                                                            |
| 0.30                                                            | 0.19                                                            | 0.11                                                                        |
| 3                                                               | Shree Anna cum Coarse Cereals                                   | 12.08                                                           | 14.06                                                           | 16.01                                                           | 14.25                                                           | 1.77                                                                        |
| a                                                               | Jowar                                                           | 0.34                                                            | 0.36                                                            | 0.37                                                            | 0.36                                                            | 0.01                                                                        |
| b                                                               | Bajra                                                           | 4.43                                                            | 5.20                                                            | 5.40                                                            | 5.20                                                            | 0.20                                                                        |
| c                                                               | Ragi                                                            | 0.31                                                            |
| 0.22                                                            | 0.16                                                            | 0.06                                                                        |
| d                                                               | Small Millets                                                   | 0.02                                                            |
| 0.03                                                            | 0.03                                                            | 0.00                                                                        |
| e                                                               | Maize                                                           | 6.98                                                            | 8.50                                                            | 10.00                                                           | 8.50                                                            | 1.50                                                                        |
| 4                                                               | Oilseeds                                                        | 8.40                                                            | 9.51                                                            | 11.04                                                           | 9.58                                                            | 1.47                                                                        |
| a                                                               | Groundnut                                                       | 3.40                                                            | 4.20                                                            | 5.51                                                            | 4.20                                                            | 1.31                                                                        |
| b                                                               | Sunflower                                                       | 0.34                                                            | 0.35                                                            | 0.39                                                            | 0.35                                                            | 0.04                                                                        |
| c     | Sesamum        |   4.66 | 4.96   |   5.07 |   4.96 |   0.11 |
|-------|----------------|--------|--------|--------|--------|--------|
| d     | Other Oilseeds |   0.00 |
|   0.07 |   0.06 |   0.00 |
| Total | Total          |  75.37 | 83.92  |  83.08 |  80.01 |   3.07 |
Source: Crop Division, DoA&amp;FW, MoA&amp;FW",,
46541,Oilseeds,Tamil Nadu,2026-05-11,Harvesting,None Reported,None Reported,None Reported,,,1,0.9,,"| f  | Linseed        |   1.93 |   1.99 | 100.00 | 100% harvested in all states.                         |
| g  | Other Oilseeds |   0.00 |   0.40 | 100.00 | Harvesting is going on in afull swing.                |
|    | Total Crops    | 637.81 | 680.18 |  96.36 |                                                       |
Source: Crops Division, DoA&amp;FW.",
46554,Rice,All India,2026-05-11,Sowing,As On 08.05.2026,None Reported,As On 08.05.2026,,,2,0.9," As on May 08, 2026, the area sown under summer crops is 83.08 lakh ha as compared to 80.01 lakh ha during the corresponding period of last year.  Of this, area of 31.05 lakh ha has been sown under Rice this year.
-","As on 08.05.2026, 96.36% of area has been harvested for Rabi crops all over India. 100% area of Pulses has been completed; 99.87% area of Oilseeds majorly in Rapeseed &amp; Mustard (100%); 98.02% area of Shri Anna cum Coarse Cereals majorly in Jowar (99.66%), 65.70% area of Rice and 98.00% area of Wheat has been harvested for rabi crops 2025-26.",
46564,Rice,Andhra Pradesh,2026-05-11,Harvesting,None Reported,None Reported,None Reported,,,1,0.9,,Rice in Andhra Pradesh has 70% harvested.,
46579,Rice,Kerala,2026-05-11,Harvesting,None Reported,None Reported,None Reported,,,1,0.9,,Rice in Kerala has 97% harvested.,
46593,Rice,Tamil Nadu,2026-05-11,Harvesting,None Reported,None Reported,None Reported,,,1,0.9,,Rice in Tamil Nadu has 89% harvested.,
46600,Rice,Telangana,2026-05-11,Harvesting,None Reported,None Reported,None Reported,,,1,0.9,,Rice in Telangana has 50% harvested.,
46647,Sesame (Sesamum),Tamil Nadu,2026-05-11,Harvesting,None Reported,None Reported,None Reported,,,1,0.9,,Sesame (Sesamum) is 100% harvested in Tamil Nadu.,
46651,Sesame (Sesamum),Telangana,2026-05-11,Harvesting,None Reported,None Reported,None Reported,,,1,0.9,,| d  | Sunflower *    |   0.79 |   0.70 | 100.00 | 100% harvested in all states.                         |,
46662,Sorghum (Jowar),Andhra Pradesh,2026-05-11,Harvesting,None Reported,None Reported,None Reported,,,1,0.9,,Sorghum (Jowar) in Andhra Pradesh has 96% harvested.,
46667,Sorghum (Jowar),Gujarat,2026-05-11,Harvesting,None Reported,None Reported,None Reported,,,1,0.9,,Sorghum (Jowar) is 100% harvested in Gujarat.,
46675,Sorghum (Jowar),Karnataka,2026-05-11,Harvesting,None Reported,None Reported,None Reported,,,1,0.9,,Sorghum (Jowar) is 100% harvested in Karnataka.,
46683,Sorghum (Jowar),Maharashtra,2026-05-11,Harvesting,None Reported,None Reported,None Reported,,,1,0.9,,Sorghum (Jowar) is 100% harvested in Maharashtra.,
46691,Sorghum (Jowar),Tamil Nadu,2026-05-11,Harvesting,None Reported,None Reported,None Reported,,,1,0.9,,Sorghum (Jowar) is 100% harvested in Tamil Nadu.,
46699,Sorghum (Jowar),Telangana,2026-05-11,Harvesting,None Reported,None Reported,None Reported,,,2,0.9,,"| 3        | Pulses                     |              140.42 |                          139.55 |             100.00 |                                                                                                                                                         |
| a        | Gram                       |              100.99 |                           96.20 |             100.00 | 100% Harvesting has been completed in all states.                                                                                                       |
| b        | Lentil                     |               15.13 |                           18.12 |             100.00 | 100% Harvesting has been completed in all states.                                                                                                       |
| e        | Urdbean *                  |                6.16 |                            6.06 |             100.00 | 100% Harvesting has been completed in all states.                                                                                                       |
| f        | Moongbean *                |                1.41 |                            0.99 |             100.00 | 100% Harvesting has been completed in all states.                                                                                                       |
| h        | Other Pulses $             |               16.73 |                           20.57 |             100.00 | 100% Harvesting has been completed in all states.                                                                                                       |
| 4        | Shri Anna & Coarse cereals |               55.33 |                           60.93 |              98.02 |                                                                                                                                                         |,Sorghum (Jowar) in Telangana has 98% harvested.",
46734,Wheat,Gujarat,2026-05-11,Active Growth,None Reported,None Reported,None Reported,,,1,0.7,,,(Area in lakh ha.) ---------- ---------------------------- --------------------- --------------------------------- -------------------- ---------------------------------------------------------------------------------------------------------------------------------------------------------
46752,Wheat,Punjab,2026-05-11,Harvesting,None Reported,None Reported,None Reported,,,1,0.9,,Wheat is 100% harvested in Punjab.,
46761,Wheat,Uttar Pradesh,2026-05-11,Harvesting,None Reported,None Reported,None Reported,,,1,0.9,,Wheat is 100% harvested in Uttar Pradesh.,
46244,Crop,Odisha,2026-05-04,Active Growth,Along The  West  Coast,None Reported,Along The  West  Coast,,,1,0.9,,,
46264,Crop,West Bengal,2026-05-04,Active Growth,Jharkhand,None Reported,Jharkhand,,,1,0.9,,,
46292,Groundnut,Andhra Pradesh,2026-05-04,Harvesting,None Reported,None Reported,None Reported,,,1,0.9,,Groundnut is 100% harvested in Andhra Pradesh.,
46297,Groundnut,Bihar,2026-05-04,Harvesting,None Reported,None Reported,None Reported,,,1,0.9,,Groundnut is 100% harvested in Bihar.,
46305,Groundnut,Karnataka,2026-05-04,Harvesting,None Reported,None Reported,None Reported,,,1,0.9,,Groundnut is 100% harvested in Karnataka.,
46308,Groundnut,Kerala,2026-05-04,Harvesting,None Reported,None Reported,None Reported,,,1,0.9,,Groundnut is 100% harvested in Kerala.,
46316,Groundnut,Odisha,2026-05-04,Harvesting,None Reported,None Reported,None Reported,,,1,0.9,,Groundnut is 100% harvested in Odisha.,
46324,Groundnut,Tamil Nadu,2026-05-04,Harvesting,None Reported,None Reported,None Reported,,,1,0.9,,Groundnut in Tamil Nadu has 90% harvested.,
46332,Groundnut,Telangana,2026-05-04,Harvesting,None Reported,None Reported,None Reported,,,1,0.9,,Groundnut is 100% harvested in Telangana.,
46336,Groundnut,Uttar Pradesh,2026-05-04,Harvesting,None Reported,None Reported,None Reported,,,2,0.9,,"| 5   | Oilseeds           |   86.78 |   97.19 |   99.87 | Overall around 98% area has been harvested mainly in Rapeseed & Mustard (100%), Groundnut (45%), Safflower (83%), Sunflower (89%), Linseed (99%), etc has already been harvested.   |,|-----|--------------------|---------|---------|---------|-------------------------------------------------------------------------------------------------------------------------------------------------------------------------------------|
| a   | Rapeseed & Mustard |   79.17 |   89.36 |  100.00 | 100% harvested in all states.                                                                                                                                                       |",
46339,Groundnut,West Bengal,2026-05-04,Harvesting,None Reported,None Reported,None Reported,,,1,0.9,,Groundnut is 100% harvested in West Bengal.,
46394,Maize,Andhra Pradesh,2026-05-04,Harvesting,None Reported,None Reported,None Reported,,,1,0.9,,Maize in Andhra Pradesh has 75% harvested.,
46402,Maize,Bihar,2026-05-04,Harvesting,None Reported,None Reported,None Reported,,,2,0.9,,"Maize in Bihar has 95% harvested.,Maize is 100% harvested in Bihar.",
46408,Maize,Chhattisgarh,2026-05-04,Harvesting,None Reported,None Reported,None Reported,,,2,0.9,,"Maize in Chhattisgarh has 95% harvested.,Maize is 100% harvested in Chhattisgarh.",
46418,Maize,Gujarat,2026-05-04,Harvesting,None Reported,None Reported,None Reported,,,1,0.9,,Maize is 100% harvested in Gujarat.,
46421,Maize,Haryana,2026-05-04,Harvesting,None Reported,None Reported,None Reported,,,1,0.9,,Maize is 100% harvested in Haryana.,
46429,Maize,Karnataka,2026-05-04,Harvesting,None Reported,None Reported,None Reported,,,1,0.9,,Maize is 100% harvested in Karnataka.,
46437,Maize,Madhya Pradesh,2026-05-04,Harvesting,None Reported,None Reported,None Reported,,,1,0.9,,Maize is 100% harvested in Madhya Pradesh.,
46450,Maize,Maharashtra,2026-05-04,Harvesting,None Reported,None Reported,None Reported,,,1,0.9,,Maize is 100% harvested in Maharashtra.,
46454,Maize,Punjab,2026-05-04,Harvesting,None Reported,None Reported,None Reported,,,1,0.9,,Maize in Punjab has 97% harvested.,
46462,Maize,Rajasthan,2026-05-04,Harvesting,None Reported,None Reported,None Reported,,,1,0.9,,Maize is 100% harvested in Rajasthan.,
46475,Maize,Telangana,2026-05-04,Harvesting,None Reported,None Reported,None Reported,,,2,0.9,,"| 3        | Pulses                     |              140.42 |                         139.55 |             100.00 | 100% Harvesting has been completed in all states.                                                                                                     |
| a        | Gram                       |              100.99 |                          96.20 |             100.00 | 100% Harvesting has been completed in all states.                                                                                                     |
| b        | Lentil                     |               15.13 |                          18.12 |             100.00 | 100% Harvesting has been completed in all states.                                                                                                     |
| e        | Urdbean *                  |                6.16 |                           6.06 |             100.00 | 100% Harvesting has been completed in all states.                                                                                                     |
| f        | Moongbean *                |                1.41 |                           0.99 |             100.00 | 100% Harvesting has been completed in all states.                                                                                                     |
| h        | Other Pulses $             |               16.73 |                          20.57 |             100.00 | 100% Harvesting has been completed in all states.                                                                                                     |,| 4        | Shri Anna & Coarse cereals |               55.33 |                          60.93 |              96.22 | Overall around 82% area has been harvested mainly in Jowar (98%), Maize (93%), Barley (84%), etc has already been harvested.                          |",
46481,Maize,Uttar Pradesh,2026-05-04,Harvesting,None Reported,None Reported,None Reported,,,1,0.9,,Maize in Uttar Pradesh has 95% harvested.,
46540,Oilseeds,Tamil Nadu,2026-05-04,Harvesting,None Reported,None Reported,None Reported,,,1,0.9,,"| f   | Linseed            |    1.93 |    1.99 |  100.00 | 100% harvested in all states.                                                                                                                                                       |
| g   | Other Oilseeds     |    0.00 |    0.40 |   99.11 | Harvesting is going on in afull swing.                                                                                                                                              |
|     | Total Crops        |  637.81 |  680.18 |   95.25 |                                                                                                                                                                                     |
Source: Crops Division, DoA&amp;FW.",
46544,Oilseeds,West Bengal,2026-05-04,Sowing,None Reported,None Reported,None Reported,,,1,0.9," Rice : About 31.05 lakh ha area coverage under Summer Rice has been reported as compared to 32.42 lakh ha during the corresponding period of last year.
-
Pulses : About 23.49 lakh ha area coverage has been reported compared to 22.76 lakh ha during the corresponding period of last year.
-
Oilseeds : About 11.04 lakh ha area coverage has been reported compared to 9.58 lakh ha during the corresponding period of last year.
| Progress of Area coverage under Summer crops as on 01.05.2026   | Progress of Area coverage under Summer crops as on 01.05.2026   | Progress of Area coverage under Summer crops as on 01.05.2026   | Progress of Area coverage under Summer crops as on 01.05.2026   | Progress of Area coverage under Summer crops as on 01.05.2026   | Progress of Area coverage under Summer crops as on 01.05.2026   | Progress of Area coverage under Summer crops as on 01.05.2026                |
|-----------------------------------------------------------------|-----------------------------------------------------------------|-----------------------------------------------------------------|-----------------------------------------------------------------|-----------------------------------------------------------------|-----------------------------------------------------------------|------------------------------------------------------------------------------|
| Sl. No.                                                         | Crops                                                           | Normal Summer Area (DES)*                                       | Final Summer Area 2025                                          | Area Sown                                                       | Area Sown                                                       | ( In lakh hectare) Increase/ Decrease over corresponding period of Last year |
| Sl. No.                                                         | Crops                                                           | Normal Summer Area (DES)*                                       | Final Summer Area 2025                                          | Current Year (2026)                                             | Corresponding period of Last Year (2025)                        | ( In lakh hectare) Increase/ Decrease over corresponding period of Last year |
| 1                                                               | Rice                                                            | 31.49                                                           | 33.28                                                           | 31.05                                                           | 32.42                                                           |
1.36                                                                        |
| 2                                                               | Pulses                                                          | 23.40                                                           | 27.07                                                           | 23.49                                                           | 22.76                                                           | 0.73                                                                         |
| a                                                               | Greengram                                                       | 20.44                                                           | 23.49                                                           | 18.99                                                           | 19.00                                                           |
0.01                                                                        |
| b                                                               | Blackgram                                                       | 2.96                                                            | 3.26                                                            | 4.20                                                            | 3.58                                                            | 0.62                                                                         |
| c                                                               | Other Pulses                                                    | 0.00                                                            |
| 0.30                                                            | 0.19                                                            | 0.11                                                                         |
| 3                                                               | Shree Anna cum Coarse Cereals                                   | 12.08                                                           | 14.06                                                           | 16.01                                                           | 14.25                                                           | 1.77                                                                         |
| a                                                               | Jowar                                                           | 0.34                                                            | 0.36                                                            | 0.37                                                            | 0.36                                                            | 0.01                                                                         |
| b                                                               | Bajra                                                           | 4.43                                                            | 5.20                                                            | 5.40                                                            | 5.20                                                            | 0.20                                                                         |
| c                                                               | Ragi                                                            | 0.31                                                            |
| 0.22                                                            | 0.16                                                            | 0.06                                                                         |
| d                                                               | Small Millets                                                   | 0.02                                                            |
| 0.03                                                            | 0.03                                                            | 0.00                                                                         |
| e                                                               | Maize                                                           | 6.98                                                            | 8.50                                                            | 10.00                                                           | 8.50                                                            | 1.50                                                                         |
| 4                                                               | Oilseeds                                                        | 8.40                                                            | 9.51                                                            | 11.04                                                           | 9.58                                                            | 1.47                                                                         |
| a                                                               | Groundnut                                                       | 3.40                                                            | 4.20                                                            | 5.51                                                            | 4.20                                                            | 1.31                                                                         |
| b                                                                            | Sunflower                                                                    | 0.34                                                                         | 0.35                                                                         | 0.39                                                                         | 0.35                                                                         | 0.04                                                                         |
|------------------------------------------------------------------------------|------------------------------------------------------------------------------|------------------------------------------------------------------------------|------------------------------------------------------------------------------|------------------------------------------------------------------------------|------------------------------------------------------------------------------|------------------------------------------------------------------------------|
| c                                                                            | Sesamum                                                                      | 4.66                                                                         | 4.96                                                                         | 5.07                                                                         | 4.96                                                                         | 0.11                                                                         |
| d                                                                            | Other Oilseeds                                                               | 0.00                                                                         |
| 0.07                                                                         | 0.06                                                                         | 0.00                                                                         |
| Total                                                                        | Total                                                                        | 75.37                                                                        | 83.92                                                                        | 81.59                                                                        | 79.00                                                                        | 2.60                                                                         |
| * Normal area from 2022-23 to 2024-25. Source: Crop Division, DoA&FW, MoA&FW | * Normal area from 2022-23 to 2024-25. Source: Crop Division, DoA&FW, MoA&FW | * Normal area from 2022-23 to 2024-25. Source: Crop Division, DoA&FW, MoA&FW | * Normal area from 2022-23 to 2024-25. Source: Crop Division, DoA&FW, MoA&FW | * Normal area from 2022-23 to 2024-25. Source: Crop Division, DoA&FW, MoA&FW | * Normal area from 2022-23 to 2024-25. Source: Crop Division, DoA&FW, MoA&FW | * Normal area from 2022-23 to 2024-25. Source: Crop Division, DoA&FW, MoA&FW |",,
46553,Rice,All India,2026-05-04,Sowing,As On 01.05.2026,None Reported,As On 01.05.2026,,,3,0.9," As on May 01, 2026, the area sown under summer crops is 81.60 lakh ha as compared to 79.00 lakh ha during the corresponding period of last year.  Of this, area of 31.05 lakh ha has been sown under Rice this year.
-","As on 01.05.2026, 95.25% of area has been harvested for Rabi crops all over India. 100% area of Pulses has been completed; 99.87% area of Oilseeds majorly in Rapeseed &amp; Mustard (100%); 96.22% area of Shri Anna cum Coarse Cereals majorly in Jowar (98.86%), 59.32% area of Rice and 97.00% area of Wheat has been harvested for rabi crops 2025-26.",
46563,Rice,Andhra Pradesh,2026-05-04,Harvesting,None Reported,None Reported,None Reported,,,1,0.9,,Rice in Andhra Pradesh has 65% harvested.,
46578,Rice,Kerala,2026-05-04,Harvesting,None Reported,None Reported,None Reported,,,1,0.9,,Rice in Kerala has 95% harvested.,
46592,Rice,Tamil Nadu,2026-05-04,Harvesting,None Reported,None Reported,None Reported,,,1,0.9,,Rice in Tamil Nadu has 88% harvested.,
46599,Rice,Telangana,2026-05-04,Harvesting,None Reported,None Reported,None Reported,,,1,0.9,,Rice in Telangana has 40% harvested.,
46608,Rice,Tripura,2026-05-04,Harvesting,None Reported,None Reported,None Reported,,,1,0.9,,Rice in Tripura has 80% harvested.,
46646,Sesame (Sesamum),Tamil Nadu,2026-05-04,Harvesting,None Reported,None Reported,None Reported,,,1,0.9,,Sesame (Sesamum) is 100% harvested in Tamil Nadu.,
46650,Sesame (Sesamum),Telangana,2026-05-04,Harvesting,None Reported,None Reported,None Reported,,,1,0.9,,| d   | Sunflower *        |    0.79 |    0.70 |   97.63 | 100% harvested in all states.                                                                                                                                                       |,
46661,Sorghum (Jowar),Andhra Pradesh,2026-05-04,Harvesting,None Reported,None Reported,None Reported,,,1,0.9,,Sorghum (Jowar) in Andhra Pradesh has 77% harvested.,
46666,Sorghum (Jowar),Gujarat,2026-05-04,Harvesting,None Reported,None Reported,None Reported,,,1,0.9,,Sorghum (Jowar) is 100% harvested in Gujarat.,
46674,Sorghum (Jowar),Karnataka,2026-05-04,Harvesting,None Reported,None Reported,None Reported,,,1,0.9,,Sorghum (Jowar) is 100% harvested in Karnataka.,
46682,Sorghum (Jowar),Maharashtra,2026-05-04,Harvesting,None Reported,None Reported,None Reported,,,1,0.9,,Sorghum (Jowar) is 100% harvested in Maharashtra.,
46690,Sorghum (Jowar),Tamil Nadu,2026-05-04,Harvesting,None Reported,None Reported,None Reported,,,1,0.9,,Sorghum (Jowar) is 100% harvested in Tamil Nadu.,
46698,Sorghum (Jowar),Telangana,2026-05-04,Harvesting,None Reported,None Reported,None Reported,,,1,0.9,,Sorghum (Jowar) in Telangana has 89% harvested.,
46730,Wheat,Bihar,2026-05-04,Harvesting,None Reported,None Reported,None Reported,,,1,0.9,,Wheat in Bihar has 98% harvested.,
46738,Wheat,Jharkhand,2026-05-04,Harvesting,None Reported,None Reported,None Reported,,,1,0.9,,Wheat in Jharkhand has 98% harvested.,
46764,Wheat,Uttarakhand,2026-05-04,Harvesting,None Reported,None Reported,None Reported,,,1,0.9,,Wheat in Uttarakhand has 90% harvested.,
46765,Wheat,West Bengal,2026-05-04,Active Growth,None Reported,None Reported,None Reported,,,1,0.7,,,(Area in lakh ha.) ---------- ---------------------------- --------------------- -------------------------------- -------------------- -------------------------------------------------------------------------------------------------------------------------------------------------------
46140,Bengal Gram (Gram/Chickpea),Andhra Pradesh,2026-04-27,Harvesting,None Reported,None Reported,None Reported,,,1,0.9,,Bengal Gram (Gram/Chickpea) is 100% harvested in Andhra Pradesh.,
46145,Bengal Gram (Gram/Chickpea),Chhattisgarh,2026-04-27,Harvesting,None Reported,None Reported,None Reported,,,1,0.9,,Bengal Gram (Gram/Chickpea) is 100% harvested in Chhattisgarh.,
46150,Bengal Gram (Gram/Chickpea),Gujarat,2026-04-27,Harvesting,None Reported,None Reported,None Reported,,,1,0.9,,Bengal Gram (Gram/Chickpea) is 100% harvested in Gujarat.,
46156,Bengal Gram (Gram/Chickpea),Karnataka,2026-04-27,Harvesting,None Reported,None Reported,None Reported,,,1,0.9,,Bengal Gram (Gram/Chickpea) in Karnataka has 95% harvested.,
46161,Bengal Gram (Gram/Chickpea),Madhya Pradesh,2026-04-27,Harvesting,None Reported,None Reported,None Reported,,,1,0.9,,Bengal Gram (Gram/Chickpea) in Madhya Pradesh has 90% harvested.,
46167,Bengal Gram (Gram/Chickpea),Maharashtra,2026-04-27,Harvesting,None Reported,None Reported,None Reported,,,1,0.9,,Bengal Gram (Gram/Chickpea) is 100% harvested in Maharashtra.,
46180,Bengal Gram (Gram/Chickpea),Rajasthan,2026-04-27,Harvesting,None Reported,None Reported,None Reported,,,1,0.9,,Bengal Gram (Gram/Chickpea) is 100% harvested in Rajasthan.,
46183,Bengal Gram (Gram/Chickpea),Telangana,2026-04-27,Harvesting,None Reported,None Reported,None Reported,,,1,0.9,,Bengal Gram (Gram/Chickpea) is 100% harvested in Telangana.,
46188,Bengal Gram (Gram/Chickpea),Uttar Pradesh,2026-04-27,Harvesting,None Reported,None Reported,None Reported,,,1,0.9,,Bengal Gram (Gram/Chickpea) in Uttar Pradesh has 98% harvested.,
46191,Bengal Gram (Gram/Chickpea),West Bengal,2026-04-27,Harvesting,None Reported,None Reported,None Reported,,,1,0.9,,Bengal Gram (Gram/Chickpea) is 100% harvested in West Bengal.,
46243,Crop,Odisha,2026-04-27,Active Growth,Bihar; Chhattisgarh; Gangetic West Bengal; Haryana; Jharkhand; Madhya  Pradesh; Madhya Pradesh; Odisha; Punjab; Rajasthan; Rayalaseema; Uttar  Pradesh; Uttar Pradesh; Vidarbha,None Reported,Bihar; Chhattisgarh; Gangetic West Bengal; Haryana; Jharkhand; Madhya  Pradesh; Madhya Pradesh; Odisha; Punjab; Rajasthan; Rayalaseema; Uttar  Pradesh; Uttar Pradesh; Vidarbha,,,2,0.9,,,
46269,Green Gram (Moong),Andhra Pradesh,2026-04-27,Harvesting,None Reported,None Reported,None Reported,,,1,0.9,,Green Gram (Moong) is 100% harvested in Andhra Pradesh.,
46276,Green Gram (Moong),Chhattisgarh,2026-04-27,Harvesting,None Reported,None Reported,None Reported,,,1,0.9,,Green Gram (Moong) in Chhattisgarh has 10% harvested.,
46281,Green Gram (Moong),Tamil Nadu,2026-04-27,Harvesting,None Reported,None Reported,None Reported,,,1,0.9,,Green Gram (Moong) is 100% harvested in Tamil Nadu.,
46284,Green Gram (Moong),Telangana,2026-04-27,Harvesting,None Reported,None Reported,None Reported,,,1,0.9,,"| 3        | Pulses                     |              140.42 |                         139.55 |              99.58 | Overall around 97% area has been harvested mainly in Gram (98%), Lentil (94%), Urdbean (98%), Moongbean (82%), etc has already been harvested.                                            |",
46291,Groundnut,Andhra Pradesh,2026-04-27,Harvesting,None Reported,None Reported,None Reported,,,1,0.9,,Groundnut in Andhra Pradesh has 90% harvested.,
46296,Groundnut,Bihar,2026-04-27,Harvesting,None Reported,None Reported,None Reported,,,1,0.9,,Groundnut is 100% harvested in Bihar.,
46304,Groundnut,Karnataka,2026-04-27,Harvesting,None Reported,None Reported,None Reported,,,2,0.9,,"Groundnut in Karnataka has 90% harvested.,|    |                |        |        |        | already been harvested.                                                                                                                                                                 |
|----|----------------|--------|--------|--------|-----------------------------------------------------------------------------------------------------------------------------------------------------------------------------------------|",
46323,Groundnut,Tamil Nadu,2026-04-27,Harvesting,None Reported,None Reported,None Reported,,,1,0.9,,Groundnut in Tamil Nadu has 75% harvested.,
46331,Groundnut,Telangana,2026-04-27,Harvesting,None Reported,None Reported,None Reported,,,1,0.9,,Groundnut is 100% harvested in Telangana.,
46335,Groundnut,Uttar Pradesh,2026-04-27,Harvesting,None Reported,None Reported,None Reported,,,2,0.9,,"| 5        | Oilseeds                   |               86.78 |                          97.19 |              99.50 | Overall around 98% area has been harvested mainly in Rapeseed & Mustard (100%), Groundnut (45%), Safflower (83%), Sunflower (89%), Linseed (99%), etc has already been harvested.         |,| a        | Rapeseed & Mustard         |               79.17 |                          89.36 |             100.00 | 100% harvested in all states.                                                                                                                                                             |",
46348,Lentil (Masur),Andhra Pradesh,2026-04-27,Harvesting,None Reported,None Reported,None Reported,,,1,0.9,,Lentil (Masur) is 100% harvested in Andhra Pradesh.,
46353,Lentil (Masur),Assam,2026-04-27,Harvesting,None Reported,None Reported,None Reported,,,1,0.9,,Lentil (Masur) is 100% harvested in Assam.,
46358,Lentil (Masur),Bihar,2026-04-27,Harvesting,None Reported,None Reported,None Reported,,,1,0.9,,Lentil (Masur) in Bihar has 75% harvested.,
46363,Lentil (Masur),Chhattisgarh,2026-04-27,Harvesting,None Reported,None Reported,None Reported,,,2,0.9,,"Lentil (Masur) is 100% harvested in Chhattisgarh.,Lentil (Masur) in Chhattisgarh has 40% harvested.",
46372,Lentil (Masur),Madhya Pradesh,2026-04-27,Harvesting,None Reported,None Reported,None Reported,,,1,0.9,,Lentil (Masur) in Madhya Pradesh has 95% harvested.,
46377,Lentil (Masur),Tamil Nadu,2026-04-27,Harvesting,None Reported,None Reported,None Reported,,,1,0.9,,Lentil (Masur) is 100% harvested in Tamil Nadu.,
46382,Lentil (Masur),Uttar Pradesh,2026-04-27,Harvesting,None Reported,None Reported,None Reported,,,1,0.9,,Lentil (Masur) is 100% harvested in Uttar Pradesh.,
46387,Lentil (Masur),West Bengal,2026-04-27,Harvesting,None Reported,None Reported,None Reported,,,1,0.9,,Lentil (Masur) is 100% harvested in West Bengal.,
46393,Maize,Andhra Pradesh,2026-04-27,Harvesting,None Reported,None Reported,None Reported,,,1,0.9,,Maize in Andhra Pradesh has 59% harvested.,
46401,Maize,Bihar,2026-04-27,Harvesting,None Reported,None Reported,None Reported,,,2,0.9,,"Maize in Bihar has 85% harvested.,Maize in Bihar has 82% harvested.",
46407,Maize,Chhattisgarh,2026-04-27,Harvesting,None Reported,None Reported,None Reported,,,4,0.9,,"| h        | Other Pulses $             |               16.73 |                          20.57 |             100.00 | Harvesting has been almost completed.                                                                                                                                                     |,| 4        | Shri Anna & Coarse cereals |               55.33 |                          60.93 |              92.43 | Overall around 82% area has been harvested mainly in Jowar (91%), Maize (73%), Barley (84%), etc has already been harvested.                                                              |,Maize in Chhattisgarh has 89% harvested.,Maize in Chhattisgarh has 67% harvested.",
46417,Maize,Gujarat,2026-04-27,Harvesting,None Reported,None Reported,None Reported,,,1,0.9,,Maize is 100% harvested in Gujarat.,
46428,Maize,Karnataka,2026-04-27,Harvesting,None Reported,None Reported,None Reported,,,1,0.9,,Maize in Karnataka has 95% harvested.,
46436,Maize,Madhya Pradesh,2026-04-27,Harvesting,None Reported,None Reported,None Reported,,,1,0.9,,Maize is 100% harvested in Madhya Pradesh.,
46449,Maize,Maharashtra,2026-04-27,Harvesting,None Reported,None Reported,None Reported,,,1,0.9,,Maize is 100% harvested in Maharashtra.,
46461,Maize,Rajasthan,2026-04-27,Harvesting,None Reported,None Reported,None Reported,,,1,0.9,,Maize is 100% harvested in Rajasthan.,
46474,Maize,Telangana,2026-04-27,Harvesting,None Reported,None Reported,None Reported,,,1,0.9,,Maize is 100% harvested in Telangana.,
46480,Maize,Uttar Pradesh,2026-04-27,Harvesting,None Reported,None Reported,None Reported,,,1,0.9,,Maize in Uttar Pradesh has 92% harvested.,
46521,Oilseeds,Bihar,2026-04-27,Harvesting,None Reported,None Reported,None Reported,,,1,0.9,,"| g  | Other Oilseeds |   0.00 |   0.40 |  99.11 | Harvesting is going on in afull swing.                                                                                                                                                  |
|    | Total Crops    | 637.81 | 680.18 |  92.62 |                                                                                                                                                                                         |
Source: Crops Division, DoA&amp;FW.",
46532,Oilseeds,Odisha,2026-04-27,Sowing,None Reported,None Reported,None Reported,,,1,0.9," Rice : About 30.68 lakh ha area coverage under Summer Rice has been reported as compared to 32.31 lakh ha during the corresponding period of last year.
-
Pulses :  About 17.19 lakh ha area coverage has been reported compared to 15.93 lakh ha during the corresponding period of last year.
-
Oilseeds :  About 9.21 lakh ha area coverage has been reported compared to 7.71 lakh ha during the corresponding period of last year.
| Progress of Area coverage under Summer crops as on 24.04.2026 (In lakh hectare)   | Progress of Area coverage under Summer crops as on 24.04.2026 (In lakh hectare)   | Progress of Area coverage under Summer crops as on 24.04.2026 (In lakh hectare)   | Progress of Area coverage under Summer crops as on 24.04.2026 (In lakh hectare)   | Progress of Area coverage under Summer crops as on 24.04.2026 (In lakh hectare)   | Progress of Area coverage under Summer crops as on 24.04.2026 (In lakh hectare)   | Progress of Area coverage under Summer crops as on 24.04.2026 (In lakh hectare)   |
|-----------------------------------------------------------------------------------|-----------------------------------------------------------------------------------|-----------------------------------------------------------------------------------|-----------------------------------------------------------------------------------|-----------------------------------------------------------------------------------|-----------------------------------------------------------------------------------|-----------------------------------------------------------------------------------|
| Sl. No.                                                                           | Crops                                                                             | Normal Summer Area (DES)*                                                         | Final Summer Area 2025                                                            | Area Sown                                                                         | Area Sown                                                                         | Increase/ Decrease over corresponding period of Last year                         |
| Sl. No.                                                                           | Crops                                                                             | Normal Summer Area (DES)*                                                         | Final Summer Area 2025                                                            | Current Year (2026)                                                               | Corresponding period of Last Year (2025)                                          | Increase/ Decrease over corresponding period of Last year                         |
| 1                                                                                 | Rice                                                                              | 31.49                                                                             | 33.28                                                                             | 30.68                                                                             | 32.31                                                                             |
1.63                                                                             |
| 2                                                                                 | Pulses                                                                            | 23.40                                                                             | 27.07                                                                             | 17.19                                                                             | 15.93                                                                             | 1.26                                                                              |
| a                                                                                 | Greengram                                                                         | 20.44                                                                             | 23.49                                                                             | 13.17                                                                             | 12.99                                                                             | 0.18                                                                              |
| b                                                                                 | Blackgram                                                                         | 2.96                                                                              | 3.26                                                                              | 3.72                                                                              | 2.75                                                                              | 0.96                                                                              |
| c                                                                                 | Other Pulses                                                                      | 0.00                                                                              |
| 0.30                                                                              | 0.18                                                                              | 0.12                                                                              |
| 3                                                                                 | Shree Anna cum Coarse Cereals                                                     | 12.08                                                                             | 14.06                                                                             | 15.21                                                                             | 14.25                                                                             | 0.97                                                                              |
| a                                                                                 | Jowar                                                                             | 0.34                                                                              | 0.36                                                                              | 0.37                                                                              | 0.36                                                                              | 0.01                                                                              |
| b                                                                                 | Bajra                                                                             | 4.43                                                                              | 5.20                                                                              | 5.10                                                                              | 5.20                                                                              |
0.10                                                                             |
| c                                                                                 | Ragi                                                                              | 0.31                                                                              |
| 0.22                                                                              | 0.16                                                                              | 0.06                                                                              |
| d                                                                                 | Small Millets                                                                     | 0.02                                                                              |
| 0.03                                                                              | 0.03                                                                              | 0.00                                                                              |
| e                                                                                 | Maize                                                                             | 6.98                                                                              | 8.50                                                                              | 9.50                                                                              | 8.50                                                                              | 1.00                                                                              |
| 4                                                                                 | Oilseeds                                                                          | 8.40                                                                              | 9.51                                                                              | 9.21                                                                              | 7.71                                                                              | 1.50                                                                              |
| a                                                                                 | Groundnut                                                                         | 3.40                                                                              | 4.20                                                                              | 5.51                                                                              | 4.20                                                                              | 1.31                                                                              |
| b                                                                                 | Sunflower                                                                         | 0.34                                                                              | 0.35                                                                              | 0.39                                                                              | 0.35                                                                              | 0.04                                                                              |
| c                                                                                 | Sesamum                                                                           | 4.66                                                                              | 4.96                                                                              | 3.25                                                                              | 3.09                                                                              | 0.16                                                                              |
| d                                                                                 | Other Oilseeds                                                                    | 0.00                                                                              |
| 0.06                                                                              | 0.06                                                                              |
0.01                                                                             |
| Total                                                                             | Total                                                                             | 75.37                                                                             | 83.92                                                                             | 72.30                                                                             | 70.19                                                                             | 2.11                                                                              |
* Normal area from 2022-23 to 2024-25.
Source: Crop Division, DoA&amp;FW, MoA&amp;FW",,
46552,Rice,All India,2026-04-27,Sowing,As On 24.04.2026,None Reported,As On 24.04.2026,,,2,0.9," As on April 24, 2026, the area sown under summer crops is 72.30 lakh ha as compared to 70.19 lakh ha during the corresponding period of last year.  Of this, area of 30.68 lakh ha has been sown under Rice this year.
-","As on 24.04.2026, 92.62% of area has been harvested for Rabi crops all over  India. Approximately 99.58%  area  of  Pulses  mainly  in  Gram  (100%),  Urdbean  (99%)  &amp;  Moong  (86%);  99.50%  area  of Oilseeds  majorly  in  Rapeseed  &amp;  Mustard  (100%);  92.43%  area  of  Shri  Anna  cum  Coarse  Cereals majorly in Jowar (96.97%), 47.89% area of Rice and 94.00% area of Wheat has been harvested for Rabi crops 2025-26.",
46562,Rice,Andhra Pradesh,2026-04-27,Harvesting,None Reported,None Reported,None Reported,,,1,0.9,,Rice in Andhra Pradesh has 45% harvested.,
46577,Rice,Kerala,2026-04-27,Harvesting,None Reported,None Reported,None Reported,,,1,0.9,,Rice in Kerala has 95% harvested.,
46591,Rice,Tamil Nadu,2026-04-27,Harvesting,None Reported,None Reported,None Reported,,,1,0.9,,Rice in Tamil Nadu has 88% harvested.,
46598,Rice,Telangana,2026-04-27,Harvesting,None Reported,None Reported,None Reported,,,1,0.9,,Rice in Telangana has 25% harvested.,
46607,Rice,Tripura,2026-04-27,Harvesting,None Reported,None Reported,None Reported,,,1,0.9,,Rice in Tripura has 60% harvested.,
46611,Sesame (Sesamum),Andhra Pradesh,2026-04-27,Harvesting,None Reported,None Reported,None Reported,,,1,0.9,,Sesame (Sesamum) in Andhra Pradesh has 20% harvested.,
46617,Sesame (Sesamum),Bihar,2026-04-27,Harvesting,None Reported,None Reported,None Reported,,,1,0.9,,Sesame (Sesamum) is 100% harvested in Bihar.,
46622,Sesame (Sesamum),Chhattisgarh,2026-04-27,Harvesting,None Reported,None Reported,None Reported,,,1,0.9,,Sesame (Sesamum) is 100% harvested in Chhattisgarh.,
46627,Sesame (Sesamum),Karnataka,2026-04-27,Harvesting,None Reported,None Reported,None Reported,,,1,0.9,,Sesame (Sesamum) is 100% harvested in Karnataka.,
46630,Sesame (Sesamum),Madhya Pradesh,2026-04-27,Harvesting,None Reported,None Reported,None Reported,,,1,0.9,,Sesame (Sesamum) is 100% harvested in Madhya Pradesh.,
46633,Sesame (Sesamum),Meghalaya,2026-04-27,Harvesting,None Reported,None Reported,None Reported,,,1,0.9,,Sesame (Sesamum) is 100% harvested in Meghalaya.,
46638,Sesame (Sesamum),Odisha,2026-04-27,Harvesting,None Reported,None Reported,None Reported,,,1,0.9,,Sesame (Sesamum) is 100% harvested in Odisha.,
46645,Sesame (Sesamum),Tamil Nadu,2026-04-27,Harvesting,None Reported,None Reported,None Reported,,,1,0.9,,Sesame (Sesamum) in Tamil Nadu has 60% harvested.,
46649,Sesame (Sesamum),Telangana,2026-04-27,Harvesting,None Reported,None Reported,None Reported,,,1,0.9,,Sesame (Sesamum) in Telangana has 80% harvested.,
46655,Sesame (Sesamum),West Bengal,2026-04-27,Harvesting,None Reported,None Reported,None Reported,,,1,0.9,,Sesame (Sesamum) is 100% harvested in West Bengal.,
46660,Sorghum (Jowar),Andhra Pradesh,2026-04-27,Harvesting,None Reported,None Reported,None Reported,,,1,0.9,,Sorghum (Jowar) in Andhra Pradesh has 45% harvested.,
46665,Sorghum (Jowar),Gujarat,2026-04-27,Harvesting,None Reported,None Reported,None Reported,,,1,0.9,,Sorghum (Jowar) is 100% harvested in Gujarat.,
46673,Sorghum (Jowar),Karnataka,2026-04-27,Harvesting,None Reported,None Reported,None Reported,,,1,0.9,,Sorghum (Jowar) is 100% harvested in Karnataka.,
46681,Sorghum (Jowar),Maharashtra,2026-04-27,Harvesting,None Reported,None Reported,None Reported,,,1,0.9,,Sorghum (Jowar) is 100% harvested in Maharashtra.,
46689,Sorghum (Jowar),Tamil Nadu,2026-04-27,Harvesting,None Reported,None Reported,None Reported,,,1,0.9,,Sorghum (Jowar) is 100% harvested in Tamil Nadu.,
46697,Sorghum (Jowar),Telangana,2026-04-27,Harvesting,None Reported,None Reported,None Reported,,,1,0.9,,Sorghum (Jowar) in Telangana has 65% harvested.,
46707,Sunflower,Andhra Pradesh,2026-04-27,Harvesting,None Reported,None Reported,None Reported,,,1,0.9,,Sunflower in Andhra Pradesh has 95% harvested.,
46708,Sunflower,Bihar,2026-04-27,Harvesting,None Reported,None Reported,None Reported,,,1,0.9,,Sunflower is 100% harvested in Bihar.,
46709,Sunflower,Jharkhand,2026-04-27,Harvesting,None Reported,None Reported,None Reported,,,1,0.9,,Sunflower is 100% harvested in Jharkhand.,
46714,Sunflower,Karnataka,2026-04-27,Harvesting,None Reported,None Reported,None Reported,,,1,0.9,,Sunflower is 100% harvested in Karnataka.,
46725,Sunflower,West Bengal,2026-04-27,Harvesting,None Reported,None Reported,None Reported,,,1,0.9,,Sunflower is 100% harvested in West Bengal.,
46729,Wheat,Bihar,2026-04-27,Harvesting,None Reported,None Reported,None Reported,,,1,0.9,,Wheat in Bihar has 90% harvested.,
46737,Wheat,Haryana,2026-04-27,Harvesting,None Reported,None Reported,None Reported,,,1,0.9,,Wheat in Haryana has 95% harvested.,
46748,Wheat,Odisha,2026-04-27,Active Growth,None Reported,None Reported,None Reported,,,1,0.7,,,(Area in lakh ha.) ---------- ---------------------------- --------------------- -------------------------------- -------------------- -------------------------------------------------------------------------------------------------------------------------------------------------------------------------------------------
46751,Wheat,Punjab,2026-04-27,Harvesting,None Reported,None Reported,None Reported,,,1,0.9,,Wheat in Punjab has 55% harvested.,
46760,Wheat,Uttar Pradesh,2026-04-27,Harvesting,None Reported,None Reported,None Reported,,,1,0.9,,Wheat in Uttar Pradesh has 82% harvested.,
46139,Bengal Gram (Gram/Chickpea),Andhra Pradesh,2026-04-20,Harvesting,None Reported,None Reported,None Reported,,,1,0.9,,Bengal Gram (Gram/Chickpea) is 100% harvested in Andhra Pradesh.,
46144,Bengal Gram (Gram/Chickpea),Chhattisgarh,2026-04-20,Harvesting,None Reported,None Reported,None Reported,,,1,0.9,,Bengal Gram (Gram/Chickpea) is 100% harvested in Chhattisgarh.,
46149,Bengal Gram (Gram/Chickpea),Gujarat,2026-04-20,Harvesting,None Reported,None Reported,None Reported,,,1,0.9,,Bengal Gram (Gram/Chickpea) is 100% harvested in Gujarat.,
46155,Bengal Gram (Gram/Chickpea),Karnataka,2026-04-20,Harvesting,None Reported,None Reported,None Reported,,,1,0.9,,Bengal Gram (Gram/Chickpea) in Karnataka has 95% harvested.,
46160,Bengal Gram (Gram/Chickpea),Madhya Pradesh,2026-04-20,Harvesting,None Reported,None Reported,None Reported,,,1,0.9,,Bengal Gram (Gram/Chickpea) in Madhya Pradesh has 90% harvested.,
46166,Bengal Gram (Gram/Chickpea),Maharashtra,2026-04-20,Harvesting,None Reported,None Reported,None Reported,,,1,0.9,,Bengal Gram (Gram/Chickpea) is 100% harvested in Maharashtra.,
46179,Bengal Gram (Gram/Chickpea),Rajasthan,2026-04-20,Harvesting,None Reported,None Reported,None Reported,,,1,0.9,,Bengal Gram (Gram/Chickpea) is 100% harvested in Rajasthan.,
46182,Bengal Gram (Gram/Chickpea),Telangana,2026-04-20,Harvesting,None Reported,None Reported,None Reported,,,1,0.9,,Bengal Gram (Gram/Chickpea) is 100% harvested in Telangana.,
46187,Bengal Gram (Gram/Chickpea),Uttar Pradesh,2026-04-20,Harvesting,None Reported,None Reported,None Reported,,,1,0.9,,Bengal Gram (Gram/Chickpea) in Uttar Pradesh has 98% harvested.,
46190,Bengal Gram (Gram/Chickpea),West Bengal,2026-04-20,Harvesting,None Reported,None Reported,None Reported,,,1,0.9,,Bengal Gram (Gram/Chickpea) is 100% harvested in West Bengal.,
46262,Crop,Rajasthan,2026-04-20,Active Growth,Chhattisgarh; East  Rajasthan; Jharkhand; Southern  Parts  Of  Uttar Pradesh,None Reported,Chhattisgarh; East  Rajasthan; Jharkhand; Southern  Parts  Of  Uttar Pradesh,,,1,0.9,,,
46268,Green Gram (Moong),Andhra Pradesh,2026-04-20,Harvesting,None Reported,None Reported,None Reported,,,1,0.9,,Green Gram (Moong) is 100% harvested in Andhra Pradesh.,
46275,Green Gram (Moong),Chhattisgarh,2026-04-20,Harvesting,None Reported,None Reported,None Reported,,,1,0.9,,Green Gram (Moong) in Chhattisgarh has 10% harvested.,
46280,Green Gram (Moong),Tamil Nadu,2026-04-20,Harvesting,None Reported,None Reported,None Reported,,,1,0.9,,Green Gram (Moong) is 100% harvested in Tamil Nadu.,
46283,Green Gram (Moong),Telangana,2026-04-20,Harvesting,None Reported,None Reported,None Reported,,,1,0.9,,"| 3        | Pulses                     | 140.42              |                          139.55 |              97.00 | Overall around 97% area has been harvested mainly in Gram (98%), Lentil (94%), Urdbean (98%), Moongbean (82%), etc has already been harvested.                                             |",
46290,Groundnut,Andhra Pradesh,2026-04-20,Harvesting,None Reported,None Reported,None Reported,,,2,0.9,,"Groundnut in Andhra Pradesh has 50% harvested.,Groundnut in Andhra Pradesh has 70% harvested.",
46295,Groundnut,Bihar,2026-04-20,Harvesting,None Reported,None Reported,None Reported,,,1,0.9,,Groundnut is 100% harvested in Bihar.,
46303,Groundnut,Karnataka,2026-04-20,Harvesting,None Reported,None Reported,None Reported,,,2,0.9,,"Groundnut in Karnataka has 50% harvested.,Groundnut is 100% harvested in Karnataka.",
46314,Groundnut,Madhya Pradesh,2026-04-20,Harvesting,None Reported,None Reported,None Reported,,,3,0.83,,"| 5   | Oilseeds           |   86.78 |   97.19 |   98.41 | Overall around 98% area has been harvested mainly in Rapeseed & Mustard (100%), Groundnut (45%), Safflower (83%), Sunflower (89%), Linseed (99%), etc has already been harvested.   |,|-----|--------------------|---------|---------|---------|-------------------------------------------------------------------------------------------------------------------------------------------------------------------------------------|
| a   | Rapeseed & Mustard |   79.17 |   89.36 |  100.00 | 100% harvested in all states.                                                                                                                                                       |",(Area in lakh ha.)
46315,Groundnut,Maharashtra,2026-04-20,Harvesting,None Reported,None Reported,None Reported,,,1,0.9,,Groundnut is 100% harvested in Maharashtra.,
46322,Groundnut,Tamil Nadu,2026-04-20,Harvesting,None Reported,None Reported,None Reported,,,1,0.9,,Groundnut in Tamil Nadu has 64% harvested.,
46330,Groundnut,Telangana,2026-04-20,Harvesting,None Reported,None Reported,None Reported,,,2,0.9,,"Groundnut is 100% harvested in Telangana.,Groundnut in Telangana has 50% harvested.",
46347,Lentil (Masur),Andhra Pradesh,2026-04-20,Harvesting,None Reported,None Reported,None Reported,,,1,0.9,,Lentil (Masur) is 100% harvested in Andhra Pradesh.,
46352,Lentil (Masur),Assam,2026-04-20,Harvesting,None Reported,None Reported,None Reported,,,1,0.9,,Lentil (Masur) is 100% harvested in Assam.,
46357,Lentil (Masur),Bihar,2026-04-20,Harvesting,None Reported,None Reported,None Reported,,,1,0.9,,Lentil (Masur) in Bihar has 75% harvested.,
46362,Lentil (Masur),Chhattisgarh,2026-04-20,Harvesting,None Reported,None Reported,None Reported,,,2,0.9,,"Lentil (Masur) is 100% harvested in Chhattisgarh.,Lentil (Masur) in Chhattisgarh has 40% harvested.",
46371,Lentil (Masur),Madhya Pradesh,2026-04-20,Harvesting,None Reported,None Reported,None Reported,,,1,0.9,,Lentil (Masur) in Madhya Pradesh has 95% harvested.,
46376,Lentil (Masur),Tamil Nadu,2026-04-20,Harvesting,None Reported,None Reported,None Reported,,,1,0.9,,Lentil (Masur) is 100% harvested in Tamil Nadu.,
46381,Lentil (Masur),Uttar Pradesh,2026-04-20,Harvesting,None Reported,None Reported,None Reported,,,1,0.9,,Lentil (Masur) is 100% harvested in Uttar Pradesh.,
46386,Lentil (Masur),West Bengal,2026-04-20,Harvesting,None Reported,None Reported,None Reported,,,1,0.9,,Lentil (Masur) is 100% harvested in West Bengal.,
46392,Maize,Andhra Pradesh,2026-04-20,Harvesting,None Reported,None Reported,None Reported,,,1,0.9,,Maize in Andhra Pradesh has 43% harvested.,
46400,Maize,Bihar,2026-04-20,Harvesting,None Reported,None Reported,None Reported,,,1,0.9,,Maize in Bihar has 53% harvested.,
46406,Maize,Chhattisgarh,2026-04-20,Harvesting,None Reported,None Reported,None Reported,,,2,0.9,,"| h        | Other Pulses $             | 16.73               |                           20.57 |              99.00 | Harvesting has been almost completed.                                                                                                                                                      |,| 4        | Shri Anna & Coarse cereals | 55.33               |                           60.93 |              81.58 | Overall around 82% area has been harvested mainly in Jowar (91%), Maize (73%), Barley (84%), etc has already been harvested.                                                               |",
46416,Maize,Gujarat,2026-04-20,Harvesting,None Reported,None Reported,None Reported,,,1,0.9,,Maize in Gujarat has 85% harvested.,
46427,Maize,Karnataka,2026-04-20,Harvesting,None Reported,None Reported,None Reported,,,1,0.9,,Maize in Karnataka has 85% harvested.,
46435,Maize,Madhya Pradesh,2026-04-20,Harvesting,None Reported,None Reported,None Reported,,,1,0.9,,Maize in Madhya Pradesh has 77% harvested.,
46448,Maize,Maharashtra,2026-04-20,Harvesting,None Reported,None Reported,None Reported,,,2,0.9,,"Maize in Maharashtra has 98% harvested.,Maize in Maharashtra has 95% harvested.",
46460,Maize,Rajasthan,2026-04-20,Harvesting,None Reported,None Reported,None Reported,,,1,0.9,,Maize in Rajasthan has 90% harvested.,
46468,Maize,Tamil Nadu,2026-04-20,Harvesting,None Reported,None Reported,None Reported,,,1,0.9,,Maize in Tamil Nadu has 97% harvested.,
46473,Maize,Telangana,2026-04-20,Harvesting,None Reported,None Reported,None Reported,,,1,0.9,,Maize in Telangana has 94% harvested.,
46479,Maize,Uttar Pradesh,2026-04-20,Harvesting,None Reported,None Reported,None Reported,,,1,0.9,,Maize in Uttar Pradesh has 75% harvested.,
46487,Maize,West Bengal,2026-04-20,Harvesting,None Reported,None Reported,None Reported,,,1,0.9,,Maize in West Bengal has 60% harvested.,
46520,Oilseeds,Bihar,2026-04-20,Harvesting,None Reported,None Reported,None Reported,,,1,0.9,,"| g   | Other Oilseeds     |    0.00 |    0.40 |   95.82 | Harvesting is going on in a full swing.                                                                                                                                             |
|     | Total Crops        |  637.81 |  680.18 |   81.69 |                                                                                                                                                                                     |
Source: Crops Division, DoA&amp;FW.",
46539,Oilseeds,Rajasthan,2026-04-20,Sowing,None Reported,None Reported,None Reported,,,1,0.9," Rice : About 30.64 lakh ha area coverage under Summer Rice has been reported as compared to 32.31 lakh ha during the corresponding period of last year.
-
Pulses :  About 15.47 lakh ha area coverage has been reported compared to 13.49 lakh ha during the corresponding period of last year.
-
Oilseeds :  About 9.14 lakh ha area coverage has been reported compared to 7.65 lakh ha during the corresponding period of last year.
| Progress of Area coverage under Summer crops as on 17.04.2026 hectare)   | Progress of Area coverage under Summer crops as on 17.04.2026 hectare)   | Progress of Area coverage under Summer crops as on 17.04.2026 hectare)   | Progress of Area coverage under Summer crops as on 17.04.2026 hectare)   | Progress of Area coverage under Summer crops as on 17.04.2026 hectare)   | Progress of Area coverage under Summer crops as on 17.04.2026 hectare)   | Progress of Area coverage under Summer crops as on 17.04.2026 hectare)   |
|--------------------------------------------------------------------------|--------------------------------------------------------------------------|--------------------------------------------------------------------------|--------------------------------------------------------------------------|--------------------------------------------------------------------------|--------------------------------------------------------------------------|--------------------------------------------------------------------------|
| Sl. No.                                                                  | Crops                                                                    | Normal Summer Area (DES)*                                                | Final Summer Area 2025                                                   | Area Sown                                                                | Area Sown                                                                | (In lakh Increase/ Decrease over corresponding period of Last year       |
| Sl. No.                                                                  | Crops                                                                    | Normal Summer Area (DES)*                                                | Final Summer Area 2025                                                   | Current Year (2026)                                                      | Corresponding period of Last Year (2025)                                 | (In lakh Increase/ Decrease over corresponding period of Last year       |
| 1                                                                        | Rice                                                                     | 31.49                                                                    | 33.28                                                                    | 30.64                                                                    | 32.31                                                                    |
1.66                                                                    |
| 2                                                                        | Pulses                                                                   | 23.40                                                                    | 27.07                                                                    | 15.47                                                                    | 13.49                                                                    | 1.99                                                                     |
| a                                                                        | Greengram                                                                | 20.44                                                                    | 23.49                                                                    | 11.73                                                                    | 10.69                                                                    | 1.04                                                                     |
| b                                                                        | Blackgram                                                                | 2.96                                                                     | 3.58                                                                     | 3.45                                                                     | 2.61                                                                     | 0.83                                                                     |
| c                                                                        | Other Pulses                                                             | 0.00                                                                     |
| 0.30                                                                     | 0.18                                                                     | 0.11                                                                     |
| 3                                                                        | Shree Anna cum Coarse Cereals                                            | 12.08                                                                    | 14.06                                                                    | 13.81                                                                    | 12.70                                                                    | 1.10                                                                     |
| a                                                                        | Jowar                                                                    | 0.34                                                                     | 0.36                                                                     | 0.37                                                                     | 0.36                                                                     | 0.01                                                                     |
| b                                                                        | Bajra                                                                    | 4.43                                                                     | 5.20                                                                     | 4.74                                                                     | 4.30                                                                     | 0.43                                                                     |
| c                                                                        | Ragi                                                                     | 0.31                                                                     |
| 0.21                                                                     | 0.16                                                                     | 0.05                                                                     |
| d                                                                        | Small Millets                                                            | 0.02                                                                     |
| 0.03                                                                     | 0.03                                                                     | 0.00                                                                     |
| e                                                                        | Maize                                                                    | 6.98                                                                     | 8.50                                                                     | 8.46                                                                     | 7.85                                                                     | 0.61                                                                     |
| 4                                                                        | Oilseeds                                                                 | 8.40                                                                     | 9.51                                                                     | 9.14                                                                     | 7.65                                                                     | 1.49                                                                     |
| a                                                                        | Groundnut                                                                | 3.40                                                                     | 4.20                                                                     | 5.51                                                                     | 4.20                                                                     | 1.31                                                                     |
| b                                                                        | Sunflower                                                                | 0.34                                                                     | 0.35                                                                     | 0.39                                                                     | 0.35                                                                     | 0.04                                                                     |
| c                                                                        | Sesamum                                                                  | 4.66                                                                     | 4.96                                                                     | 3.18                                                                     | 3.03                                                                     | 0.15                                                                     |
| d                                                                        | Other Oilseeds                                                           | 0.00                                                                     |
| 0.06                                                                     | 0.06                                                                     |
0.01                                                                    |
| Total                                                                    | Total                                                                    | 75.37                                                                    | 83.92                                                                    | 69.06                                                                    | 66.14                                                                    | 2.92                                                                     |
Source: Crops Division, DoA&amp;FW, MoA&amp;FW",,
46551,Rice,All India,2026-04-20,Sowing,As On 17.04.2026,None Reported,As On 17.04.2026,,,2,0.9," As on April 17, 2026, the area sown under summer crops is 69.06 lakh ha as compared to 66.14 lakh ha during the corresponding period of last year.  Of this, area of 30.64 lakh ha has been sown under Rice this year.
-","As on 17.04.2026, 81.69% of area has been harvested for Rabi crops all over India. Approximately 97% area  of  Pulses  mainly  in  Gram  (98%),  Urdbean  (98%)  &amp;  Moong  (82%);  98.41%  area  of  Oilseeds majorly  in  Rapeseed  &amp; Mustard  (100%); 81.58%  area of  Shri  Anna cum  Coarse Cereals  majorly in Jowar  (91.44%),  47.89%  area  of  Rice  and  75.00%  area  of  Wheat  has  been  harvested  for  rabi  crops 2025-26.",
46561,Rice,Andhra Pradesh,2026-04-20,Harvesting,None Reported,None Reported,None Reported,,,1,0.9,,Rice in Andhra Pradesh has 45% harvested.,
46576,Rice,Kerala,2026-04-20,Harvesting,None Reported,None Reported,None Reported,,,1,0.9,,Rice in Kerala has 95% harvested.,
46590,Rice,Tamil Nadu,2026-04-20,Harvesting,None Reported,None Reported,None Reported,,,1,0.9,,Rice in Tamil Nadu has 89% harvested.,
46597,Rice,Telangana,2026-04-20,Harvesting,None Reported,None Reported,None Reported,,,1,0.9,,Rice in Telangana has 25% harvested.,
46606,Rice,Tripura,2026-04-20,Harvesting,None Reported,None Reported,None Reported,,,1,0.9,,Rice in Tripura has 60% harvested.,
46616,Sesame (Sesamum),Bihar,2026-04-20,Harvesting,None Reported,None Reported,None Reported,,,1,0.9,,Sesame (Sesamum) is 100% harvested in Bihar.,
46621,Sesame (Sesamum),Chhattisgarh,2026-04-20,Harvesting,None Reported,None Reported,None Reported,,,1,0.9,,Sesame (Sesamum) is 100% harvested in Chhattisgarh.,
46632,Sesame (Sesamum),Maharashtra,2026-04-20,Harvesting,None Reported,None Reported,None Reported,,,1,0.9,,Sesame (Sesamum) in Maharashtra has 90% harvested.,
46637,Sesame (Sesamum),Odisha,2026-04-20,Harvesting,None Reported,None Reported,None Reported,,,1,0.9,,Sesame (Sesamum) is 100% harvested in Odisha.,
46644,Sesame (Sesamum),Tamil Nadu,2026-04-20,Harvesting,None Reported,None Reported,None Reported,,,1,0.9,,Sesame (Sesamum) in Tamil Nadu has 40% harvested.,
46659,Sorghum (Jowar),Andhra Pradesh,2026-04-20,Harvesting,None Reported,None Reported,None Reported,,,1,0.9,,Sorghum (Jowar) in Andhra Pradesh has 35% harvested.,
46664,Sorghum (Jowar),Gujarat,2026-04-20,Harvesting,None Reported,None Reported,None Reported,,,1,0.9,,Sorghum (Jowar) is 100% harvested in Gujarat.,
46672,Sorghum (Jowar),Karnataka,2026-04-20,Harvesting,None Reported,None Reported,None Reported,,,1,0.9,,Sorghum (Jowar) in Karnataka has 97% harvested.,
46680,Sorghum (Jowar),Maharashtra,2026-04-20,Harvesting,None Reported,None Reported,None Reported,,,1,0.9,,Sorghum (Jowar) in Maharashtra has 95% harvested.,
46688,Sorghum (Jowar),Tamil Nadu,2026-04-20,Harvesting,None Reported,None Reported,None Reported,,,1,0.9,,Sorghum (Jowar) in Tamil Nadu has 90% harvested.,
46696,Sorghum (Jowar),Telangana,2026-04-20,Harvesting,None Reported,None Reported,None Reported,,,1,0.9,,Sorghum (Jowar) in Telangana has 40% harvested.,
46713,Sunflower,Karnataka,2026-04-20,Harvesting,None Reported,None Reported,None Reported,,,1,0.9,,Sunflower is 100% harvested in Karnataka.,
46716,Sunflower,Maharashtra,2026-04-20,Harvesting,None Reported,None Reported,None Reported,,,1,0.9,,Sunflower is 100% harvested in Maharashtra.,
46723,Sunflower,Tamil Nadu,2026-04-20,Harvesting,None Reported,None Reported,None Reported,,,1,0.9,,Sunflower is 100% harvested in Tamil Nadu.,
46724,Sunflower,Telangana,2026-04-20,Harvesting,None Reported,None Reported,None Reported,,,1,0.9,,Sunflower in Telangana has 70% harvested.,
46728,Wheat,Bihar,2026-04-20,Harvesting,None Reported,None Reported,None Reported,,,1,0.9,,Wheat in Bihar has 55% harvested.,
46736,Wheat,Haryana,2026-04-20,Harvesting,None Reported,None Reported,None Reported,,,1,0.9,,Wheat in Haryana has 65% harvested.,
46750,Wheat,Punjab,2026-04-20,Harvesting,None Reported,None Reported,None Reported,,,1,0.9,,Wheat in Punjab has 30% harvested.,
46757,Wheat,Rajasthan,2026-04-20,Active Growth,None Reported,None Reported,None Reported,,,1,0.7,,,
46759,Wheat,Uttar Pradesh,2026-04-20,Harvesting,None Reported,None Reported,None Reported,,,1,0.9,,Wheat in Uttar Pradesh has 70% harvested.,
46138,Bengal Gram (Gram/Chickpea),Andhra Pradesh,2026-04-13,Harvesting,None Reported,None Reported,None Reported,,,1,0.9,,Bengal Gram (Gram/Chickpea) is 100% harvested in Andhra Pradesh.,
46143,Bengal Gram (Gram/Chickpea),Chhattisgarh,2026-04-13,Harvesting,None Reported,None Reported,None Reported,,,1,0.9,,Bengal Gram (Gram/Chickpea) is 100% harvested in Chhattisgarh.,
46148,Bengal Gram (Gram/Chickpea),Gujarat,2026-04-13,Harvesting,None Reported,None Reported,None Reported,,,1,0.9,,Bengal Gram (Gram/Chickpea) is 100% harvested in Gujarat.,
46154,Bengal Gram (Gram/Chickpea),Karnataka,2026-04-13,Harvesting,None Reported,None Reported,None Reported,,,1,0.9,,Bengal Gram (Gram/Chickpea) in Karnataka has 85% harvested.,
46159,Bengal Gram (Gram/Chickpea),Madhya Pradesh,2026-04-13,Harvesting,None Reported,None Reported,None Reported,,,1,0.9,,Bengal Gram (Gram/Chickpea) in Madhya Pradesh has 70% harvested.,
46165,Bengal Gram (Gram/Chickpea),Maharashtra,2026-04-13,Harvesting,None Reported,None Reported,None Reported,,,1,0.9,,Bengal Gram (Gram/Chickpea) is 100% harvested in Maharashtra.,
46178,Bengal Gram (Gram/Chickpea),Rajasthan,2026-04-13,Harvesting,None Reported,None Reported,None Reported,,,1,0.9,,Bengal Gram (Gram/Chickpea) in Rajasthan has 70% harvested.,
46181,Bengal Gram (Gram/Chickpea),Telangana,2026-04-13,Harvesting,None Reported,None Reported,None Reported,,,1,0.9,,Bengal Gram (Gram/Chickpea) is 100% harvested in Telangana.,
46186,Bengal Gram (Gram/Chickpea),Uttar Pradesh,2026-04-13,Harvesting,None Reported,None Reported,None Reported,,,1,0.9,,Bengal Gram (Gram/Chickpea) in Uttar Pradesh has 60% harvested.,
46189,Bengal Gram (Gram/Chickpea),West Bengal,2026-04-13,Harvesting,None Reported,None Reported,None Reported,,,1,0.9,,Bengal Gram (Gram/Chickpea) is 100% harvested in West Bengal.,
46242,Crop,Odisha,2026-04-13,Active Growth,Bihar; Chhattisgarh; Jharkhand; North Coastal Andhra Pradesh,None Reported,Bihar; Chhattisgarh; Jharkhand; North Coastal Andhra Pradesh,,,1,0.9,,,
46267,Green Gram (Moong),Andhra Pradesh,2026-04-13,Harvesting,None Reported,None Reported,None Reported,,,1,0.9,,Green Gram (Moong) in Andhra Pradesh has 85% harvested.,
46274,Green Gram (Moong),Chhattisgarh,2026-04-13,Harvesting,None Reported,None Reported,None Reported,,,1,0.9,,Green Gram (Moong) in Chhattisgarh has 10% harvested.,
46279,Green Gram (Moong),Tamil Nadu,2026-04-13,Harvesting,None Reported,None Reported,None Reported,,,1,0.9,,Green Gram (Moong) in Tamil Nadu has 90% harvested.,
46282,Green Gram (Moong),Telangana,2026-04-13,Harvesting,None Reported,None Reported,None Reported,,,1,0.9,,"| 3        | Pulses                     |              140.42 |                         139.55 |              91.00 | Overall around 91% area has been harvested mainly in Gram (92%), Lentil (82%), Urdbean (94%), Moongbean (71%), etc has already been harvested.                                                                      |",
46289,Groundnut,Andhra Pradesh,2026-04-13,Harvesting,None Reported,None Reported,None Reported,,,2,0.9,,"Groundnut in Andhra Pradesh has 35% harvested.,Groundnut in Andhra Pradesh has 47% harvested.",
46302,Groundnut,Karnataka,2026-04-13,Harvesting,None Reported,None Reported,None Reported,,,2,0.9,,"Groundnut in Karnataka has 20% harvested.,Groundnut in Karnataka has 92% harvested.",
46313,Groundnut,Madhya Pradesh,2026-04-13,Harvesting,None Reported,None Reported,None Reported,,,1,0.9,,"| 5        | Oilseeds                   |               86.78 |                          97.19 |              97.63 | Overall around 98% area has been harvested mainly in Rapeseed & Mustard (99.99%), Groundnut (45%), Safflower (83%), Sunflower (89%), Linseed (99%), etc has already been harvested.                                 |",
46321,Groundnut,Tamil Nadu,2026-04-13,Harvesting,None Reported,None Reported,None Reported,,,1,0.9,,Groundnut in Tamil Nadu has 55% harvested.,
46329,Groundnut,Telangana,2026-04-13,Harvesting,None Reported,None Reported,None Reported,,,2,0.9,,"Groundnut in Telangana has 90% harvested.,Groundnut in Telangana has 30% harvested.",
46346,Lentil (Masur),Andhra Pradesh,2026-04-13,Harvesting,None Reported,None Reported,None Reported,,,1,0.9,,Lentil (Masur) in Andhra Pradesh has 90% harvested.,
46351,Lentil (Masur),Assam,2026-04-13,Harvesting,None Reported,None Reported,None Reported,,,1,0.9,,Lentil (Masur) is 100% harvested in Assam.,
46356,Lentil (Masur),Bihar,2026-04-13,Harvesting,None Reported,None Reported,None Reported,,,1,0.9,,Lentil (Masur) in Bihar has 50% harvested.,
46361,Lentil (Masur),Chhattisgarh,2026-04-13,Harvesting,None Reported,None Reported,None Reported,,,2,0.9,,"Lentil (Masur) is 100% harvested in Chhattisgarh.,Lentil (Masur) in Chhattisgarh has 40% harvested.",
46370,Lentil (Masur),Madhya Pradesh,2026-04-13,Harvesting,None Reported,None Reported,None Reported,,,1,0.9,,Lentil (Masur) in Madhya Pradesh has 75% harvested.,
46375,Lentil (Masur),Tamil Nadu,2026-04-13,Harvesting,None Reported,None Reported,None Reported,,,1,0.9,,Lentil (Masur) is 100% harvested in Tamil Nadu.,
46380,Lentil (Masur),Uttar Pradesh,2026-04-13,Harvesting,None Reported,None Reported,None Reported,,,1,0.9,,Lentil (Masur) in Uttar Pradesh has 60% harvested.,
46385,Lentil (Masur),West Bengal,2026-04-13,Harvesting,None Reported,None Reported,None Reported,,,1,0.9,,Lentil (Masur) is 100% harvested in West Bengal.,
46391,Maize,Andhra Pradesh,2026-04-13,Harvesting,None Reported,None Reported,None Reported,,,1,0.9,,Maize in Andhra Pradesh has 25% harvested.,
46399,Maize,Bihar,2026-04-13,Harvesting,None Reported,None Reported,None Reported,,,1,0.9,,Maize in Bihar has 45% harvested.,
46405,Maize,Chhattisgarh,2026-04-13,Harvesting,None Reported,None Reported,None Reported,,,2,0.9,,"| h        | Other Pulses $             |               16.73 |                          20.57 |              95.00 | Harvesting is going on in a full swing.                                                                                                                                                                             |,| 4        | Shri Anna & Coarse cereals |               55.33 |                          60.93 |              71.52 | Overall around 72% area has been harvested mainly in Jowar (84%), Maize (64%), Barley (67%), etc has already been harvested.                                                                                        |",
46415,Maize,Gujarat,2026-04-13,Harvesting,None Reported,None Reported,None Reported,,,1,0.9,,Maize in Gujarat has 75% harvested.,
46426,Maize,Karnataka,2026-04-13,Harvesting,None Reported,None Reported,None Reported,,,1,0.9,,Maize in Karnataka has 75% harvested.,
46434,Maize,Madhya Pradesh,2026-04-13,Harvesting,None Reported,None Reported,None Reported,,,1,0.9,,Maize in Madhya Pradesh has 49% harvested.,
46447,Maize,Maharashtra,2026-04-13,Harvesting,None Reported,None Reported,None Reported,,,2,0.9,,"Maize in Maharashtra has 85% harvested.,Maize in Maharashtra has 87% harvested.",
46459,Maize,Rajasthan,2026-04-13,Harvesting,None Reported,None Reported,None Reported,,,1,0.9,,Maize in Rajasthan has 53% harvested.,
46467,Maize,Tamil Nadu,2026-04-13,Harvesting,None Reported,None Reported,None Reported,,,1,0.9,,Maize in Tamil Nadu has 92% harvested.,
46472,Maize,Telangana,2026-04-13,Harvesting,None Reported,None Reported,None Reported,,,1,0.9,,Maize in Telangana has 92% harvested.,
46478,Maize,Uttar Pradesh,2026-04-13,Harvesting,None Reported,None Reported,None Reported,,,1,0.9,,Maize in Uttar Pradesh has 55% harvested.,
46486,Maize,West Bengal,2026-04-13,Harvesting,None Reported,None Reported,None Reported,,,1,0.9,,Maize in West Bengal has 55% harvested.,
46489,Mustard,Andhra Pradesh,2026-04-13,Harvesting,None Reported,None Reported,None Reported,,,1,0.9,,Mustard is 100% harvested in Andhra Pradesh.,
46519,Oilseeds,Bihar,2026-04-13,Harvesting,None Reported,None Reported,None Reported,,,1,0.9,,"| g   | Other Oilseeds |   0.00 |   0.40 |   95.82 | Harvesting is going on in afull swing.                                                                          |
|     | Total Crops    | 637.81 | 680.18 |   73.83 |                                                                                                                 |
Source: Crop Division, DoA&amp;FW.",
46531,Oilseeds,Odisha,2026-04-13,Sowing,None Reported,None Reported,None Reported,,,1,0.9," Rice : About 30.59 lakh ha area coverage under Summer Rice has been reported as compared to 32.30 lakh ha during the corresponding period of last year.
-
Pulses :  About 11.54 lakh ha area coverage has been reported compared to 10.71 lakh ha during the corresponding period of last year.
-
Oilseeds :  About 8.31 lakh ha area coverage has been reported compared to 7.62 lakh ha during the corresponding period of last year.
| Progress of Area coverage under Summer crops as on 10.04.2026   | Progress of Area coverage under Summer crops as on 10.04.2026   | Progress of Area coverage under Summer crops as on 10.04.2026   | Progress of Area coverage under Summer crops as on 10.04.2026   | Progress of Area coverage under Summer crops as on 10.04.2026   | Progress of Area coverage under Summer crops as on 10.04.2026   | Progress of Area coverage under Summer crops as on 10.04.2026               |
|-----------------------------------------------------------------|-----------------------------------------------------------------|-----------------------------------------------------------------|-----------------------------------------------------------------|-----------------------------------------------------------------|-----------------------------------------------------------------|-----------------------------------------------------------------------------|
| Sl. No.                                                         |                                                                 | Normal Summer Area (DES)*                                       | Final Summer Area 2025                                          | Area Sown                                                       | Area Sown                                                       | (In lakh hectare) Increase/ Decrease over corresponding period of Last year |
| Sl. No.                                                         | Crops                                                           | Normal Summer Area (DES)*                                       | Final Summer Area 2025                                          | Current Year (2026)                                             | Corresponding period of Last Year (2025)                        | (In lakh hectare) Increase/ Decrease over corresponding period of Last year |
| 1                                                               | Rice                                                            | 31.49                                                           | 33.28                                                           | 30.59                                                           | 32.30                                                           |
1.72                                                                       |
| 2                                                               | Pulses                                                          | 23.40                                                           | 27.07                                                           | 11.54                                                           | 10.71                                                           | 0.83                                                                        |
| a                                                               | Greengram                                                       | 20.44                                                           | 23.49                                                           | 8.47                                                            | 8.15                                                            | 0.33                                                                        |
| b                                                               | Blackgram                                                       | 2.96                                                            | 3.58                                                            | 2.78                                                            | 2.38                                                            | 0.40                                                                        |
| c                                                               | Other Pulses                                                    | 0.00                                                            |
| 0.29                                                            | 0.18                                                            | 0.11                                                                        |
| 3                                                               | Shree Anna cum Coarse Cereals                                   | 12.08                                                           | 14.06                                                           | 13.67                                                           | 12.70                                                           | 0.97                                                                        |
| a                                                               | Jowar                                                           | 0.34                                                            | 0.36                                                            | 0.37                                                            | 0.36                                                            | 0.01                                                                        |
| b                                                               | Bajra                                                           | 4.43                                                            | 5.20                                                            | 4.60                                                            | 4.30                                                            | 0.30                                                                        |
| c                                                               | Ragi                                                            | 0.31                                                            |
| 0.21                                                            | 0.16                                                            | 0.05                                                                        |
| d                                                               | Small Millets                                                   | 0.02                                                            |
| 0.03                                                            | 0.03                                                            | 0.00                                                                        |
| e                                                               | Maize                                                           | 6.98                                                            | 8.50                                                            | 8.46                                                            | 7.85                                                            | 0.61                                                                        |
| 4                                                               | Oilseeds                                                        | 8.40                                                            | 9.51                                                            | 8.31                                                            | 7.62                                                            | 0.69                                                                        |
| a                                                               | Groundnut                                                       | 3.40                                                            | 4.20                                                            | 4.77                                                            | 4.20                                                            | 0.57                                                                        |
| b                                                               | Sunflower                                                       | 0.34                                                            | 0.35                                                            | 0.39                                                            | 0.35                                                            | 0.03                                                                        |
| c                                                               | Sesamum                                                         | 4.66                                                            | 4.96                                                            | 3.09                                                            | 3.00                                                            | 0.10                                                                        |
| d                                                               | Other Oilseeds                                                  | 0.00                                                            |
| 0.05                                                            | 0.06                                                            |
0.01                                                                       |
| Total                                                           | Total                                                           | 75.37                                                           | 83.92                                                           | 64.10                                                           | 63.33                                                           | 0.77                                                                        |
Source: Crop Division, DoA&amp;FW, MoA&amp;FW",,
46550,Rice,All India,2026-04-13,Sowing,As On 27.03.2026,None Reported,As On 27.03.2026,,,2,0.9," As on April 10, 2026, the area sown under summer crops is 64.10 lakh ha as compared to 63.33 lakh ha during the corresponding period of last year.  Of this, area of 30.59 lakh ha has been sown under Rice this year.
-","As on 27.03.2026, 32.26% of area has been harvested for Rabi crops all over India. Approximately 67% area  of  Pulses  mainly  in  Gram  (66%),  Urdbean  (86%)  &amp;  Moong  (63%);  71.56%  area  of  Oilseeds majorly in Rapeseed &amp; Mustard (75.53%); 38.31% area of Shri Anna cum Coarse Cereals majorly in Jowar (54.47%), 25.57% area of Rice and 6.00% area of Wheat  has been harvested for Rabi crops 2025-26.",
46560,Rice,Andhra Pradesh,2026-04-13,Harvesting,None Reported,None Reported,None Reported,,,1,0.9,,Rice in Andhra Pradesh has 40% harvested.,
46575,Rice,Kerala,2026-04-13,Harvesting,None Reported,None Reported,None Reported,,,1,0.9,,Rice in Kerala has 90% harvested.,
46589,Rice,Tamil Nadu,2026-04-13,Harvesting,None Reported,None Reported,None Reported,,,1,0.9,,Rice in Tamil Nadu has 86% harvested.,
46596,Rice,Telangana,2026-04-13,Harvesting,None Reported,None Reported,None Reported,,,1,0.9,,Rice in Telangana has 15% harvested.,
46605,Rice,Tripura,2026-04-13,Harvesting,None Reported,None Reported,None Reported,,,1,0.9,,Rice in Tripura has 55% harvested.,
46615,Sesame (Sesamum),Bihar,2026-04-13,Harvesting,None Reported,None Reported,None Reported,,,1,0.9,,Sesame (Sesamum) is 100% harvested in Bihar.,
46620,Sesame (Sesamum),Chhattisgarh,2026-04-13,Harvesting,None Reported,None Reported,None Reported,,,1,0.9,,Sesame (Sesamum) is 100% harvested in Chhattisgarh.,
46631,Sesame (Sesamum),Maharashtra,2026-04-13,Harvesting,None Reported,None Reported,None Reported,,,2,0.9,,"Sesame (Sesamum) in Maharashtra has 90% harvested.,Sesame (Sesamum) is 100% harvested in Maharashtra.",
46636,Sesame (Sesamum),Odisha,2026-04-13,Harvesting,None Reported,None Reported,None Reported,,,1,0.9,,Sesame (Sesamum) is 100% harvested in Odisha.,
46643,Sesame (Sesamum),Tamil Nadu,2026-04-13,Harvesting,None Reported,None Reported,None Reported,,,2,0.8,,Sesame (Sesamum) in Tamil Nadu has 40% harvested.,
46658,Sorghum (Jowar),Andhra Pradesh,2026-04-13,Harvesting,None Reported,None Reported,None Reported,,,1,0.9,,Sorghum (Jowar) in Andhra Pradesh has 29% harvested.,
46671,Sorghum (Jowar),Karnataka,2026-04-13,Harvesting,None Reported,None Reported,None Reported,,,1,0.9,,Sorghum (Jowar) in Karnataka has 95% harvested.,
46679,Sorghum (Jowar),Maharashtra,2026-04-13,Harvesting,None Reported,None Reported,None Reported,,,1,0.9,,Sorghum (Jowar) in Maharashtra has 85% harvested.,
46687,Sorghum (Jowar),Tamil Nadu,2026-04-13,Harvesting,None Reported,None Reported,None Reported,,,1,0.9,,Sorghum (Jowar) in Tamil Nadu has 90% harvested.,
46695,Sorghum (Jowar),Telangana,2026-04-13,Harvesting,None Reported,None Reported,None Reported,,,1,0.9,,Sorghum (Jowar) in Telangana has 35% harvested.,
46712,Sunflower,Karnataka,2026-04-13,Harvesting,None Reported,None Reported,None Reported,,,1,0.9,,Sunflower is 100% harvested in Karnataka.,
46715,Sunflower,Maharashtra,2026-04-13,Harvesting,None Reported,None Reported,None Reported,,,1,0.9,,Sunflower in Maharashtra has 90% harvested.,
46722,Sunflower,Tamil Nadu,2026-04-13,Harvesting,None Reported,None Reported,None Reported,,,1,0.9,,Sunflower in Tamil Nadu has 97% harvested.,
46727,Wheat,Bihar,2026-04-13,Harvesting,None Reported,None Reported,None Reported,,,1,0.9,,Wheat in Bihar has 40% harvested.,
46735,Wheat,Haryana,2026-04-13,Harvesting,None Reported,None Reported,None Reported,,,1,0.9,,Wheat in Haryana has 45% harvested.,
46743,Wheat,Madhya Pradesh,2026-04-13,Harvesting,None Reported,None Reported,None Reported,,,1,0.9,,Wheat in Madhya Pradesh has 80% harvested.,
46747,Wheat,Odisha,2026-04-13,Active Growth,None Reported,None Reported,None Reported,,,1,0.7,,,(Area in lakh ha.) ---------- ---------------------------- --------------------- -------------------------------- -------------------- ---------------------------------------------------------------------------------------------------------------------------------------------------------------------------------------------------------------------
46749,Wheat,Punjab,2026-04-13,Harvesting,None Reported,None Reported,None Reported,,,1,0.9,,Wheat in Punjab has 10% harvested.,
46758,Wheat,Uttar Pradesh,2026-04-13,Harvesting,None Reported,None Reported,None Reported,,,1,0.9,,Wheat in Uttar Pradesh has 65% harvested.,
46137,Bengal Gram (Gram/Chickpea),Andhra Pradesh,2026-04-06,Harvesting,None Reported,None Reported,None Reported,,,1,0.9,,Bengal Gram (Gram/Chickpea) is 100% harvested in Andhra Pradesh.,
46142,Bengal Gram (Gram/Chickpea),Chhattisgarh,2026-04-06,Harvesting,None Reported,None Reported,None Reported,,,1,0.9,,Bengal Gram (Gram/Chickpea) in Chhattisgarh has 85% harvested.,
46147,Bengal Gram (Gram/Chickpea),Gujarat,2026-04-06,Harvesting,None Reported,None Reported,None Reported,,,1,0.9,,Bengal Gram (Gram/Chickpea) is 100% harvested in Gujarat.,
46153,Bengal Gram (Gram/Chickpea),Karnataka,2026-04-06,Harvesting,None Reported,None Reported,None Reported,,,1,0.9,,Bengal Gram (Gram/Chickpea) in Karnataka has 85% harvested.,
46158,Bengal Gram (Gram/Chickpea),Madhya Pradesh,2026-04-06,Harvesting,None Reported,None Reported,None Reported,,,1,0.9,,Bengal Gram (Gram/Chickpea) in Madhya Pradesh has 70% harvested.,
46164,Bengal Gram (Gram/Chickpea),Maharashtra,2026-04-06,Harvesting,None Reported,None Reported,None Reported,,,1,0.9,,Bengal Gram (Gram/Chickpea) in Maharashtra has 95% harvested.,
46177,Bengal Gram (Gram/Chickpea),Rajasthan,2026-04-06,Harvesting,None Reported,None Reported,None Reported,,,1,0.9,,Bengal Gram (Gram/Chickpea) in Rajasthan has 70% harvested.,
46185,Bengal Gram (Gram/Chickpea),Uttar Pradesh,2026-04-06,Harvesting,None Reported,None Reported,None Reported,,,1,0.9,,Bengal Gram (Gram/Chickpea) in Uttar Pradesh has 60% harvested.,
46241,Crop,Odisha,2026-04-06,Active Growth,Coastal  Regions  Of  Gujarat  State; Coastal Andhra Pradesh; Coastal Andhra Pradesh And Kerala; Konkan; Many Parts Of Bihar; Odisha; Southern Parts Of Kerala; Tamil Nadu,None Reported,Coastal  Regions  Of  Gujarat  State; Coastal Andhra Pradesh; Coastal Andhra Pradesh And Kerala; Konkan; Many Parts Of Bihar; Odisha; Southern Parts Of Kerala; Tamil Nadu,,,3,0.9,,,
46266,Green Gram (Moong),Andhra Pradesh,2026-04-06,Harvesting,None Reported,None Reported,None Reported,,,2,0.9,,"| 3                                                             | Pulses                                                        | 140.42                                                        | 139.55                                                        | 82.00                                                         | Overall around 82% area has been harvested mainly in Gram (82%), Lentil (66%), Fieldpae (94%), Urdbean (93%), Moongbean (69%), etc has already been harvested.                                        |,Green Gram (Moong) in Andhra Pradesh has 85% harvested.",
46271,Green Gram (Moong),Bihar,2026-04-06,Harvesting,None Reported,None Reported,None Reported,,,1,0.9,,Green Gram (Moong) in Bihar has 40% harvested.,
46273,Green Gram (Moong),Chhattisgarh,2026-04-06,Harvesting,None Reported,None Reported,None Reported,,,1,0.9,,Green Gram (Moong) is 100% harvested in Chhattisgarh.,
46278,Green Gram (Moong),Tamil Nadu,2026-04-06,Harvesting,None Reported,None Reported,None Reported,,,1,0.9,,Green Gram (Moong) in Tamil Nadu has 90% harvested.,
46286,Green Gram (Moong),West Bengal,2026-04-06,Harvesting,None Reported,None Reported,None Reported,,,1,0.9,,Green Gram (Moong) in West Bengal has 90% harvested.,
46288,Groundnut,Andhra Pradesh,2026-04-06,Harvesting,None Reported,None Reported,None Reported,,,4,0.85,,"Groundnut in Andhra Pradesh has 24% harvested.,|    |                |        |        |       | (20%), etc has already been harvested.                                                                                               |,Groundnut in Andhra Pradesh has 36% harvested.",
46301,Groundnut,Karnataka,2026-04-06,Harvesting,None Reported,None Reported,None Reported,,,1,0.9,,Groundnut in Karnataka has 92% harvested.,
46312,Groundnut,Madhya Pradesh,2026-04-06,Harvesting,None Reported,None Reported,None Reported,,,1,0.9,,"| 5                                                             | Oilseeds                                                      | 86.78                                                         | 97.19                                                         | 94.07                                                         | Overall around 94% area has been harvested mainly in Rapeseed & Mustard (99%), Groundnut (38%), Safflower (83%), Sunflower (78%), Linseed (86%), etc has already been harvested.                      |",
46320,Groundnut,Tamil Nadu,2026-04-06,Harvesting,None Reported,None Reported,None Reported,,,1,0.9,,Groundnut in Tamil Nadu has 50% harvested.,
46328,Groundnut,Telangana,2026-04-06,Harvesting,None Reported,None Reported,None Reported,,,2,0.9,,"Groundnut in Telangana has 67% harvested.,Groundnut in Telangana has 14% harvested.",
46345,Lentil (Masur),Andhra Pradesh,2026-04-06,Harvesting,None Reported,None Reported,None Reported,,,1,0.9,,Lentil (Masur) in Andhra Pradesh has 90% harvested.,
46350,Lentil (Masur),Assam,2026-04-06,Harvesting,None Reported,None Reported,None Reported,,,1,0.9,,Lentil (Masur) is 100% harvested in Assam.,
46355,Lentil (Masur),Bihar,2026-04-06,Harvesting,None Reported,None Reported,None Reported,,,2,0.9,,"Lentil (Masur) in Bihar has 50% harvested.,Lentil (Masur) in Bihar has 70% harvested.",
46360,Lentil (Masur),Chhattisgarh,2026-04-06,Harvesting,None Reported,None Reported,None Reported,,,1,0.9,,Lentil (Masur) in Chhattisgarh has 25% harvested.,
46365,Lentil (Masur),Jharkhand,2026-04-06,Harvesting,None Reported,None Reported,None Reported,,,1,0.9,,Lentil (Masur) in Jharkhand has 60% harvested.,
46367,Lentil (Masur),Karnataka,2026-04-06,Harvesting,None Reported,None Reported,None Reported,,,1,0.9,,Lentil (Masur) is 100% harvested in Karnataka.,
46369,Lentil (Masur),Madhya Pradesh,2026-04-06,Harvesting,None Reported,None Reported,None Reported,,,2,0.9,,"Lentil (Masur) in Madhya Pradesh has 75% harvested.,Lentil (Masur) is 100% harvested in Madhya Pradesh.",
46374,Lentil (Masur),Tamil Nadu,2026-04-06,Harvesting,None Reported,None Reported,None Reported,,,2,0.9,,"Lentil (Masur) in Tamil Nadu has 95% harvested.,Lentil (Masur) is 100% harvested in Tamil Nadu.",
46379,Lentil (Masur),Uttar Pradesh,2026-04-06,Harvesting,None Reported,None Reported,None Reported,,,2,0.9,,"Lentil (Masur) in Uttar Pradesh has 60% harvested.,Lentil (Masur) in Uttar Pradesh has 95% harvested.",
46384,Lentil (Masur),West Bengal,2026-04-06,Harvesting,None Reported,None Reported,None Reported,,,3,0.9,,"Lentil (Masur) in West Bengal has 85% harvested.,Lentil (Masur) is 100% harvested in West Bengal.,Lentil (Masur) in West Bengal has 95% harvested.",
46390,Maize,Andhra Pradesh,2026-04-06,Harvesting,None Reported,None Reported,None Reported,,,1,0.9,,Maize in Andhra Pradesh has 15% harvested.,
46398,Maize,Bihar,2026-04-06,Harvesting,None Reported,None Reported,None Reported,,,3,0.9,,"| h                                                             | Other Pulses $                                                | 5.46                                                          | 5.30                                                          | 93.00                                                         | Harvesting is going on in a full swing.                                                                                                                                                               |,| 4                                                             | Shri Anna & Coarse cereals                                    | 55.33                                                         | 60.93                                                         | 43.57                                                         | Overall around 44% area has been harvested mainly in Jowar (59%), Maize (36%), Barley (20%), etc has already been harvested.                                                                          |,Maize in Bihar has 22% harvested.",
46414,Maize,Gujarat,2026-04-06,Harvesting,None Reported,None Reported,None Reported,,,1,0.9,,Maize in Gujarat has 39% harvested.,
46425,Maize,Karnataka,2026-04-06,Harvesting,None Reported,None Reported,None Reported,,,1,0.9,,Maize in Karnataka has 67% harvested.,
46433,Maize,Madhya Pradesh,2026-04-06,Harvesting,None Reported,None Reported,None Reported,,,1,0.9,,Maize in Madhya Pradesh has 13% harvested.,
46446,Maize,Maharashtra,2026-04-06,Harvesting,None Reported,None Reported,None Reported,,,2,0.9,,"Maize in Maharashtra has 27% harvested.,Maize in Maharashtra has 15% harvested.",
46458,Maize,Rajasthan,2026-04-06,Harvesting,None Reported,None Reported,None Reported,,,1,0.9,,Maize in Rajasthan has 25% harvested.,
46466,Maize,Tamil Nadu,2026-04-06,Harvesting,None Reported,None Reported,None Reported,,,1,0.9,,Maize in Tamil Nadu has 65% harvested.,
46471,Maize,Telangana,2026-04-06,Harvesting,None Reported,None Reported,None Reported,,,1,0.9,,Maize in Telangana has 87% harvested.,
46477,Maize,Uttar Pradesh,2026-04-06,Harvesting,None Reported,None Reported,None Reported,,,1,0.9,,Maize in Uttar Pradesh has 12% harvested.,
46485,Maize,West Bengal,2026-04-06,Harvesting,None Reported,None Reported,None Reported,,,1,0.9,,Maize in West Bengal has 25% harvested.,
46488,Mustard,Andhra Pradesh,2026-04-06,Harvesting,None Reported,None Reported,None Reported,,,1,0.9,,Mustard in Andhra Pradesh has 62% harvested.,
46491,Mustard,Assam,2026-04-06,Harvesting,None Reported,None Reported,None Reported,,,1,0.9,,Mustard is 100% harvested in Assam.,
46493,Mustard,Bihar,2026-04-06,Harvesting,None Reported,None Reported,None Reported,,,1,0.9,,Mustard is 100% harvested in Bihar.,
46494,Mustard,Chhattisgarh,2026-04-06,Harvesting,None Reported,None Reported,None Reported,,,1,0.9,,Mustard in Chhattisgarh has 88% harvested.,
46496,Mustard,Gujarat,2026-04-06,Harvesting,None Reported,None Reported,None Reported,,,1,0.9,,Mustard is 100% harvested in Gujarat.,
46498,Mustard,Haryana,2026-04-06,Harvesting,None Reported,None Reported,None Reported,,,1,0.9,,Mustard is 100% harvested in Haryana.,
46500,Mustard,Jharkhand,2026-04-06,Harvesting,None Reported,None Reported,None Reported,,,1,0.9,,Mustard is 100% harvested in Jharkhand.,
46502,Mustard,Karnataka,2026-04-06,Harvesting,None Reported,None Reported,None Reported,,,1,0.9,,Mustard is 100% harvested in Karnataka.,
46504,Mustard,Madhya Pradesh,2026-04-06,Harvesting,None Reported,None Reported,None Reported,,,1,0.9,,Mustard is 100% harvested in Madhya Pradesh.,
46505,Mustard,Punjab,2026-04-06,Harvesting,None Reported,None Reported,None Reported,,,1,0.9,,Mustard is 100% harvested in Punjab.,
46507,Mustard,Rajasthan,2026-04-06,Harvesting,None Reported,None Reported,None Reported,,,1,0.9,,Mustard is 100% harvested in Rajasthan.,
46509,Mustard,Telangana,2026-04-06,Harvesting,None Reported,None Reported,None Reported,,,1,0.9,,Mustard is 100% harvested in Telangana.,
46511,Mustard,Uttar Pradesh,2026-04-06,Harvesting,None Reported,None Reported,None Reported,,,1,0.9,,Mustard in Uttar Pradesh has 90% harvested.,
46513,Mustard,West Bengal,2026-04-06,Harvesting,None Reported,None Reported,None Reported,,,1,0.9,,Mustard is 100% harvested in West Bengal.,
46518,Oilseeds,Bihar,2026-04-06,Harvesting,None Reported,None Reported,None Reported,,,1,0.9,,"| g  | Other Oilseeds |   0.00 |   0.40 | 68.57 | Harvesting is going on.                                                                                                              |
|    | Total Crops    | 637.81 | 676.84 | 48.34 |                                                                                                                                      |
Source: Crop Division, DoA&amp;FW.",
46549,Rice,All India,2026-04-06,Sowing,As On 27.03.2026,None Reported,As On 27.03.2026,,,2,0.9," As on April 03, 2026, the area sown under summer crops is 58.29 lakh ha as compared to 57.80 lakh ha during the corresponding period of last year.  Of this, area of 30.12 lakh ha has been sown under Rice this year.
-","As on 27.03.2026, 32.26% of area has been harvested for Rabi crops all over India. Approximately 67% area  of  Pulses  mainly  in  Gram  (66%),  Urdbean  (86%)  &amp;  Moong  (63%);  71.56%  area  of  Oilseeds majorly in Rapeseed &amp; Mustard (75.53%); 38.31% area of Shri Anna cum Coarse Cereals majorly in Jowar (54.47%), 25.57% area of Rice and 6.00% area of Wheat  has been harvested for Rabi crops 2025-26.",
46559,Rice,Andhra Pradesh,2026-04-06,Harvesting,None Reported,None Reported,None Reported,,,1,0.9,,Rice in Andhra Pradesh has 20% harvested.,
46574,Rice,Kerala,2026-04-06,Harvesting,None Reported,None Reported,None Reported,,,1,0.9,,Rice in Kerala has 80% harvested.,
46588,Rice,Tamil Nadu,2026-04-06,Harvesting,None Reported,None Reported,None Reported,,,1,0.9,,Rice in Tamil Nadu has 85% harvested.,
46604,Rice,Tripura,2026-04-06,Harvesting,None Reported,None Reported,None Reported,,,1,0.9,,Rice in Tripura has 50% harvested.,
46610,Sesame (Sesamum),Andhra Pradesh,2026-04-06,Harvesting,None Reported,None Reported,None Reported,,,1,0.9,,Sesame (Sesamum) in Andhra Pradesh has 6% harvested.,
46612,Sesame (Sesamum),Assam,2026-04-06,Harvesting,None Reported,None Reported,None Reported,,,1,0.9,,Sesame (Sesamum) is 100% harvested in Assam.,
46614,Sesame (Sesamum),Bihar,2026-04-06,Harvesting,None Reported,None Reported,None Reported,,,1,0.9,,Sesame (Sesamum) in Bihar has 50% harvested.,
46619,Sesame (Sesamum),Chhattisgarh,2026-04-06,Harvesting,None Reported,None Reported,None Reported,,,2,0.9,,"Sesame (Sesamum) is 100% harvested in Chhattisgarh.,Sesame (Sesamum) in Chhattisgarh has 55% harvested.",
46624,Sesame (Sesamum),Jharkhand,2026-04-06,Harvesting,None Reported,None Reported,None Reported,,,1,0.9,,Sesame (Sesamum) in Jharkhand has 50% harvested.,
46626,Sesame (Sesamum),Karnataka,2026-04-06,Harvesting,None Reported,None Reported,None Reported,,,1,0.9,,Sesame (Sesamum) is 100% harvested in Karnataka.,
46629,Sesame (Sesamum),Madhya Pradesh,2026-04-06,Harvesting,None Reported,None Reported,None Reported,,,1,0.9,,Sesame (Sesamum) is 100% harvested in Madhya Pradesh.,
46635,Sesame (Sesamum),Odisha,2026-04-06,Harvesting,None Reported,None Reported,None Reported,,,1,0.9,,Sesame (Sesamum) in Odisha has 50% harvested.,
46640,Sesame (Sesamum),Rajasthan,2026-04-06,Harvesting,None Reported,None Reported,None Reported,,,1,0.9,,Sesame (Sesamum) is 100% harvested in Rajasthan.,
46642,Sesame (Sesamum),Tamil Nadu,2026-04-06,Harvesting,None Reported,None Reported,None Reported,,,1,0.9,,Sesame (Sesamum) in Tamil Nadu has 40% harvested.,
46654,Sesame (Sesamum),Uttar Pradesh,2026-04-06,Harvesting,None Reported,None Reported,None Reported,,,1,0.9,,Sesame (Sesamum) in Uttar Pradesh has 90% harvested.,
46657,Sorghum (Jowar),Andhra Pradesh,2026-04-06,Harvesting,None Reported,None Reported,None Reported,,,1,0.9,,Sorghum (Jowar) in Andhra Pradesh has 29% harvested.,
46670,Sorghum (Jowar),Karnataka,2026-04-06,Harvesting,None Reported,None Reported,None Reported,,,1,0.9,,Sorghum (Jowar) in Karnataka has 80% harvested.,
46678,Sorghum (Jowar),Maharashtra,2026-04-06,Harvesting,None Reported,None Reported,None Reported,,,1,0.9,,Sorghum (Jowar) in Maharashtra has 50% harvested.,
46686,Sorghum (Jowar),Tamil Nadu,2026-04-06,Harvesting,None Reported,None Reported,None Reported,,,1,0.9,,Sorghum (Jowar) in Tamil Nadu has 87% harvested.,
46694,Sorghum (Jowar),Telangana,2026-04-06,Harvesting,None Reported,None Reported,None Reported,,,1,0.9,,Sorghum (Jowar) in Telangana has 25% harvested.,
46711,Sunflower,Karnataka,2026-04-06,Harvesting,None Reported,None Reported,None Reported,,,1,0.9,,Sunflower is 100% harvested in Karnataka.,
46718,Sunflower,Odisha,2026-04-06,Harvesting,None Reported,None Reported,None Reported,,,1,0.9,,Sunflower in Odisha has 50% harvested.,
46721,Sunflower,Tamil Nadu,2026-04-06,Harvesting,None Reported,None Reported,None Reported,,,1,0.9,,Sunflower in Tamil Nadu has 80% harvested.,
46733,Wheat,Gujarat,2026-04-06,Harvesting,None Reported,None Reported,None Reported,,,1,0.9,,Wheat in Gujarat has 90% harvested.,
46740,Wheat,Karnataka,2026-04-06,Harvesting,None Reported,None Reported,None Reported,,,1,0.9,,Wheat in Karnataka has 98% harvested.,
46742,Wheat,Madhya Pradesh,2026-04-06,Harvesting,None Reported,None Reported,None Reported,,,1,0.9,,Wheat in Madhya Pradesh has 40% harvested.,
46745,Wheat,Maharashtra,2026-04-06,Harvesting,None Reported,None Reported,None Reported,,,1,0.9,,Wheat in Maharashtra has 17% harvested.,
46746,Wheat,Odisha,2026-04-06,Harvesting,None Reported,None Reported,None Reported,,,1,0.9,," Rice : About 30.12 lakh ha area coverage under Summer Rice has been reported as compared to 32.59 lakh ha during the corresponding period of last year.
-
Pulses :  About  8.79  lakh  ha  area  coverage  has  been  reported  compared  to  7.02  lakh  ha  during  the corresponding period of last year.
-
Oilseeds :  About 7.74 lakh ha area coverage has been reported compared to 7.42 lakh ha during the corresponding period of last year.
| Progress of Area coverage under Summer crops as on 03.04.2026   | Progress of Area coverage under Summer crops as on 03.04.2026   | Progress of Area coverage under Summer crops as on 03.04.2026   | Progress of Area coverage under Summer crops as on 03.04.2026   | Progress of Area coverage under Summer crops as on 03.04.2026   | Progress of Area coverage under Summer crops as on 03.04.2026   | Progress of Area coverage under Summer crops as on 03.04.2026   |
|-----------------------------------------------------------------|-----------------------------------------------------------------|-----------------------------------------------------------------|-----------------------------------------------------------------|-----------------------------------------------------------------|-----------------------------------------------------------------|-----------------------------------------------------------------|
|                                                                 |                                                                 | Normal Summer Area (DES)*                                       | Final Summer Area 2025                                          | Area Sown                                                       | Area Sown                                                       | (In lakh hectare)                                               |
| Sl. No.                                                         | Crops                                                           | Normal Summer Area (DES)*                                       | Final Summer Area 2025                                          | Current Year (2026)                                             | Corresponding period of Last Year (2025)                        | Decrease corresponding period of year                           |
| 1                                                               | Rice                                                            | 31.49                                                           | 33.28                                                           | 30.12                                                           | 32.59                                                           |
2.47                                                           |
| 2                                                               | Pulses                                                          | 23.40                                                           | 27.07                                                           | 8.79                                                            | 7.02                                                            | 1.77                                                            |
| a                                                               | Greengram                                                       | 20.44                                                           | 23.49                                                           | 6.09                                                            | 4.91                                                            | 1.18                                                            |
| b                                                               | Blackgram                                                       | 2.96                                                            | 3.58                                                            | 2.42                                                            | 1.93                                                            | 0.49                                                            |
| c                                                               | Other Pulses                                                    | 0.00                                                            |
| 0.28                                                            | 0.17                                                            | 0.11                                                            |
| 3                                                               | Shree Anna cum Coarse Cereals                                   | 12.08                                                           | 14.06                                                           | 11.64                                                           | 10.77                                                           | 0.87                                                            |
| a                                                               | Jowar                                                           | 0.34                                                            | 0.36                                                            | 0.32                                                            | 0.41                                                            |
0.10                                                           |
| b                                                               | Bajra                                                           | 4.43                                                            | 5.20                                                            | 3.91                                                            | 3.15                                                            | 0.76                                                            |
| c                                                               | Ragi                                                            | 0.31                                                            |
| 0.21                                                            | 0.16                                                            | 0.05                                                            |
| d                                                               | Small Millets                                                   | 0.02                                                            |
| 0.03                                                            | 0.03                                                            | 0.00                                                            |
| e                                                               | Maize                                                           | 6.98                                                            | 8.50                                                            | 7.18                                                            | 7.01                                                            | 0.17                                                            |
| 4                                                               | Oilseeds                                                        | 8.40                                                            | 9.51                                                            | 7.74                                                            | 7.42                                                            | 0.31                                                            |
| a                                                               | Groundnut                                                       | 3.40                                                            | 4.20                                                            | 4.59                                                            | 4.20                                                            | 0.39                                                            |
| b                                                               | Sunflower                                                       | 0.34                                                            | 0.35                                                            | 0.38                                                            | 0.36                                                            | 0.03                                                            |
| c                                                               | Sesamum                                                         | 4.66                                                            | 4.96                                                            | 2.71                                                            | 2.80                                                            |
0.09                                                           |
| d                                                               | Other Oilseeds                                                  | 0.00                                                            |
| 0.05                                                            | 0.06                                                            |
0.01                                                           |
| Total                                                           | Total                                                           | 75.37                                                           | 83.92                                                           | 49.87                                                           | 58.29                                                           | 0.48                                                            |
| SOWING AND HARVESTING STATUS OF RABI CROPS AS ON 03.04.2026   | SOWING AND HARVESTING STATUS OF RABI CROPS AS ON 03.04.2026   | SOWING AND HARVESTING STATUS OF RABI CROPS AS ON 03.04.2026   | SOWING AND HARVESTING STATUS OF RABI CROPS AS ON 03.04.2026   | SOWING AND HARVESTING STATUS OF RABI CROPS AS ON 03.04.2026   | SOWING AND HARVESTING STATUS OF RABI CROPS AS ON 03.04.2026                                                                                                                                           |
|---------------------------------------------------------------|---------------------------------------------------------------|---------------------------------------------------------------|---------------------------------------------------------------|---------------------------------------------------------------|-------------------------------------------------------------------------------------------------------------------------------------------------------------------------------------------------------|",
46756,Wheat,Rajasthan,2026-04-06,Harvesting,None Reported,None Reported,None Reported,,,1,0.9,,Wheat in Rajasthan has 50% harvested.,
46136,Bengal Gram (Gram/Chickpea),Andhra Pradesh,2026-03-30,Harvesting,None Reported,None Reported,None Reported,,,1,0.9,,Bengal Gram (Gram/Chickpea) in Andhra Pradesh has 95% harvested.,
46141,Bengal Gram (Gram/Chickpea),Chhattisgarh,2026-03-30,Harvesting,None Reported,None Reported,None Reported,,,1,0.9,,Bengal Gram (Gram/Chickpea) in Chhattisgarh has 40% harvested.,
46146,Bengal Gram (Gram/Chickpea),Gujarat,2026-03-30,Harvesting,None Reported,None Reported,None Reported,,,1,0.9,,Bengal Gram (Gram/Chickpea) is 100% harvested in Gujarat.,
46152,Bengal Gram (Gram/Chickpea),Karnataka,2026-03-30,Harvesting,None Reported,None Reported,None Reported,,,1,0.9,,Bengal Gram (Gram/Chickpea) in Karnataka has 75% harvested.,
46157,Bengal Gram (Gram/Chickpea),Madhya Pradesh,2026-03-30,Harvesting,None Reported,None Reported,None Reported,,,1,0.9,,Bengal Gram (Gram/Chickpea) in Madhya Pradesh has 45% harvested.,
46163,Bengal Gram (Gram/Chickpea),Maharashtra,2026-03-30,Harvesting,None Reported,None Reported,None Reported,,,1,0.9,,Bengal Gram (Gram/Chickpea) in Maharashtra has 80% harvested.,
46176,Bengal Gram (Gram/Chickpea),Rajasthan,2026-03-30,Harvesting,None Reported,None Reported,None Reported,,,1,0.9,,Bengal Gram (Gram/Chickpea) in Rajasthan has 50% harvested.,
46184,Bengal Gram (Gram/Chickpea),Uttar Pradesh,2026-03-30,Harvesting,None Reported,None Reported,None Reported,,,1,0.9,,Bengal Gram (Gram/Chickpea) in Uttar Pradesh has 50% harvested.,
46212,Crop,Chhattisgarh,2026-03-30,Active Growth,Chhattisgarh And Konkan &Amp; Goa; East India; South India,None Reported,Chhattisgarh And Konkan &Amp; Goa; East India; South India,,,1,0.9,,,
46225,Crop,Karnataka,2026-03-30,Active Growth,Chhattisgarh; Coastal Karnataka; East India; Konkan &Amp; Goa; North Kerala,None Reported,Chhattisgarh; Coastal Karnataka; East India; Konkan &Amp; Goa; North Kerala,,,1,0.9,,,
46265,Green Gram (Moong),Andhra Pradesh,2026-03-30,Harvesting,None Reported,None Reported,None Reported,,,2,0.9,,"| 3         | Pulses                     |              140.42 |                 139.55 |              67.00 | Overall around 67% area has been harvested mainly in Gram (66%), Lentil (48%), Fieldpea (89%), Urdbean (86%), Moongbean (63%), etc has already been harvested.                                      |,Green Gram (Moong) in Andhra Pradesh has 75% harvested.",
46270,Green Gram (Moong),Bihar,2026-03-30,Harvesting,None Reported,None Reported,None Reported,,,1,0.9,,Green Gram (Moong) in Bihar has 40% harvested.,
46272,Green Gram (Moong),Chhattisgarh,2026-03-30,Harvesting,None Reported,None Reported,None Reported,,,1,0.9,,Green Gram (Moong) in Chhattisgarh has 75% harvested.,
46277,Green Gram (Moong),Tamil Nadu,2026-03-30,Harvesting,None Reported,None Reported,None Reported,,,1,0.9,,Green Gram (Moong) in Tamil Nadu has 90% harvested.,
46285,Green Gram (Moong),West Bengal,2026-03-30,Harvesting,None Reported,None Reported,None Reported,,,1,0.9,,Green Gram (Moong) in West Bengal has 90% harvested.,
46287,Groundnut,Andhra Pradesh,2026-03-30,Harvesting,None Reported,None Reported,None Reported,,,2,0.9,,"Groundnut in Andhra Pradesh has 20% harvested.,Groundnut in Andhra Pradesh has 30% harvested.",
46300,Groundnut,Karnataka,2026-03-30,Harvesting,None Reported,None Reported,None Reported,,,2,0.9,,"Groundnut in Karnataka has 12% harvested.,Groundnut in Karnataka has 87% harvested.",
46311,Groundnut,Madhya Pradesh,2026-03-30,Harvesting,None Reported,None Reported,None Reported,,,1,0.9,,"| 5   | Oilseeds           |   86.78 |   97.19 |   71.56 | Overall around 72% area has been harvested mainly in Rapeseed & Mustard (76%), Groundnut (30%), Safflower (53%), Sunflower (67%), Linseed (48%), etc has already been harvested.               |",
46319,Groundnut,Tamil Nadu,2026-03-30,Harvesting,None Reported,None Reported,None Reported,,,1,0.9,,Groundnut in Tamil Nadu has 39% harvested.,
46327,Groundnut,Telangana,2026-03-30,Harvesting,None Reported,None Reported,None Reported,,,2,0.9,,"Groundnut in Telangana has 67% harvested.,Groundnut in Telangana has 14% harvested.",
46344,Lentil (Masur),Andhra Pradesh,2026-03-30,Harvesting,None Reported,None Reported,None Reported,,,1,0.9,,Lentil (Masur) in Andhra Pradesh has 75% harvested.,
46349,Lentil (Masur),Assam,2026-03-30,Harvesting,None Reported,None Reported,None Reported,,,1,0.9,,Lentil (Masur) is 100% harvested in Assam.,
46354,Lentil (Masur),Bihar,2026-03-30,Harvesting,None Reported,None Reported,None Reported,,,1,0.9,,Lentil (Masur) in Bihar has 25% harvested.,
46359,Lentil (Masur),Chhattisgarh,2026-03-30,Harvesting,None Reported,None Reported,None Reported,,,2,0.9,,"Lentil (Masur) is 100% harvested in Chhattisgarh.,Lentil (Masur) in Chhattisgarh has 25% harvested.",
46364,Lentil (Masur),Jharkhand,2026-03-30,Harvesting,None Reported,None Reported,None Reported,,,1,0.9,,Lentil (Masur) in Jharkhand has 50% harvested.,
46366,Lentil (Masur),Karnataka,2026-03-30,Harvesting,None Reported,None Reported,None Reported,,,1,0.9,,Lentil (Masur) is 100% harvested in Karnataka.,
46368,Lentil (Masur),Madhya Pradesh,2026-03-30,Harvesting,None Reported,None Reported,None Reported,,,2,0.9,,"Lentil (Masur) in Madhya Pradesh has 50% harvested.,Lentil (Masur) in Madhya Pradesh has 95% harvested.",
46373,Lentil (Masur),Tamil Nadu,2026-03-30,Harvesting,None Reported,None Reported,None Reported,,,2,0.9,,"Lentil (Masur) in Tamil Nadu has 95% harvested.,Lentil (Masur) is 100% harvested in Tamil Nadu.",
46378,Lentil (Masur),Uttar Pradesh,2026-03-30,Harvesting,None Reported,None Reported,None Reported,,,2,0.9,,"Lentil (Masur) in Uttar Pradesh has 50% harvested.,Lentil (Masur) in Uttar Pradesh has 95% harvested.",
46383,Lentil (Masur),West Bengal,2026-03-30,Harvesting,None Reported,None Reported,None Reported,,,3,0.9,,"Lentil (Masur) in West Bengal has 75% harvested.,Lentil (Masur) is 100% harvested in West Bengal.,Lentil (Masur) in West Bengal has 90% harvested.",
46389,Maize,Andhra Pradesh,2026-03-30,Harvesting,None Reported,None Reported,None Reported,,,1,0.9,,Maize in Andhra Pradesh has 13% harvested.,
46397,Maize,Bihar,2026-03-30,Harvesting,None Reported,None Reported,None Reported,,,2,0.9,,"| h         | Other Pulses $             |                5.46 |                   5.30 |              86.00 | Harvesting is going on in a full swing.                                                                                                                                                             |,| 4         | Shri Anna & Coarse cereals |               55.33 |                  60.93 |              38.31 | Overall around 38% area has been harvested mainly in Jowar (54%), Maize (30%), Barley (16%), etc has already been harvested.                                                                        |",
46413,Maize,Gujarat,2026-03-30,Harvesting,None Reported,None Reported,None Reported,,,1,0.9,,Maize in Gujarat has 35% harvested.,
46424,Maize,Karnataka,2026-03-30,Harvesting,None Reported,None Reported,None Reported,,,1,0.9,,Maize in Karnataka has 60% harvested.,
46432,Maize,Madhya Pradesh,2026-03-30,Harvesting,None Reported,None Reported,None Reported,,,1,0.9,,Maize in Madhya Pradesh has 7% harvested.,
46445,Maize,Maharashtra,2026-03-30,Harvesting,None Reported,None Reported,None Reported,,,2,0.9,,"Maize in Maharashtra has 21% harvested.,Maize in Maharashtra has 9% harvested.",
46457,Maize,Rajasthan,2026-03-30,Harvesting,None Reported,None Reported,None Reported,,,1,0.9,,Maize in Rajasthan has 21% harvested.,
46465,Maize,Tamil Nadu,2026-03-30,Harvesting,None Reported,None Reported,None Reported,,,1,0.9,,Maize in Tamil Nadu has 55% harvested.,
46470,Maize,Telangana,2026-03-30,Harvesting,None Reported,None Reported,None Reported,,,1,0.9,,Maize in Telangana has 82% harvested.,
46476,Maize,Uttar Pradesh,2026-03-30,Harvesting,None Reported,None Reported,None Reported,,,1,0.9,,Maize in Uttar Pradesh has 10% harvested.,
46484,Maize,West Bengal,2026-03-30,Harvesting,None Reported,None Reported,None Reported,,,1,0.9,,Maize in West Bengal has 15% harvested.,
46490,Mustard,Assam,2026-03-30,Harvesting,None Reported,None Reported,None Reported,,,1,0.9,,Mustard is 100% harvested in Assam.,
46492,Mustard,Bihar,2026-03-30,Harvesting,None Reported,None Reported,None Reported,,,1,0.9,,Mustard is 100% harvested in Bihar.,
46495,Mustard,Gujarat,2026-03-30,Harvesting,None Reported,None Reported,None Reported,,,1,0.9,,Mustard in Gujarat has 85% harvested.,
46497,Mustard,Haryana,2026-03-30,Harvesting,None Reported,None Reported,None Reported,,,1,0.9,,Mustard in Haryana has 80% harvested.,
46499,Mustard,Jharkhand,2026-03-30,Harvesting,None Reported,None Reported,None Reported,,,1,0.9,,Mustard in Jharkhand has 60% harvested.,
46501,Mustard,Karnataka,2026-03-30,Harvesting,None Reported,None Reported,None Reported,,,1,0.9,,Mustard is 100% harvested in Karnataka.,
46503,Mustard,Madhya Pradesh,2026-03-30,Harvesting,None Reported,None Reported,None Reported,,,2,0.8,,Mustard in Madhya Pradesh has 70% harvested.,
46506,Mustard,Rajasthan,2026-03-30,Harvesting,None Reported,None Reported,None Reported,,,1,0.9,,Mustard in Rajasthan has 80% harvested.,
46508,Mustard,Telangana,2026-03-30,Harvesting,None Reported,None Reported,None Reported,,,1,0.9,,Mustard is 100% harvested in Telangana.,
46510,Mustard,Uttar Pradesh,2026-03-30,Harvesting,None Reported,None Reported,None Reported,,,1,0.9,,Mustard in Uttar Pradesh has 60% harvested.,
46512,Mustard,West Bengal,2026-03-30,Harvesting,None Reported,None Reported,None Reported,,,1,0.9,,Mustard in West Bengal has 92% harvested.,
46517,Oilseeds,Bihar,2026-03-30,Harvesting,None Reported,None Reported,None Reported,,,1,0.9,,"| g   | Other Oilseeds     |    0.00 |    0.40 |   33.35 | Harvesting is going on.                                                                                                                                                                        |
|     | Total Crops        |  637.81 |  676.84 |   32.26 |                                                                                                                                                                                                |
Source: Crop Division, DoA&amp;FW.",
46522,Oilseeds,Chhattisgarh,2026-03-30,Active Growth,None Reported,None Reported,None Reported,,,1,0.7,,," Rice: About 28.50 lakh ha area coverage under Summer Rice has been reported as compared to 30.69 lakh ha during the corresponding period of last year.
-
Pulses: About 6.06 lakh ha area coverage has been reported compared to 5.60 lakh ha during the corresponding period of last year.
-
Oilseeds: About 5.97 lakh ha area coverage has been reported compared to 6.34 lakh ha during the corresponding period of last year."
46548,Rice,All India,2026-03-30,Sowing,As On 27.03.2026,None Reported,As On 27.03.2026,,,2,0.9,"As on March 27, 2026, the area sown under summer crops is 49.87 lakh ha as compared to 52.35 lakh ha during the corresponding period of last year.  Of this, area of 28.50 lakh ha has been sown under Rice this year.
-","As on 27.03.2026, 32.26% of area has been harvested for Rabi crops all over India. Approximately 67% area of Pulses mainly in Gram (66%), Urdbean (86%) &amp; Moong (63%); 71.56% area of Oilseeds majorly in  Rapeseed  &amp; Mustard (75.53%); 38.31% area of Shri Anna cum Coarse Cereals majorly in Jowar (54.47%), 25.57% area of Rice and 6.00% area of Wheat  has been harvested for Rabi crops 2025-26.",
46558,Rice,Andhra Pradesh,2026-03-30,Harvesting,None Reported,None Reported,None Reported,,,1,0.9,,Rice in Andhra Pradesh has 6% harvested.,
46573,Rice,Kerala,2026-03-30,Harvesting,None Reported,None Reported,None Reported,,,1,0.9,,Rice in Kerala has 60% harvested.,
46587,Rice,Tamil Nadu,2026-03-30,Harvesting,None Reported,None Reported,None Reported,,,1,0.9,,Rice in Tamil Nadu has 83% harvested.,
46603,Rice,Tripura,2026-03-30,Harvesting,None Reported,None Reported,None Reported,,,1,0.9,,Rice in Tripura has 40% harvested.,
46609,Sesame (Sesamum),Andhra Pradesh,2026-03-30,Harvesting,None Reported,None Reported,None Reported,,,1,0.9,,Sesame (Sesamum) in Andhra Pradesh has 6% harvested.,
46613,Sesame (Sesamum),Bihar,2026-03-30,Harvesting,None Reported,None Reported,None Reported,,,1,0.9,,Sesame (Sesamum) in Bihar has 20% harvested.,
46618,Sesame (Sesamum),Chhattisgarh,2026-03-30,Harvesting,None Reported,None Reported,None Reported,,,2,0.9,,"Sesame (Sesamum) is 100% harvested in Chhattisgarh.,Sesame (Sesamum) in Chhattisgarh has 45% harvested.",
46623,Sesame (Sesamum),Jharkhand,2026-03-30,Harvesting,None Reported,None Reported,None Reported,,,1,0.9,,Sesame (Sesamum) in Jharkhand has 25% harvested.,
46625,Sesame (Sesamum),Karnataka,2026-03-30,Harvesting,None Reported,None Reported,None Reported,,,1,0.9,,Sesame (Sesamum) is 100% harvested in Karnataka.,
46628,Sesame (Sesamum),Madhya Pradesh,2026-03-30,Harvesting,None Reported,None Reported,None Reported,,,1,0.9,,Sesame (Sesamum) in Madhya Pradesh has 60% harvested.,
46634,Sesame (Sesamum),Odisha,2026-03-30,Harvesting,None Reported,None Reported,None Reported,,,1,0.9,,Sesame (Sesamum) in Odisha has 10% harvested.,
46639,Sesame (Sesamum),Rajasthan,2026-03-30,Harvesting,None Reported,None Reported,None Reported,,,1,0.9,,Sesame (Sesamum) in Rajasthan has 50% harvested.,
46641,Sesame (Sesamum),Tamil Nadu,2026-03-30,Harvesting,None Reported,None Reported,None Reported,,,1,0.9,,Sesame (Sesamum) in Tamil Nadu has 33% harvested.,
46653,Sesame (Sesamum),Uttar Pradesh,2026-03-30,Harvesting,None Reported,None Reported,None Reported,,,1,0.9,,Sesame (Sesamum) in Uttar Pradesh has 40% harvested.,
46656,Sorghum (Jowar),Andhra Pradesh,2026-03-30,Harvesting,None Reported,None Reported,None Reported,,,1,0.9,,Sorghum (Jowar) in Andhra Pradesh has 29% harvested.,
46669,Sorghum (Jowar),Karnataka,2026-03-30,Harvesting,None Reported,None Reported,None Reported,,,1,0.9,,Sorghum (Jowar) in Karnataka has 75% harvested.,
46677,Sorghum (Jowar),Maharashtra,2026-03-30,Harvesting,None Reported,None Reported,None Reported,,,1,0.9,,Sorghum (Jowar) in Maharashtra has 45% harvested.,
46685,Sorghum (Jowar),Tamil Nadu,2026-03-30,Harvesting,None Reported,None Reported,None Reported,,,1,0.9,,Sorghum (Jowar) in Tamil Nadu has 85% harvested.,
46693,Sorghum (Jowar),Telangana,2026-03-30,Harvesting,None Reported,None Reported,None Reported,,,1,0.9,,Sorghum (Jowar) in Telangana has 20% harvested.,
46710,Sunflower,Karnataka,2026-03-30,Harvesting,None Reported,None Reported,None Reported,,,1,0.9,,Sunflower in Karnataka has 93% harvested.,
46717,Sunflower,Odisha,2026-03-30,Harvesting,None Reported,None Reported,None Reported,,,1,0.9,,Sunflower in Odisha has 30% harvested.,
46720,Sunflower,Tamil Nadu,2026-03-30,Harvesting,None Reported,None Reported,None Reported,,,1,0.9,,Sunflower in Tamil Nadu has 69% harvested.,
46731,Wheat,Chhattisgarh,2026-03-30,Sowing,None Reported,None Reported,None Reported,,,1,0.9,"| Sl. No.   | Crops                         | Normal Summer Area (DES)*   | Final Summer Area 2025   | Area Sown           | Area Sown                                | Increase/ Decrease over corresponding period of Last year   |
|-----------|-------------------------------|-----------------------------|--------------------------|---------------------|------------------------------------------|-------------------------------------------------------------|
| Sl. No.   | Crops                         | Normal Summer Area (DES)*   | Final Summer Area 2025   | Current Year (2026) | Corresponding period of Last Year (2025) | Increase/ Decrease over corresponding period of Last year   |
| 1         | Rice                          | 31.49                       | 33.28                    | 28.50               | 30.69                                    |
2.19                                                       |
| 2         | Pulses                        | 23.40                       | 27.07                    | 6.06                | 5.60                                     | 0.46                                                        |
| a         | Greengram                     | 20.44                       | 23.49                    | 3.91                | 3.65                                     | 0.25                                                        |
| b         | Blackgram                     | 2.96                        | 3.58                     | 1.90                | 1.77                                     | 0.13                                                        |
| c         | Other Pulses                  | 0.00                        |
| 0.25                | 0.17                                     | 0.08                                                        |
| 3         | Shree Anna cum Coarse Cereals | 12.08                       | 14.06                    | 9.34                | 9.71                                     |
0.37                                                       |
| a         | Jowar                         | 0.34                        | 0.36                     | 0.26                | 0.35                                     |
0.10                                                       |
| b         | Bajra                         | 4.43                        | 5.20                     | 2.50                | 2.29                                     | 0.21                                                        |
| c         | Ragi                          | 0.31                        |
| 0.20                | 0.13                                     | 0.07                                                        |
| d         | Small Millets                 | 0.02                        |
| 0.02                | 0.03                                     |
0.01                                                       |
| e         | Maize                         | 6.98                        | 8.50                     | 6.36                | 6.91                                     |
0.54                                                       |
| 4         | Oilseeds                      | 8.40                        | 9.51                     | 5.97                | 6.34                                     |
0.37                                                       |
| a         | Groundnut                     | 3.40                        | 4.20                     | 3.56                | 4.08                                     |
0.52                                                       |
| b         | Sunflower                     | 0.34                        | 0.35                     | 0.34                | 0.30                                     | 0.05                                                        |
| c         | Sesamum                       | 4.66                        | 4.96                     | 2.02                | 1.91                                     | 0.11                                                        |
| d         | Other Oilseeds                | 0.00                        |
| 0.04                | 0.06                                     |
0.02                                                       |
| Total     | Total                         | 75.37                       | 83.92                    | 49.87               | 52.35                                    |
2.47                                                       |
|-----------|----------------------------|---------------------|------------------------|--------------------|-----------------------------------------------------------------------------------------------------------------------------------------------------------------------------------------------------|",,
46732,Wheat,Gujarat,2026-03-30,Harvesting,None Reported,None Reported,None Reported,,,1,0.9,,Wheat in Gujarat has 85% harvested.,
46739,Wheat,Karnataka,2026-03-30,Harvesting,None Reported,None Reported,None Reported,,,1,0.9,,Wheat in Karnataka has 94% harvested.,
46741,Wheat,Madhya Pradesh,2026-03-30,Harvesting,None Reported,None Reported,None Reported,,,1,0.9,,Wheat in Madhya Pradesh has 2% harvested.,
46744,Wheat,Maharashtra,2026-03-30,Harvesting,None Reported,None Reported,None Reported,,,1,0.9,,Wheat in Maharashtra has 40% harvested.,
46755,Wheat,Rajasthan,2026-03-30,Harvesting,None Reported,None Reported,None Reported,,,1,0.9,,Wheat in Rajasthan has 2% harvested.,
46230,Crop,Maharashtra,2026-03-16,Active Growth,Interior  Maharashtra; Interior-Karnatak; Madhya  Pradesh; Rayalaseema; Telangana,None Reported,Interior  Maharashtra; Interior-Karnatak; Madhya  Pradesh; Rayalaseema; Telangana,,,1,0.9,,,
46240,Crop,Odisha,2026-03-16,Active Growth,Arunachal  Pradesh; Cap; Chhattisgarh; Coastal Karnataka; Himachal  Pradesh; Konkan-Goa And Gujarat; Odisha; Some  Parts  Of  East  M.P; Tamil Nadu; Uttarakhand,None Reported,Arunachal  Pradesh; Cap; Chhattisgarh; Coastal Karnataka; Himachal  Pradesh; Konkan-Goa And Gujarat; Odisha; Some  Parts  Of  East  M.P; Tamil Nadu; Uttarakhand,,,1,0.9,,,
46530,Oilseeds,Odisha,2026-03-16,Sowing,None Reported,None Reported,None Reported,,,3,0.77,"Progress of Area coverage under Summer crops as on 13.03.2026
Area: In lakh hectare
| Sl. No.   |                               | Normal Summer Area   | Final Summer Area 2025   | Area Sown           | Area Sown                                | Increase/ Decrease over corresponding period of Last year   |
|-----------|-------------------------------|----------------------|--------------------------|---------------------|------------------------------------------|-------------------------------------------------------------|
| Sl. No.   | Crops                         | (DES)*               | Final Summer Area 2025   | Current Year (2026) | Corresponding period of Last Year (2025) | Increase/ Decrease over corresponding period of Last year   |
| 1         | Rice                          | 31.49                | 33.28                    | 26.75               | 27.97                                    |
1.22                                                       |
| 2         | Pulses                        | 23.40                | 27.07                    | 2.25                | 1.74                                     | 0.51                                                        |
| a         | Greengram                     | 20.44                | 23.49                    | 1.33                | 1.09                                     | 0.23                                                        |
| b         | Blackgram                     | 2.96                 | 3.58                     | 0.71                | 0.51                                     | 0.20                                                        |
| c         | Other Pulses                  | 0.00                 |
| 0.21                | 0.13                                     | 0.08                                                        |
| 3         | Shree Anna cum Coarse Cereals | 12.08                | 14.06                    | 4.14                | 4.41                                     |
0.26                                                       |
| a         | Jowar                         | 0.34                 | 0.36                     | 0.15                | 0.25                                     |
0.10                                                       |
| b         | Bajra                         | 4.43                 | 5.20                     | 0.83                | 0.84                                     |
0.02                                                       |
| c         | Ragi                          | 0.31                 |
| 0.19                | 0.11                                     | 0.08                                                        |
| d         | Small Millets                 | 0.02                 |
| 0.02                | 0.02                                     | 0.00                                                        |
| e         | Maize                         | 6.98                 | 8.50                     | 2.96                | 3.19                                     |
0.22                                                       |
| 4         | Oilseeds                      | 8.40                 | 9.51                     | 3.08                | 3.13                                     |
0.06                                                       |
| a         | Groundnut                     | 3.40                 | 4.20                     | 2.00                | 2.04                                     |
0.04                                                       |
| b         | Sunflower                     | 0.34                 | 0.35                     | 0.24                | 0.20                                     | 0.03                                                        |
| c         | Sesamum                       | 4.66                 | 4.96                     | 0.80                | 0.84                                     |
0.04                                                       |
| d         | Other Oilseeds                | 0.00                 |
| 0.04                | 0.05                                     |
0.01                                                       |
| Total     | Total                         | 75.37                | 83.92                    | 36.22               | 37.25                                    |
1.03                                                       |",," Rice: About 21.80 lakh ha area coverage under Summer Rice has been reported as compared to 23.45 lakh ha during the corresponding period of last year.
-
Pulses: About 1.15 lakh ha area coverage has been reported compared to 1.03 lakh ha during the corresponding period of last year.
-
Oilseeds: About 1.69 lakh ha area coverage has been reported compared to 1.26 lakh ha during the corresponding period of last year."
46516,Oilseeds,All India,2026-03-09,Active Growth,None Reported,None Reported,None Reported,,,1,0.7,,," Rice: About 21.80 lakh ha area coverage under Summer Rice has been reported as compared to 23.45 lakh ha during the corresponding period of last year.
-
Pulses: About 1.15 lakh ha area coverage has been reported compared to 1.03 lakh ha during the corresponding period of last year.
-
Oilseeds: About 1.69 lakh ha area coverage has been reported compared to 1.26 lakh ha during the corresponding period of last year."
46527,Oilseeds,Maharashtra,2026-03-09,Active Growth,None Reported,None Reported,None Reported,,,1,0.7,,,
46224,Crop,Karnataka,2026-03-02,Active Growth,Bihar; Gujarat  State; Many  Parts  Of  M.P; Rayalseema; Some  Parts  Of  Madhya  Maharashtra; Some  Parts  Of  Tamil  Nadu; South  Karnataka,None Reported,Bihar; Gujarat  State; Many  Parts  Of  M.P; Rayalseema; Some  Parts  Of  Madhya  Maharashtra; Some  Parts  Of  Tamil  Nadu; South  Karnataka,,,1,0.9,,,
46229,Crop,Maharashtra,2026-03-02,Active Growth,Leaf curl,None Reported,Leaf curl,,,1,0.9,,,
46254,Crop,Punjab,2026-03-02,Active Growth,Especially  Western  Rajasthan; Haryana And Chandigarh; In  Post-Monsoon 2025; Punjab,None Reported,Especially  Western  Rajasthan; Haryana And Chandigarh; In  Post-Monsoon 2025; Punjab,,,3,0.9,,,
46525,Oilseeds,Karnataka,2026-03-02,Sowing,None Reported,None Reported,None Reported,,,2,0.8,"Progress of Area coverage under Summer crops as on 27.02.2026
Area: In lakh hectare
|         |                               | Normal             | Final Summer Area 2025   | Area Sown           | Area Sown                                |   Increase/ Decrease over corresponding period of Last year |
|---------|-------------------------------|--------------------|--------------------------|---------------------|------------------------------------------|-------------------------------------------------------------|
| Sl. No. | Crops                         | Summer Area (DES)* |                          | Current Year (2026) | Corresponding period of Last Year (2025) |                                                             |
| 1       | Rice                          | 31.49              | 33.28                    | 21.80               | 23.45                                    |
1.64 |
| 2       | Pulses                        | 23.40              | 27.07                    | 1.15                | 1.03                                     |                                                        0.12 |
| a       | Greengram                     | 20.44              | 23.49                    | 0.73                | 0.70                                     |                                                        0.03 |
| b       | Blackgram                     | 2.96               | 3.58                     | 0.32                | 0.30                                     |                                                        0.01 |
| c       | Other Pulses                  | 0.00               |
| 0.11                | 0.03                                     |                                                        0.08 |
| 3       | Shree Anna cum Coarse Cereals | 12.08              | 14.06                    | 1.88                | 1.68                                     |                                                        0.20 |
| a       | Jowar                         | 0.34               | 0.36                     | 0.06                | 0.04                                     |                                                        0.02 |
| b       | Bajra                         | 4.43               | 5.20                     | 0.31                | 0.21                                     |                                                        0.10 |
| c       | Ragi                          | 0.31               |
| 0.17                | 0.05                                     |                                                        0.11 |
| d       | Small Millets                 | 0.02               |
| 0.02                | 0.01                                     |                                                        0.01 |
| e       | Maize                         | 6.98               | 8.50                     | 1.33                | 1.36                                     |
0.04 |
| 4       | Oilseeds                      | 8.40               | 9.51                     | 1.69                | 1.26                                     |                                                        0.43 |
| a       | Groundnut                     | 3.40               | 4.20                     | 1.33                | 1.02                                     |                                                        0.30 |
| b     | Sunflower      |   0.34 | 0.35   |   0.07 |   0.06 |   0.01 |
|-------|----------------|--------|--------|--------|--------|--------|
| c     | Sesamum        |   4.66 | 4.96   |   0.26 |   0.17 |   0.09 |
| d     | Other Oilseeds |   0.00 |
|   0.03 |   0.01 |   0.02 |
| Total | Total          |  75.37 | 83.92  |  26.53 |  27.42 |
0.89 |",," Rice: About 21.80 lakh ha area coverage under Summer Rice has been reported as compared to 23.45 lakh ha during the corresponding period of last year.
-
Pulses: About 1.15 lakh ha area coverage has been reported compared to 1.03 lakh ha during the corresponding period of last year.
-
Oilseeds: About 1.69 lakh ha area coverage has been reported compared to 1.26 lakh ha during the corresponding period of last year."
46526,Oilseeds,Maharashtra,2026-03-02,Active Growth,None Reported,None Reported,None Reported,,,1,0.7,,,
46515,Oilseeds,All India,2026-02-23,Sowing,None Reported,None Reported,None Reported,,,2,0.8,"Progress of Area coverage under Summer crops as on 20.02.2026
Area: In lakh hectare
|         |              |   Normal Summer Area (DES)* | Final Summer Area 2025   | Area Sown           | Area Sown                                |   Increase/ Decrease over corresponding period of Last year |
|---------|--------------|-----------------------------|--------------------------|---------------------|------------------------------------------|-------------------------------------------------------------|
| Sl. No. | Crops        |                             |                          | Current Year (2026) | Corresponding period of Last Year (2025) |                                                             |
| 1       | Rice         |                       31.49 | 33.28                    | 17.78               | 17.78                                    |                                                        0.00 |
| 2       | Pulses       |                       23.40 | 27.07                    | 0.91                | 0.76                                     |                                                        0.15 |
| a       | Greengram    |                       20.44 | 23.49                    | 0.59                | 0.56                                     |                                                        0.03 |
| b       | Blackgram    |                        2.96 | 3.58                     | 0.25                | 0.19                                     |                                                        0.06 |
| c       | Other Pulses |                        0.00 |
| 0.07                | 0.01                                     |                                                        0.06 |
| 3     | Shree Anna cum Coarse Cereals   |   12.08 | 14.06   |   1.38 |   1.08 |   0.30 |
|-------|---------------------------------|---------|---------|--------|--------|--------|
| a     | Jowar                           |    0.34 | 0.36    |   0.04 |   0.03 |   0.02 |
| b     | Bajra                           |    4.43 | 5.20    |   0.12 |   0.14 |
0.03 |
| c     | Ragi                            |    0.31 |
|   0.15 |   0.02 |   0.13 |
| d     | Small Millets                   |    0.02 |
|   0.01 |   0.00 |   0.01 |
| e     | Maize                           |    6.98 | 8.50    |   1.06 |   0.89 |   0.17 |
| 4     | Oilseeds                        |    8.40 | 9.51    |   1.24 |   0.77 |   0.46 |
| a     | Groundnut                       |    3.40 | 4.20    |   1.04 |   0.60 |   0.44 |
| b     | Sunflower                       |    0.34 | 0.35    |   0.07 |   0.06 |   0.01 |
| c     | Sesamum                         |    4.66 | 4.96    |   0.12 |   0.12 |   0.00 |
| d     | Other Oilseeds                  |    0.00 |
|   0.01 |   0.00 |   0.01 |
| Total | Total                           |   75.37 | 83.92   |  21.30 |  20.38 |   0.92 |",," Rice: About 17.78 lakh ha area coverage under Summer Rice has been reported as compared to 17.78 lakh ha during the corresponding period of last year.
-
Pulses: About 0.91 lakh ha area coverage has been reported compared to 0.76 lakh ha during the corresponding period of last year.
-
Oilseeds: About 1.24 lakh ha area coverage has been reported compared to 0.77 lakh ha during the corresponding period of last year."
46223,Crop,Karnataka,2026-02-16,Active Growth,None Reported,None Reported,None Reported,,,2,0.9,,,
46524,Oilseeds,Karnataka,2026-02-16,Active Growth,None Reported,None Reported,None Reported,,,2,0.8,,," Rice: About 12.80 lakh ha area coverage under Summer Rice has been reported as compared to 13.16 lakh ha during the corresponding period of last year.
-
Pulses: About 0.58 lakh ha area coverage has been reported compared to 0.50 lakh ha during the corresponding period of last year.
-
Oilseeds: About 0.99 lakh ha area coverage has been reported compared to 0.59 lakh ha during the corresponding period of last year."
46162,Bengal Gram (Gram/Chickpea),Maharashtra,2026-02-09,Active Growth,None Reported,None Reported,None Reported,,,1,0.7,,," Wheat: About 334.17 lakh ha (107% of normal) area coverage under Wheat has been reported as compared to 328.04 lakh ha during the corresponding period of last year.
-
Rapeseed &amp; Mustard : About 89.36 (113% of normal) lakh ha area coverage under Rapeseed &amp; Mustard has been reported as compared to 86.57 lakh ha during the corresponding period of last year.
-
Gram: About 96.20 (95.2% of normal) lakh ha area coverage under Gram has been reported as compared to 91.22 lakh ha during the corresponding period of last year."
46228,Crop,Maharashtra,2026-02-09,Active Growth,Central India; Haryana; Many Parts Of Maharashtra; South India; Uttar Pradesh,None Reported,Central India; Haryana; Many Parts Of Maharashtra; South India; Uttar Pradesh,,,1,0.9,,,
46546,Pulses,Maharashtra,2026-02-09,Active Growth,None Reported,None Reported,None Reported,,,2,0.8,,,"Progress of area coverage under Rabi crops as on 30.01.2026 ------ ---------------------------- -------------------- ------------------------- ------------------------------ ----------------------------------------------------------------- 1 Wheat 312.35 334.17 328.04 6.13 2 Rice * 42.93 45.00 44.73 0.27 3 Pulses 140.42 139.55 134.52 5.03 a Gram 100.99 96.20 91.22 4.98 b Lentil 15.13 18.12 17.66 0.45 c Fieldpea $ 6.50 7.92 8.27 0.35 d Kulthi $ 1.98 1.98 2.41 0.43 e Urdbean * 6.16 6.06 5.67 0.39 f Moongbean * 1.41 0.99 1.00 0.00 g Lathyrus $ 2.79 2.98 2.92 0.06 h Other Pulses @ 5.46 5.30 5.37 0.07 4 Shri Anna & Coarse cereals 55.33 60.93 59.99 0.93 a Jowar * 24.62 23.13 25.17 2.04 b Bajra # 0.59 0.16 0.14 0.02 c Ragi # 0.72 0.97 0.70 0.27 d Small Millets # 0.16 0.13 0.10 0.03 e Maize * 23.61 29.16 27.80 1.36 f Barley 5.63 7.38 6.08 1.30 5 Oilseeds 86.78 97.19 93.67 3.52 a Rapeseed & Mustard 79.17 89.36 86.57 2.79 b Groundnut * 3.69 3.52 3.37 0.15 c Safflower 0.72 0.89 0.64 0.25 d Sunflower * 0.79 0.70 0.56 0.14 (Area in lakh hactare) e Sesamum * 0.48 0.33 0.41 0.08 ----- ---------------- -------- -------- -------- --------- f Linseed 1.93 1.99 1.76 0.23 g Other Oilseeds 0.00 0.40 0.35 0.05 Total Crops 637.81 676.84 660.96 15.88 Note: *Average of 2022-23 to 2024-25, $ average (2016-17 to 2020-21) as per DES, # Average of (2018-19 to 2022-23) as per CWWG report.
@: Other Pulses area (2024-25) is including the area of fieldpea, kulthi and lathyrus."
46151,Bengal Gram (Gram/Chickpea),Karnataka,2026-02-02,Active Growth,None Reported,None Reported,None Reported,,,1,0.7,,," Wheat: About 334.17 lakh ha (107% of normal) area coverage under Wheat has been reported as compared to 328.04 lakh ha during the corresponding period of last year.
-
Rapeseed &amp; Mustard : About 89.36 (113% of normal) lakh ha area coverage under Rapeseed &amp; Mustard has been reported as compared to 86.57 lakh ha during the corresponding period of last year.
-
Gram: About 96.20 (95.2% of normal) lakh ha area coverage under Gram has been reported as compared to 91.22 lakh ha during the corresponding period of last year."
46222,Crop,Karnataka,2026-02-02,Active Growth,Many  Parts  Of  Madhya  Maharashtra; Parts  Of  J&Amp;K; West  Madhya  Pradesh,None Reported,Many  Parts  Of  Madhya  Maharashtra; Parts  Of  J&Amp;K; West  Madhya  Pradesh,,,1,0.9,,,
46545,Pulses,Karnataka,2026-02-02,Active Growth,None Reported,None Reported,None Reported,,,2,0.8,,,
46175,Bengal Gram (Gram/Chickpea),Punjab,2026-01-27,Active Growth,None Reported,None Reported,None Reported,,,1,0.7,,," Wheat: About 334.17 lakh ha (107% of normal) area coverage under Wheat has been reported as compared to 328.04 lakh ha during the corresponding period of last year.
-
Rapeseed &amp; Mustard : About 89.36 (113% of normal) lakh ha area coverage under Rapeseed &amp; Mustard has been reported as compared to 86.57 lakh ha during the corresponding period of last year.
-
Gram: About 95.88 (95% of normal) lakh ha area coverage under Gram has been reported as compared to 91.22 lakh ha during the corresponding period of last year."
46221,Crop,Karnataka,2026-01-27,Active Growth,Many  Parts  Of  Madhya  Maharashtra; West  Madhya  Pradesh,None Reported,Many  Parts  Of  Madhya  Maharashtra; West  Madhya  Pradesh,,,1,0.9,,,
46253,Crop,Punjab,2026-01-27,Active Growth,Haryana,None Reported,Haryana,,,1,0.9,,,
46538,Oilseeds,Punjab,2026-01-27,Active Growth,None Reported,None Reported,None Reported,,,2,0.8,,,"Progress of area coverage under Rabi crops as on 23.01.2026 ------------------------------ ------------------------------ --------------- ---------------------------- ------------------------- ------------------------------ -------------------------------------------------- S. No. Crops Area (DES) Final Rabi Area 2024- 25 2025-26 Corresponding period 2024-25 corresponding period 2024-25 1 Wheat 312.35 328.04 334.17 328.04 6.13 2 Rice * 42.93 44.73 31.03 29.23 1.80 3 Pulses 140.42 134.08 137.55 133.94 3.61 a Gram 100.99 91.22 95.88 91.22 4.66 b Lentil 15.13 16.99 18.12 17.66 0.45 c Fieldpea $ 6.50 7.92 8.27 0.35 d Kulthi $ 1.98 1.98 2.41 0.43 e Urdbean * 6.16 6.18 4.81 5.25 0.44 f Moongbean* 1.41 1.36 0.90 0.95 0.04 g Lathyrus $ 2.79 2.98 2.92 0.06 h Other Pulses $ 5.46 18.33 4.95 5.25 0.30 4 Shri Anna & Coarse Cereals 4 Shri Anna & Coarse Cereals 55.33 59.05 60.70 57.45 3.25 a Jowar * 24.62 25.17 23.01 24.22 1.21 b Bajra # 0.59 0.16 0.14 0.02 c Ragi # 0.72 0.97 0.70 0.27 d Small Millets # 0.16 0.13 0.10 0.03 e Maize * 23.61 27.80 29.05 26.21 2.84 f Barley 5.63 6.08 7.37 6.08 1.29 ----- -------------------- -------- -------- -------- -------- -------- 5 Oilseeds 86.78 93.49 97.03 93.58 3.45 a Rapeseed & Mustard 79.17 86.57 89.36 86.57 2.79 b Groundnut * 3.69 3.37 3.52 3.37 0.15 c Safflower 0.72 0.64 0.89 0.67 0.22 d Sunflower * 0.79 0.81 0.64 0.53 0.12 e Sesamum * 0.48 0.41 0.22 0.33 0.10 f Linseed 1.93 1.69 1.99 1.76 0.23 g Other Oilseeds 0.00 0.40 0.35 0.05 Total Crops 637.81 659.39 660.48 642.24 18.24 Note: *Average of 2022-23 to 2024-25, $ average (2016-17 to 2020-21) as per DES, # Average of (2018-19 to 2022-23) as per CWWG report."
46220,Crop,Karnataka,2026-01-12,Active Growth,Saurashtra-Kutch; Some Parts Of Himachal Pradesh,None Reported,Saurashtra-Kutch; Some Parts Of Himachal Pradesh,,,1,0.9,,,
46239,Crop,Odisha,2026-01-12,Active Growth,None Reported,None Reported,None Reported,,,1,0.9,,,
46252,Crop,Punjab,2026-01-12,Active Growth,Punjab; Uttar Pradesh,None Reported,Punjab; Uttar Pradesh,,,1,0.9,,,
46537,Oilseeds,Punjab,2026-01-12,Active Growth,None Reported,None Reported,None Reported,,,2,0.8,,," Wheat: About 334.17 lakh ha (107% of normal) area coverage under Wheat has been reported as compared to 328.04 lakh ha during the corresponding period of last year.
-
Rapeseed &amp; Mustard : About 89.36 (113% of normal) lakh ha area coverage under Rapeseed &amp; Mustard has been reported as compared to 86.57 lakh ha during the corresponding period of last year.
-
Gram: About 95.88 (95% of normal) lakh ha area coverage under Gram has been reported as compared to 91.22 lakh ha during the corresponding period of last year. (Area in lakh hactare) -------- ---------------------------- ------------------ -------------------------- ----------------------- ------------------------------ --------------------------------------------------------------- (DES) 2025-26 Corrosponding period 2024-25 1 Wheat 312.35 328.04 334.17 328.04 6.13 2 Rice * 42.93 44.73 21.71 19.49 2.22 3 Pulses 140.42 134.08 136.36 132.61 3.74 a Gram 100.99 91.22 95.88 91.22 4.66 b Lentil 15.13 16.99 18.12 17.66 0.45 c Fieldpea $ 6.50 7.92 8.27 0.35 d Kulthi $ 1.98 1.98 2.41 0.43 e Urdbean * 6.16 6.18 4.37 4.70 0.33 f Moongbean * 1.41 1.36 0.74 0.76 0.02 g Lathyrus $ 2.79 2.98 2.92 0.06 h Other Pulses $ 5.46 18.33 4.37 4.67 0.30 4 Shri Anna & Coarse cereals 55.33 59.05 55.20 53.17 2.03 a Jowar * 24.62 25.17 21.36 22.66 1.30 b Bajra # 0.59 0.15 0.14 0.00 c Ragi # 0.72 0.97 0.70 0.27 d Small Millets # 0.16 0.13 0.10 0.03 e Maize * 23.61 27.80 25.24 23.49 1.75 ----- -------------------- --------- --------- --------- --------- -------- f Barley 5.63 6.08 7.36 6.08 1.28 5 Oilseeds 86.78 93.49 96.86 93.33 3.53 a Rapeseed & Mustard 79.17 86.57 89.36 86.57 2.79 b Groundnut * 3.69 3.37 3.52 3.37 0.15 c Safflower 0.72 0.64 0.89 0.67 0.22 d Sunflower * 0.79 0.81 0.55 0.42 0.14 e Sesamum * 0.48 0.41 0.14 0.19 0.04 f Linseed 1.93 1.69 1.99 1.76 0.23 g Other Oilseeds 0.00 0.40 0.35 0.05 Total Crops 637.81 659.39 644.29 626.64 17.65"
46169,Bengal Gram (Gram/Chickpea),Odisha,2026-01-05,Active Growth,None Reported,None Reported,None Reported,,,1,0.7,,," Wheat: About 334.17 lakh ha (107% of normal) area coverage under Wheat has been reported as compared to 328.04 lakh ha during the corresponding period of last year.
-
Rapeseed &amp; Mustard : About 89.36 (113% of normal) lakh ha area coverage under Rapeseed &amp; Mustard has been reported as compared to 86.57 lakh ha during the corresponding period of last year.
-
Gram: About 95.88 (95% of normal) lakh ha area coverage under Gram has been reported as compared to 91.22 lakh ha during the corresponding period of last year."
46238,Crop,Odisha,2026-01-05,Active Growth,Adjoining Parts Of West Jharkhand; Haryana; Interior  Odisha; North  Madhya  Pradesh; North  Rajasthan; North Chhattisgarh,None Reported,Adjoining Parts Of West Jharkhand; Haryana; Interior  Odisha; North  Madhya  Pradesh; North  Rajasthan; North Chhattisgarh,,,1,0.9,,,
46529,Oilseeds,Odisha,2026-01-05,Active Growth,None Reported,None Reported,None Reported,,,2,0.8,,,"Progress of area coverage under Rabi crops as on 02.01.2026 ------------------------------ ------------------------------ ------------------------ ------------------------- ------------------------- ------------------------------ --------------------------------------------------------------- 1 Wheat 312.35 328.04 334.17 328.04 6.13 2 Rice * 42.93 44.73 17.57 14.90 2.67 3 Pulses 140.42 134.08 134.30 130.87 3.44 a Gram 100.99 91.22 95.88 91.22 4.66 b Lentil 15.13 16.99 17.06 16.85 0.21 c Fieldpea $ 6.50 7.92 8.27 0.35 d Kulthi $ 1.98 1.90 2.41 0.52 e Urdbean * 6.16 6.18 3.98 4.27 0.29 f Moongbean* 1.41 1.36 0.60 0.59 0.01 g Lathyrus $ 2.79 2.87 2.92 0.05 h Other Pulses $ 5.46 18.33 4.10 4.34 0.24 4 Shri Anna & Coarse Cereals 4 Shri Anna & Coarse Cereals 55.33 59.05 51.79 50.66 1.13 a Jowar * 24.62 25.17 20.74 22.00 1.26 b Bajra # 0.59 0.12 0.12 0.00 c Ragi # 0.72 0.70 0.51 0.20 d Small Millets # 0.16 0.13 0.10 0.04 e Maize * 23.61 27.80 23.32 21.87 1.45 f Barley 5.63 6.08 6.78 6.08 0.70 ----- -------------------- -------- -------- -------- -------- -------- 5 Oilseeds 86.78 93.49 96.30 93.27 3.04 a Rapeseed & Mustard 79.17 86.57 89.36 86.57 2.79 b Groundnut * 3.69 3.37 3.13 3.37 0.25 c Safflower 0.72 0.64 0.86 0.64 0.22 d Sunflower * 0.79 0.81 0.47 0.47 0.00 e Sesamum * 0.48 0.41 0.12 0.14 0.02 f Linseed 1.93 1.69 1.99 1.76 0.23 g Other Oilseeds 0.00 0.38 0.31 0.07 Total Crops 637.81 659.39 634.14 617.74 16.40 Note: *Average of 2022-23 to 2024-25, $ average (2016-17 to 2020-21) as per DES, # Average of (2018-19 to 2022-23) as per CWWG report."
46168,Bengal Gram (Gram/Chickpea),Odisha,2025-12-29,Active Growth,None Reported,None Reported,None Reported,,,1,0.7,,," Wheat: About 322.68 lakh ha (103% of normal) area coverage under Wheat has been reported as compared to 322.49 lakh ha during the corresponding period of last year.
-
Rapeseed &amp; Mustard : About 87.80 (111% of normal) lakh ha area coverage under Rapeseed &amp; Mustard has been reported as compared to 86.57 lakh ha during the corresponding period of last year.
-
Gram: About 95.88 (95% of normal) lakh ha area coverage under Gram has been reported as compared to 91.22 lakh ha during the corresponding period of last year."
46237,Crop,Odisha,2025-12-29,Active Growth,None Reported,None Reported,None Reported,,,1,0.9,,,
46528,Oilseeds,Odisha,2025-12-29,Active Growth,None Reported,None Reported,None Reported,,,3,0.77,,,Progress of area coverage under Rabi crops as on 26.12.2025 -------- ---------------------------- --------------- ------------------------- ------------------------- ------------------------------ --------------------------------------------------------------- 1 Wheat 312.35 328.04 322.68 322.49 0.19 2 Rice * 42.93 44.73 14.90 13.01 1.89 3 Pulses 140.42 134.08 133.44 129.79 3.65 a Gram 100.99 91.22 95.88 91.22 4.66 b Lentil 15.13 16.99 17.06 16.85 0.21 c Fieldpea $ 6.50 7.92 8.27 0.35 d Kulthi $ 1.98 1.84 2.38 0.54 e Urdbean * 6.16 6.18 3.63 3.86 0.23 f Moongbean* 1.41 1.36 0.52 0.50 0.02 g Lathyrus $ 2.79 2.82 2.84 0.02 h Other Pulses $ 5.46 18.33 3.76 3.86 0.11 4 Shri Anna & Coarse Cereals 55.33 59.05 49.00 48.89 0.10 a Jowar * 24.62 25.17 20.38 22.00 1.62 b Bajra # 0.59 0.11 0.12 0.01 c Ragi # 0.72 0.69 0.49 0.20 d Small Millets # 0.16 0.13 0.09 0.03 e Maize * 23.61 27.80 20.92 20.12 0.80 f Barley 5.63 6.08 6.78 6.08 0.70 5 Oilseeds 86.78 93.49 94.29 93.25 1.04
46514,Oilseeds,All India,2025-12-22,Active Growth,None Reported,None Reported,None Reported,,,2,0.8,,," Wheat: About 301.63 lakh ha (96.5% of normal) area coverage under Wheat has been reported as compared to 300.34 lakh ha during the corresponding period of last year.
-
Rapeseed &amp; Mustard : About 87.80 (111% of normal) lakh ha area coverage under Rapeseed &amp; Mustard has been reported as compared to 86.57 lakh ha during the corresponding period of last year.
-
Gram: About 91.70 (91% of normal) lakh ha area coverage under Gram has been reported as compared to 86.81 lakh ha during the corresponding period of last year.
Progress of area coverage under Rabi crops as on 19.12.2025 (Area in lakh hactare) -------- ---------------------------- ------------------------ ------------------------- --------------------- ---------------------------------------- --------------------------------------------------------------- 1 Wheat 312.35 328.04 301.63 300.34 1.29 2 Rice * 42.93 44.73 13.35 11.52 1.83 3 Pulses 140.42 134.08 126.74 123.02 3.72 a Gram 100.99 91.22 91.70 86.81 4.89 b Lentil 15.13 16.99 15.76 15.83 0.08 c Fieldpea $ 6.50 7.92 8.27 0.35 d Kulthi $ 1.98 1.73 1.99 0.26 e Urdbean * 6.16 6.18 3.13 3.48 0.34 f Moongbean* 1.41 1.36 0.42 0.43 0.01 g Lathyrus $ 2.79 2.70 2.77 0.07 h Other Pulses $ 5.46 18.33 3.37 3.44 0.07 4 Shri Anna & Coarse Cereals 55.33 59.05 45.66 45.05 0.61 a Jowar * 24.62 25.17 19.62 21.39 1.78 b Bajra # 0.59 0.11 0.11 0.00 c Ragi # 0.72 0.68 0.48 0.21 d Small Millets # 0.16 0.13 0.10 0.03 e Maize * 23.61 27.80 18.34 16.90 1.45 f Barley 5.63 6.08 6.78 6.08 0.70 5 Oilseeds 86.78 93.49 93.33 92.65 0.67 a Rapeseed & Mustard 79.17 86.57 87.80 86.57 1.23 ----- ---------------------- --------- --------- --------- --------- -------- b Groundnut * 3.69 3.37 2.36 2.83 0.47 c Safflower 0.72 0.64 0.79 0.60 0.18 d Sunflower * 0.79 0.81 0.39 0.34 0.06 e Sesamum * 0.48 0.41 0.06 0.07 0.01 f Linseed 1.93 1.69 1.61 2.00 0.39 g Other Oilseeds 0.00 0.32 0.24 0.08 Total Crops 637.81 659.39 580.70 572.59 8.12 Note: *Average of 2022-23 to 2024-25, $ average (2016-17 to 2020-21) as per DES, # Average of (2018-19 to 2022-23) as per CWWG report."
46174,Bengal Gram (Gram/Chickpea),Punjab,2025-12-15,Active Growth,None Reported,None Reported,None Reported,,,1,0.7,,," Wheat: About 275.66 lakh ha (88% of normal) area coverage under Wheat has been reported as compared to 258.48 lakh ha during the corresponding period of last year.
-
Rapeseed &amp; Mustard : About 84.67 (107% of normal) lakh ha area coverage under Rapeseed &amp; Mustard has been reported as compared to 81.16 lakh ha during the corresponding period of last year.
-
Gram: About 84.91 (84% of normal) lakh ha area coverage under Gram has been reported as compared to 81.67 lakh ha during the corresponding period of last year."
46236,Crop,Odisha,2025-12-15,Active Growth,Adjoining Chhattisgarh; East Madhya Pradesh; Vidarbha,None Reported,Adjoining Chhattisgarh; East Madhya Pradesh; Vidarbha,,,1,0.9,,,
46251,Crop,Punjab,2025-12-15,Active Growth,Punjab,None Reported,Punjab,,,1,0.9,,,
46536,Oilseeds,Punjab,2025-12-15,Active Growth,None Reported,None Reported,None Reported,,,2,0.8,,,
46173,Bengal Gram (Gram/Chickpea),Punjab,2025-12-08,Active Growth,None Reported,None Reported,None Reported,,,1,0.7,,," Wheat: About 241.40 lakh ha area coverage under Wheat has been reported as compared to 217.81 lakh ha during the corresponding period of last year.
-
Rapeseed &amp; Mustard : About 79.88 lakh ha area coverage under Rapeseed &amp; Mustard has been reported as compared to 76.43 lakh ha during the corresponding period of last year.
-
Gram: About 77.84 lakh ha area coverage under Gram has been reported as compared to 75.16 lakh ha during the corresponding period of last year."
46227,Crop,Maharashtra,2025-12-08,Active Growth,None Reported,None Reported,None Reported,,,1,0.9,,,
46250,Crop,Punjab,2025-12-08,Active Growth,Punjab,None Reported,Punjab,,,1,0.9,,,
46535,Oilseeds,Punjab,2025-12-08,Active Growth,None Reported,None Reported,None Reported,,,2,0.8,,,
46172,Bengal Gram (Gram/Chickpea),Punjab,2025-12-01,Active Growth,None Reported,None Reported,None Reported,,,1,0.7,,," Wheat: About 187.37 lakh ha area coverage under Wheat has been reported as compared to 160.26 lakh ha during the corresponding period of last year.
-
Rapeseed &amp; Mustard : About 77.06 lakh ha area coverage under Rapeseed &amp; Mustard has been reported as compared to 72.92 lakh ha during the corresponding period of last year.
-
Gram: About 62.49 lakh ha area coverage under Gram has been reported as compared to 60.13 lakh ha during the corresponding period of last year."
46249,Crop,Punjab,2025-12-01,Active Growth,Punjab,None Reported,Punjab,,,3,0.9,,,
46534,Oilseeds,Punjab,2025-12-01,Active Growth,None Reported,None Reported,None Reported,,,1,0.7,,,
46171,Bengal Gram (Gram/Chickpea),Punjab,2025-11-24,Active Growth,None Reported,None Reported,None Reported,,,1,0.7,,," Wheat: About 128.37 lakh ha area coverage under Wheat has been reported as compared to 107.09 lakh ha during the corresponding period of last year.
-
Rapeseed &amp; Mustard : About 73.80 lakh ha area coverage under Rapeseed &amp; Mustard has been reported as compared to 69.58 lakh ha during the corresponding period of last year.
-
Gram: About 53.71 lakh ha area coverage under Gram has been reported as compared to 49.30 lakh ha during the corresponding period of last year."
46248,Crop,Punjab,2025-11-24,Active Growth,None Reported,None Reported,None Reported,,,1,0.9,,,
46170,Bengal Gram (Gram/Chickpea),Punjab,2025-11-17,Active Growth,None Reported,None Reported,None Reported,,,1,0.7,,," Wheat: About 66.23 lakh ha area coverage under Wheat has been reported as compared to 56.55 lakh ha during the corresponding period of last year.
-
Rapeseed &amp; Mustard : About 64.23 lakh ha area coverage under Rapeseed &amp; Mustard has been reported as compared to 60.52 lakh ha during the corresponding period of last year.
-
Gram: About 37.43 lakh ha area coverage under Gram has been reported as compared to 34.04 lakh ha during the corresponding period of last year."
46247,Crop,Punjab,2025-11-17,Active Growth,None Reported,None Reported,None Reported,,,1,0.9,,,
46533,Oilseeds,Punjab,2025-11-17,Active Growth,None Reported,None Reported,None Reported,,,1,0.7,,,
46572,Rice,Jharkhand,2025-11-03,Active Growth,None Reported,None Reported,None Reported,,,1,0.7,,,
46726,Unknown,All India,2025-10-27,Active Growth,None Reported,None Reported,None Reported,,,1,0.9,,,
46202,Cotton,Gujarat,2025-10-13,Sowing,None Reported,None Reported,None Reported,,,1,0.9,"All India: Progressive Crop Area Sown Report
Kharif Weekly area coverage as on 03.10.2025
Source: CWWG (via API)
Area in Lakh Ha
|                      |   Normal (DA&FW) | Area Sown   | Area Sown   | Difference In Area Coverage Over   |
|----------------------|------------------|-------------|-------------|------------------------------------|
| Crop                 |                  | 2025-26     | 2024-25     | 2024-25                            |
| Rice                 |           403.09 | 441.58      | 435.68      | 5.91                               |
| Total Pulses         |           129.61 | 120.41      | 119.04      | 1.37                               |
| Tur                  |            44.71 | 46.60       | 46.45       | 0.15                               |
| Urad                 |            32.64 | 24.37       | 22.87       | 1.50                               |
| Moong                |            35.69 | 34.87       | 34.96       |
0.09                              |
| Kulthi               |             1.72 | 0.72        | 0.56        | 0.16                               |
| Moth Bean            |             9.70 | 9.24        | 9.63        |
0.39                              |
| Other Pulses         |             5.15 | 4.62        | 4.58        | 0.05                               |
| Total Coarse Cereals |           180.71 | 194.67      | 183.54      | 11.13                              |
| Jowar                |            15.07 | 14.07       | 14.21       |
0.14                              |
| Bajra                |            70.69 | 68.44       | 68.65       |
0.21                              |
| Ragi                 |            11.52 | 11.81       | 11.96       |
0.15                              |
| Maize                |            78.95 | 94.95       | 84.30       | 10.65                              |
| Small Millets        |             4.48 | 5.39        | 4.42        | 0.97                               |
| Total Oilseeds       |           194.63 | 190.13      | 200.75      |
10.62                             |
| Groundnut            |            45.10 | 48.36       | 49.96       |
1.60                              |
| Soybean              |           127.19 | 120.45      | 129.55      |
9.10                              |
| Sunflower            |             1.29 | 0.71        | 0.73        |
0.02                              |
| Sesamum              |            10.32 | 10.51       | 11.07       |
0.56                              |
| Nigerseed            |             1.08 | 1.04        | 0.98        | 0.06                               |
| Castorseed           |             9.65 | 8.98        | 8.39        | 0.60                               |
| Other Oilseeds       |                  | 0.08        | 0.08        | 0.00                               |
| Sugarcane            |            52.51 | 59.07       | 57.22       | 1.86                               |
| Jute and Mesta       |             6.60 | 5.56        | 5.75        |
0.18                              |
| Cotton               |           129.50 | 110.03      | 112.97      |
2.94                              |
| Grand Total          |          1096.65 | 1121.46     | 1114.95     | 6.51                               |",,
46235,Crop,Odisha,2025-10-13,Active Growth,Chhattisgarh; Madhya  Pradesh; Sikkim,None Reported,Chhattisgarh; Madhya  Pradesh; Sikkim,,,1,0.9,,,
46444,Maize,Maharashtra,2025-10-13,Active Growth,None Reported,None Reported,None Reported,,,1,0.7,,,- Soybean : About 120.45 lakh ha (94.7% of Normal) area coverage under Soyabean has been reported as compared to 129.55 lakh ha during the corresponding period of last year. Soyabean area diverted in Maize in MP and Maharashtra.
46453,Maize,Odisha,2025-10-13,Active Growth,None Reported,None Reported,None Reported,,,1,0.7,,,"Rice : About 441.58 lakh ha (109.5% of Normal) area coverage under Kharif Rice as compared to 435.68 lakh ha during the corresponding period of last year.
- Maize : About 94.95 lakh ha (120.3% of Normal) area coverage under Maize has been reported as compared to 84.30 lakh ha during the corresponding period of last year.
- Moong : About 34.87 lakh ha (97.6% of Normal) area coverage under Moong as compared to 34.96 lakh ha during the corresponding period of last year."
46571,Rice,Gujarat,2025-10-13,Active Growth,None Reported,None Reported,None Reported,,,1,0.7,,,- Cotton : About 110.03 lakh ha (85% of Normal) area coverage has been reported compared to 112.97 lakh ha during the corresponding period of last year. Cotton area diverted in Paddy and Groundnut respectively in Punjab &amp; Haryana and Gujarat.
46586,Rice,Maharashtra,2025-10-13,Active Growth,None Reported,None Reported,None Reported,,,1,0.7,,,- Sugarcane : About 59.07 lakh ha area coverage under Sugarcane has been reported as compared to 57.22 lakh ha during the corresponding period of last year.
46201,Cotton,Gujarat,2025-10-06,Sowing,None Reported,None Reported,None Reported,,,1,0.9,"All India: Progressive Crop Area Sown Report
Kharif Weekly area coverage as on 03.10.2025
Source: CWWG (via API)
Area in Lakh Ha
|                      |   Normal (DA&FW) | Area Sown   | Area Sown   | Difference In Area Coverage Over   |
|----------------------|------------------|-------------|-------------|------------------------------------|
| Crop                 |                  | 2025-26     | 2024-25     | 2024-25                            |
| Rice                 |           403.09 | 441.58      | 435.68      | 5.91                               |
| Total Pulses         |           129.61 | 120.41      | 119.04      | 1.37                               |
| Tur                  |            44.71 | 46.60       | 46.45       | 0.15                               |
| Urad                 |            32.64 | 24.37       | 22.87       | 1.50                               |
| Moong                |            35.69 | 34.87       | 34.96       |
0.09                              |
| Kulthi               |             1.72 | 0.72        | 0.56        | 0.16                               |
| Moth Bean            |             9.70 | 9.24        | 9.63        |
0.39                              |
| Other Pulses         |             5.15 | 4.62        | 4.58        | 0.05                               |
| Total Coarse Cereals |           180.71 | 194.67      | 183.54      | 11.13                              |
| Jowar                |            15.07 | 14.07       | 14.21       |
0.14                              |
| Bajra                |            70.69 | 68.44       | 68.65       |
0.21                              |
| Ragi                 |            11.52 | 11.81       | 11.96       |
0.15                              |
| Maize                |            78.95 | 94.95       | 84.30       | 10.65                              |
| Small Millets        |             4.48 | 5.39        | 4.42        | 0.97                               |
| Total Oilseeds       |           194.63 | 190.13      | 200.75      |
10.62                             |
| Groundnut            |            45.10 | 48.36       | 49.96       |
1.60                              |
| Soybean              |           127.19 | 120.45      | 129.55      |
9.10                              |
| Sunflower            |             1.29 | 0.71        | 0.73        |
0.02                              |
| Sesamum              |            10.32 | 10.51       | 11.07       |
0.56                              |
| Nigerseed            |             1.08 | 1.04        | 0.98        | 0.06                               |
| Castorseed           |             9.65 | 8.98        | 8.39        | 0.60                               |
| Other Oilseeds       |                  | 0.08        | 0.08        | 0.00                               |
| Sugarcane            |            52.51 | 59.07       | 57.22       | 1.86                               |
| Jute and Mesta       |             6.60 | 5.56        | 5.75        |
0.18                              |
| Cotton               |           129.50 | 110.03      | 112.97      |
2.94                              |
| Grand Total          |          1096.65 | 1121.46     | 1114.95     | 6.51                               |",,
46217,Crop,Gujarat,2025-10-06,Active Growth,None Reported,None Reported,None Reported,,,1,0.9,,,
46226,Crop,Maharashtra,2025-10-06,Active Growth,None Reported,None Reported,None Reported,,,1,0.9,,,
46443,Maize,Maharashtra,2025-10-06,Active Growth,None Reported,None Reported,None Reported,,,2,0.7,,,"Rice : About 441.58 lakh ha (109.5% of Normal) area coverage under Kharif Rice as compared to 435.68 lakh ha during the corresponding period of last year.
- Maize : About 94.95 lakh ha (120.3% of Normal) area coverage under Maize has been reported as compared to 84.30 lakh ha during the corresponding period of last year.
- Moong : About 34.87 lakh ha (97.6% of Normal) area coverage under Moong as compared to 34.96 lakh ha during the corresponding period of last year.,- Soybean : About 120.45 lakh ha (94.7% of Normal) area coverage under Soyabean has been reported as compared to 129.55 lakh ha during the corresponding period of last year. Soyabean area diverted in Maize in MP and Maharashtra."
46570,Rice,Gujarat,2025-10-06,Active Growth,None Reported,None Reported,None Reported,,,1,0.7,,,- Cotton : About 110.03 lakh ha (85% of Normal) area coverage has been reported compared to 112.97 lakh ha during the corresponding period of last year. Cotton area diverted in Paddy and Groundnut respectively in Punjab &amp; Haryana and Gujarat.
46585,Rice,Maharashtra,2025-10-06,Active Growth,None Reported,None Reported,None Reported,,,1,0.7,,,- Sugarcane : About 59.07 lakh ha area coverage under Sugarcane has been reported as compared to 57.22 lakh ha during the corresponding period of last year.
46200,Cotton,Gujarat,2025-09-29,Sowing,None Reported,None Reported,None Reported,,,2,0.9,"All India: Progressive Crop Area Sown Report
Kharif Weekly area coverage as on 26.09.2025
Source: CWWG (via API)
Area in Lakh Ha
|                      |   Normal (DA&FW) | Area Sown   | Area Sown   | Difference In Area Coverage Over   |
|----------------------|------------------|-------------|-------------|------------------------------------|
| Crop                 |                  | 2025-26     | 2024-25     | 2024-25                            |
| Rice                 |           403.09 | 441.58      | 435.68      | 5.91                               |
| Total Pulses         |           129.61 | 119.85      | 118.95      | 0.90                               |
| Tur                  |            44.71 | 46.31       | 46.39       |
0.08                              |
| Urad                 |            32.64 | 24.29       | 22.87       | 1.42                               |
| Moong                |            35.69 | 34.84       | 34.96       |
0.12                              |
| Kulthi               |             1.72 | 0.67        | 0.56        | 0.12                               |
| Moth Bean            |             9.70 | 9.24        | 9.63        |
0.40                              |
| Other Pulses         |             5.15 | 4.51        | 4.55        |
0.04                              |
| Total Coarse Cereals |           180.71 | 194.67      | 182.66      | 12.01                              |
| Jowar                |            15.07 | 14.07       | 14.15       |
0.08                              |
| Bajra                |            70.69 | 68.44       | 68.65       | 0.21                               |
| Ragi                 |            11.52 | 11.81       | 11.00       | 0.81                               |
| Maize                |            78.95 | 94.95       | 84.30       | 10.65                              |
| Small Millets        |             4.48 | 5.39        | 4.56        | 0.84                               |
| Total Oilseeds       |           194.63 | 190.01      | 200.52      |
10.52                             |
| Groundnut            |            45.10 | 48.31       | 49.96       |
1.65                              |
| Soybean              |           127.19 | 120.45      | 129.55      |
9.10                              |
| Sunflower            |             1.29 | 0.70        | 0.73        |
0.02                              |
| Sesamum              |            10.32 | 10.50       | 11.07       |
0.56                              |
| Nigerseed            |             1.08 | 1.02        | 0.98        | 0.05                               |
| Castorseed           |             9.65 | 8.94        | 8.17        | 0.77                               |
| Other Oilseeds       |                  | 0.08        | 0.07        | 0.01                               |
| Sugarcane            |            52.51 | 59.07       | 57.22       | 1.86                               |
| Jute and Mesta       |             6.60 | 5.56        | 5.75        |
0.18                              |
| Cotton               |           129.50 | 109.98      | 112.95      |
2.97                              |
| Grand Total          |          1096.65 | 1120.73     | 1113.72     | 7.01                               |",,
46216,Crop,Gujarat,2025-09-29,Active Growth,None Reported,None Reported,None Reported,,,2,0.9,,,
46412,Maize,Gujarat,2025-09-29,Active Growth,None Reported,None Reported,None Reported,,,1,0.7,,,"Rice : About 441.58 lakh ha (109.5% of Normal) area coverage under Kharif Rice as compared to 435.68 lakh ha during the corresponding period of last year.
- Maize : About 94.95 lakh ha (120.3% of Normal) area coverage under Maize has been reported as compared to 84.30 lakh ha during the corresponding period of last year.
- Moong : About 34.84 lakh ha (97.6% of Normal) area coverage under Moong as compared to 34.96 lakh ha during the corresponding period of last year."
46442,Maize,Maharashtra,2025-09-29,Active Growth,None Reported,None Reported,None Reported,,,1,0.7,,,- Soybean : About 120.45 lakh ha (94.7% of Normal) area coverage under Soyabean has been reported as compared to 129.55 lakh ha during the corresponding period of last year. Soyabean area diverted in Maize in MP and Maharashtra.
46569,Rice,Gujarat,2025-09-29,Active Growth,None Reported,None Reported,None Reported,,,1,0.7,,,"- Cotton : About 109.98 lakh ha (84.9% of Normal) area coverage has been reported compared to 112.95 lakh ha during the corresponding period of last year. Cotton area diverted in Paddy and Groundnut, respectively in Punjab &amp; Haryana and Gujarat."
46584,Rice,Maharashtra,2025-09-29,Active Growth,None Reported,None Reported,None Reported,,,1,0.7,,,- Sugarcane : About 59.07 lakh ha area coverage under Sugarcane has been reported as compared to 57.22 lakh ha during the corresponding period of last year.
46199,Cotton,Gujarat,2025-09-22,Sowing,None Reported,None Reported,None Reported,,,1,0.9,"All India: Progressive Crop Area Sown Report
Kharif Weekly area coverage as on 19.09.2025
Source: CWWG (via API)
Area in Lakh Ha
|                      |   Normal (DA&FW) | Area Sown   | Area Sown   | Difference In Area Coverage Over   |
|----------------------|------------------|-------------|-------------|------------------------------------|
| Crop                 |                  | 2025-26     | 2024-25     | 2024-25                            |
| Rice                 |           403.09 | 438.51      | 430.06      | 8.45                               |
| Total Pulses         |           129.61 | 119.29      | 118.40      | 0.89                               |
| Tur                  |            44.71 | 46.10       | 46.34       |
0.23                              |
| Urad                 |            32.64 | 24.07       | 22.59       | 1.48                               |
| Moong                |            35.69 | 34.79       | 34.96       |
0.17                              |
| Kulthi               |             1.72 | 0.63        | 0.50        | 0.12                               |
| Moth Bean            |             9.70 | 9.24        | 9.63        |
0.40                              |
| Other Pulses         |             5.15 | 4.46        | 4.37        | 0.09                               |
| Total Coarse Cereals |           180.71 | 194.01      | 181.59      | 12.43                              |
| Jowar                |            15.07 | 14.07       | 14.14       |
0.07                              |
| Bajra                |            70.69 | 68.44       | 68.07       | 0.37                               |
| Ragi                 |            11.52 | 11.21       | 10.52       | 0.69                               |
| Maize                |            78.95 | 94.95       | 84.30       | 10.65                              |
| Small Millets        |             4.48 | 5.34        | 4.56        | 0.79                               |
| Total Oilseeds       |           194.63 | 189.51      | 194.67      |
5.16                              |
| Groundnut            |            45.10 | 48.14       | 47.79       | 0.35                               |
| Soybean        |   127.19 |   120.44 |   126.26 |
5.83 |
|----------------|----------|----------|----------|---------|
| Sunflower      |     1.29 |     0.70 |     0.72 |
0.02 |
| Sesamum        |    10.32 |    10.43 |    10.98 |
0.56 |
| Nigerseed      |     1.08 |     0.97 |     0.90 |    0.08 |
| Castorseed     |     9.65 |     8.75 |     7.94 |    0.81 |
| Other Oilseeds |          |     0.08 |     0.07 |    0.00 |
| Sugarcane      |    52.51 |    59.07 |    57.22 |    1.86 |
| Jute and Mesta |     6.60 |     5.56 |     5.74 |
0.18 |
| Cotton         |   129.50 |   109.90 |   112.76 |
2.85 |
| Grand Total    |  1096.65 |  1115.86 |  1100.42 |   15.43 |",,
46215,Crop,Gujarat,2025-09-22,Active Growth,Rajasthan,None Reported,Rajasthan,,,1,0.9,,,
46411,Maize,Gujarat,2025-09-22,Active Growth,None Reported,None Reported,None Reported,,,1,0.7,,,"Rice : About 438.51 lakh ha (108.0% of Normal) area coverage under Kharif Rice as compared to 430.06 lakh ha during the corresponding period of last year.
- Maize : About 94.95 lakh ha (120.3% of Normal) area coverage under Maize has been reported as compared to 84.30 lakh ha during the corresponding period of last year.
- Moong : About 34.79 lakh ha (97.5% of Normal) area coverage under Moong as compared to 34.96 lakh ha during the corresponding period of last year."
46441,Maize,Maharashtra,2025-09-22,Active Growth,None Reported,None Reported,None Reported,,,1,0.7,,,- Soybean : About 120.44 lakh ha (94.7% of Normal) area coverage under Soyabean has been reported as compared to 126.26 lakh ha during the corresponding period of last year. Soyabean area diverted in Maize in MP and Maharashtra.
46568,Rice,Gujarat,2025-09-22,Active Growth,None Reported,None Reported,None Reported,,,1,0.7,,,- Cotton : About 109.90 lakh ha (84.9% of Normal) area coverage has been reported compared to 112.76 lakh ha during the corresponding period of last year. Cotton area diverted in Paddy and Groundnut respectively in Punjab &amp; Haryana and Gujarat.
46583,Rice,Maharashtra,2025-09-22,Active Growth,None Reported,None Reported,None Reported,,,1,0.7,,,- Sugarcane : About 59.07 lakh ha area coverage under Sugarcane has been reported as compared to 57.22 lakh ha during the corresponding period of last year.
46198,Cotton,Gujarat,2025-09-15,Sowing,None Reported,None Reported,None Reported,,,1,0.9,"All India: Progressive Crop Area Sown Report
Kharif Weekly area coverage as on 12.09.2025
Source: CWWG (via API)
Area in Lakh Ha
|                      |   Normal (DA&FW) | Area Sown   | Area Sown   | Difference In Area Coverage Over   |
|----------------------|------------------|-------------|-------------|------------------------------------|
| Crop                 |                  | 2025-26     | 2024-25     | 2024-25                            |
| Rice                 |           403.09 | 438.51      | 430.06      | 8.45                               |
| Total Pulses         |           129.61 | 118.06      | 117.25      | 0.81                               |
| Tur                  |            44.71 | 45.81       | 46.26       |
0.45                              |
| Urad                 |            32.64 | 23.66       | 22.14       | 1.51                               |
| Moong                |            35.69 | 34.54       | 34.86       |
0.32                              |
| Kulthi               |             1.72 | 0.52        | 0.38        | 0.15                               |
| Moth Bean            |             9.70 | 9.23        | 9.63        |
0.40                              |
| Other Pulses         |             5.15 | 4.30        | 3.98        | 0.32                               |
| Total Coarse Cereals |           180.71 | 192.91      | 180.75      | 12.17                              |
| Jowar                |            15.07 | 14.07       | 14.14       |
0.07                              |
| Bajra                |            70.69 | 68.44       | 68.07       | 0.37                               |
| Ragi                 |            11.52 | 10.24       | 9.82        | 0.42                               |
| Maize                |            78.95 | 94.84       | 84.30       | 10.54                              |
| Small Millets        |             4.48 | 5.31        | 4.42        | 0.90                               |
| Total Oilseeds       |           194.63 | 188.81      | 193.93      |
5.12                              |
| Groundnut            |            45.10 | 47.99       | 47.65       | 0.34                               |
| Soybean              |           127.19 | 120.43      | 126.24      |
5.81                              |
| Sunflower      |    1.29 |    0.68 |    0.71 |
0.03 |
|----------------|---------|---------|---------|---------|
| Sesamum        |   10.32 |   10.27 |   10.86 |
0.59 |
| Nigerseed      |    1.08 |    0.87 |    0.76 |    0.11 |
| Castorseed     |    9.65 |    8.52 |    7.64 |    0.87 |
| Other Oilseeds |         |    0.06 |    0.07 |
0.01 |
| Sugarcane      |   52.51 |   57.31 |   55.68 |    1.64 |
| Jute and Mesta |    6.60 |    5.56 |    5.74 |
0.18 |
| Cotton         |  129.50 |  109.64 |  112.48 |
2.85 |
| Grand Total    | 1096.65 | 1110.80 | 1095.88 |   14.92 |",,
46388,Maize,All India,2025-09-15,Active Growth,None Reported,None Reported,None Reported,,,1,0.7,,,"Rice : About 438.51 lakh ha (108.0% of Normal) area coverage under Kharif Rice as compared to 430.06 lakh ha during the corresponding period of last year.
- Maize : About 94.84 lakh ha (120.1% of Normal) area coverage under Maize has been reported as compared to 84.30 lakh ha during the corresponding period of last year.
- Moong : About 34.54 lakh ha (96.8% of Normal) area coverage under Moong as compared to 34.86 lakh ha during the corresponding period of last year."
46440,Maize,Maharashtra,2025-09-15,Active Growth,None Reported,None Reported,None Reported,,,1,0.7,,,- Soybean : About 120.43 lakh ha (94.7% of Normal) area coverage under Soyabean has been reported as compared to 126.24 lakh ha during the corresponding period of last year. Soyabean area diverted in Maize in MP and Maharashtra.
46567,Rice,Gujarat,2025-09-15,Active Growth,None Reported,None Reported,None Reported,,,1,0.7,,,- Cotton : About 109.64 lakh ha (84.7% of Normal) area coverage has been reported compared to 112.48 lakh ha during the corresponding period of last year. Cotton area diverted in Paddy and Groundnut respectively in Punjab &amp; Haryana and Gujarat.
46582,Rice,Maharashtra,2025-09-15,Active Growth,None Reported,None Reported,None Reported,,,1,0.7,,,- Sugarcane : About 57.31 lakh ha area coverage under Sugarcane has been reported as compared to 55.68 lakh ha during the corresponding period of last year.
46203,Cotton,Karnataka,2025-09-08,Sowing,None Reported,None Reported,None Reported,,,2,0.8,"Source: CWWG (via API)
Area in Lakh Ha
|                      |   Normal (DA&FW) | Area Sown   | Area Sown   | Difference In Area Coverage Over   |
|----------------------|------------------|-------------|-------------|------------------------------------|
| Crop                 |                  | 2025-26     | 2024-25     | 2024-25                            |
| Rice                 |           403.09 | 438.28      | 418.66      | 19.63                              |
| Total Pulses         |           129.61 | 116.40      | 114.46      | 1.94                               |
| Tur                  |            44.71 | 45.19       | 45.71       |
0.52                              |
| Urad                 |            32.64 | 23.35       | 21.33       | 2.01                               |
| Moong                |            35.69 | 34.22       | 34.09       | 0.13                               |
| Kulthi               |             1.72 | 0.38        | 0.31        | 0.06                               |
| Moth Bean            |             9.70 | 9.19        | 9.12        | 0.07                               |
| Other Pulses         |             5.15 | 4.08        | 3.89        | 0.19                               |
| Total Coarse Cereals |           180.71 | 191.71      | 179.62      | 12.09                              |
| Jowar                |            15.07 | 14.05       | 14.01       | 0.04                               |
| Bajra                |            70.69 | 67.89       | 67.96       |
0.07                              |
| Ragi                 |            11.52 | 9.84        | 8.93        | 0.91                               |
| Small Millets   |    4.48 |    5.31 |    4.42 |   0.89 |
|-----------------|---------|---------|---------|--------|
| Maize           |   78.95 |   94.62 |   84.30 |  10.32 |
| Total Oilseeds  |  194.63 |  186.98 |  192.21 |
5.23 |
| Groundnut       |   45.10 |   47.53 |   47.49 |   0.04 |
| Soybean         |  127.19 |  120.32 |  126.04 |
5.72 |
| Sunflower       |    1.29 |    0.64 |    0.71 |
0.06 |
| Sesamum         |   10.32 |   10.14 |   10.62 |
0.48 |
| Nigerseed       |    1.08 |    0.66 |    0.60 |   0.06 |
| Castorseed      |    9.65 |    7.64 |    6.69 |   0.95 |
| Other Oilseeds  |         |    0.06 |    0.07 |
0.01 |
| Sugarcane       |   52.51 |   57.31 |   55.68 |   1.64 |
| Jute and Mesta  |    6.60 |    5.56 |    5.74 |
0.18 |
| Cotton          |  129.50 |  109.17 |  112.13 |
2.96 |
| Grand Total     | 1096.65 | 1105.42 | 1078.49 |  26.93 |",,"Rice : About 438.28 lakh ha (108.7% of Normal) area coverage under Kharif Rice as compared to 418.66 lakh ha during the corresponding period of last year.
- Maize : About 94.62 lakh ha (119.8% of Normal) area coverage under Maize has been reported as compared to 84.30 lakh ha during the corresponding period of last year.
- Moong : About 34.22 lakh ha (95.9% of Normal) area coverage under Moong as compared to 34.09 lakh ha during the corresponding period of last year.
- Soybean : About 120.32 lakh ha (94.6% of Normal) area coverage under Soyabean has been reported as compared to 126.05 lakh ha during the corresponding period of last year.
- Sugarcane : About 57.31 lakh ha area coverage under Sugarcane has been reported as compared to 55.68 lakh ha during the corresponding period of last year.
- Cotton : About 109.17 lakh ha (84.3% of Normal) area coverage has been reported compared to 112.13 lakh ha during the corresponding period of last year."
46219,Crop,Karnataka,2025-09-08,Active Growth,Bihar And Arunachal Pradesh; Chhattisgarh; Maharashtra,None Reported,Bihar And Arunachal Pradesh; Chhattisgarh; Maharashtra,,,1,0.9,,,
46195,Cotton,All India,2025-09-01,Sowing,None Reported,None Reported,None Reported,,,1,0.9,"Rice : About 431.96 lakh ha (107.2% of Normal) area coverage under Kharif Rice as compared to 405.34 lakh ha during the corresponding period of last year.
- Moong :  About 34.11 lakh ha (95.6% of Normal) area coverage under Moong as compared to 33.96 lakh ha during the corresponding period of last year.
- Soybean :  About  120.28  lakh  ha  (94.6%  of  Normal)  area  coverage  under  Soyabean  has  been reported as compared to 125.50 lakh ha during the corresponding period of last year.
- Sugarcane : About 57.31 lakh ha area coverage under Sugarcane has been reported as compared to 55.68 lakh ha during the corresponding period of last year.
- Cotton :  About 108.77 lakh ha (84% of Normal) area coverage has been reported compared to 111.39 lakh ha during the corresponding period of last year.
All India: Progressive Crop Area Sown Report
Kharif Weekly area coverage as on 29.08.2025
Source: CWWG (via API)
Area in Lakh Ha
|                      |   Normal (DA&FW) | Area Sown   | Area Sown   | Difference In Area Coverage Over   |
|----------------------|------------------|-------------|-------------|------------------------------------|
| Crop                 |                  | 2025-26     | 2024-25     | 2024-25                            |
| Rice                 |           403.09 | 431.96      | 405.34      | 26.61                              |
| Total Pulses         |           129.61 | 114.46      | 113.47      | 0.99                               |
| Tur                  |            44.71 | 44.61       | 45.37       |
0.76                              |
| Kulthi               |             1.72 | 0.31        | 0.28        | 0.03                               |
| Urad                 |            32.64 | 22.35       | 21.03       | 1.33                               |
| Moong                |            35.69 | 34.11       | 33.96       | 0.14                               |
| Other Pulses         |             5.15 | 3.88        | 3.71        | 0.18                               |
| Moth Bean            |             9.70 | 9.19        | 9.12        | 0.07                               |
| Total Coarse Cereals |           180.71 | 189.67      | 178.48      | 11.19                              |
| Jowar                |            15.07 | 14.01       | 14.00       | 0.01                               |
| Bajra                |            70.69 | 67.64       | 67.72       |
0.08                              |
| Ragi                 |            11.52 | 9.24        | 8.39        | 0.85                               |
| Maize                |            78.95 | 94.00       | 84.07       | 9.93                               |
| Other Small Millets  |             4.48 | 4.78        | 4.30        | 0.48                               |
| Total Oilseeds       |           194.63 | 185.17      | 190.27      |
5.10                              |
| Groundnut      |   45.10 |   46.76 |   46.98 |
0.22 |
|----------------|---------|---------|---------|---------|
| Sesamum        |   10.32 |    9.97 |   10.55 |
0.58 |
| Sunflower      |    1.29 |    0.64 |    0.70 |
0.07 |
| Soybean        |  127.19 |  120.28 |  125.50 |
5.22 |
| Nigerseed      |    1.08 |    0.43 |    0.40 |    0.03 |
| Castorseed     |    9.65 |    7.04 |    6.07 |    0.97 |
| Other Oilseeds |         |    0.06 |    0.07 |
0.01 |
| Sugarcane      |   52.51 |   57.31 |   55.68 |    1.64 |
| Jute and Mesta |    6.60 |    5.54 |    5.73 |
0.19 |
| Cotton         |  129.50 |  108.77 |  111.39 |
2.62 |
| Grand Total    | 1096.65 | 1092.87 | 1060.36 |   32.51 |",,
46194,Cotton,All India,2025-08-25,Sowing,None Reported,None Reported,None Reported,,,2,0.8,"All India: Progressive Crop Area Sown Report
Kharif Weekly area coverage as on 22.08.2025
Source: CWWG (via API)
Area in Lakh Ha
|                      |   Normal (DA&FW) | Area Sown   | Area Sown   | Difference In Area Coverage Over   |
|----------------------|------------------|-------------|-------------|------------------------------------|
| Crop                 |                  | 2025-26     | 2024-25     | 2024-25                            |
| Rice                 |           403.09 | 420.41      | 390.80      | 29.60                              |
| Total Pulses         |           129.61 | 112.77      | 111.42      | 1.34                               |
| Tur                  |            44.71 | 43.98       | 44.77       |
0.78                              |
| Kulthi               |             1.72 | 0.26        | 0.23        | 0.04                               |
| Urad                 |            32.64 | 21.71       | 20.31       | 1.39                               |
| Moong                |            35.69 | 33.95       | 33.50       | 0.45                               |
| Other Pulses         |             5.15 | 3.70        | 3.50        | 0.19                               |
| Moth Bean            |             9.70 | 9.17        | 9.11        | 0.05                               |
| Total Coarse Cereals |           180.71 | 187.12      | 175.93      | 11.18                              |
| Jowar                |            15.07 | 13.90       | 13.98       |
0.08                              |
| Bajra                |            70.69 | 67.20       | 66.90       | 0.30                               |
| Ragi                 |            11.52 | 7.99        | 7.27        | 0.72                               |
| Maize                |            78.95 | 93.34       | 83.58       | 9.76                               |
| Other Small Millets  |             4.48 | 4.68        | 4.20        | 0.49                               |
| Total Oilseeds       |           194.63 | 182.38      | 187.64      |
5.26                              |
| Groundnut            |            45.10 | 45.30       | 46.56       |
1.25                              |
| Sesamum              |            10.32 | 9.83        | 10.46       |
0.63                              |
| Sunflower            |             1.29 | 0.63        | 0.69        |
0.06                              |
| Soybean              |           127.19 | 120.11      | 124.88      |
4.77                              |
| Nigerseed      |    1.08 |    0.36 |    0.31 |   0.06 |
|----------------|---------|---------|---------|--------|
| Castorseed     |    9.65 |    6.09 |    4.68 |   1.41 |
| Other Oilseeds |         |    0.06 |    0.07 |
0.01 |
| Sugarcane      |   52.51 |   57.31 |   55.68 |   1.64 |
| Jute and Mesta |    6.60 |    5.54 |    5.72 |
0.19 |
| Cotton         |  129.50 |  108.47 |  111.39 |
2.92 |
| Grand Total    | 1096.65 | 1073.98 | 1038.58 |  35.40 |",,"Rice : About 420.41 lakh ha (104.3% of Normal) area coverage under Kharif Rice as compared to 390.80 lakh ha during the corresponding period of last year.
- Moong : About 33.95 lakh ha (95.1% of Normal) area coverage under Moong as compared to 33.50 lakh ha during the corresponding period of last year.
- Soybean : About 120.11 lakh ha (94.4% of Normal) area coverage under Soyabean has been reported as compared to 124.88 lakh ha during the corresponding period of last year.
- Sugarcane : About 57.31 lakh ha area coverage under Sugarcane has been reported as compared to 55.68 lakh ha during the corresponding period of last year.
- Cotton : About 108.47 lakh ha (83.8% of Normal) area coverage has been reported compared to 111.39 lakh ha during the corresponding period of last year."
46210,Cotton,Uttarakhand,2025-08-18,Sowing,None Reported,None Reported,None Reported,,,2,0.8,"All India: Progressive Crop Area Sown Report
Kharif Weekly area coverage as on 15.08.2025
Source: CWWG (via API)
Area in Lakh Ha
|                      |   Normal (DA&FW) | Area Sown   | Area Sown   | Difference In Area Coverage Over   |
|----------------------|------------------|-------------|-------------|------------------------------------|
| Crop                 |                  | 2025-26     | 2024-25     | 2024-25                            |
| Rice                 |           403.09 | 398.59      | 362.92      | 35.67                              |
| Total Pulses         |           129.61 | 109.52      | 108.39      | 1.14                               |
| Tur                  |            44.71 | 42.20       | 43.54       |
1.34                              |
| Kulthi               |             1.72 | 0.20        | 0.17        | 0.03                               |
| Urad                 |            32.64 | 20.82       | 19.90       | 0.92                               |
| Moong                |            35.69 | 33.70       | 32.76       | 0.94                               |
| Other Pulses         |             5.15 | 3.46        | 3.32        | 0.14                               |
| Moth Bean            |             9.70 | 9.14        | 8.70        | 0.45                               |
| Total Coarse Cereals |           180.71 | 182.34      | 173.22      | 9.12                               |
| Jowar                |            15.07 | 13.74       | 13.96       |
0.22                              |
| Bajra                |            70.69 | 65.67       | 65.88       |
0.21                              |
| Ragi                 |            11.52 | 5.89        | 6.30        |
0.41                              |
| Maize                |            78.95 | 92.79       | 82.97       | 9.82                               |
| Other Small Millets  |             4.48 | 4.25        | 4.12        | 0.13                               |
| Total Oilseeds       |           194.63 | 178.64      | 185.38      |
6.74                              |
| Groundnut            |            45.10 | 43.98       | 46.07       |
2.09                              |
| Sesamum              |            10.32 | 9.22        | 10.12       |
0.89                              |
| Sunflower            |             1.29 | 0.61        | 0.68        |
0.07                              |
| Soybean              |           127.19 | 119.82      | 124.59      |
4.77                              |
| Nigerseed            |             1.08 | 0.16        | 0.27        |
0.11                              |
| Castorseed           |             9.65 | 4.79        | 3.58        | 1.21                               |
| Other Oilseeds   |         |    0.06 |    0.07 |
0.01 |
|------------------|---------|---------|---------|---------|
| Sugarcane        |   52.51 |   57.31 |   55.68 |    1.64 |
| Jute and Mesta   |    6.60 |    5.54 |    5.72 |
0.19 |
| Cotton           |  129.50 |  107.87 |  111.11 |
3.24 |
| Grand Total      | 1096.65 | 1039.81 | 1002.41 |   37.39 |",,"Rice : About 398.59 lakh ha (98.9% of Normal) area coverage under Kharif Rice as compared to 362.92 lakh ha during the corresponding period of last year.
- Moong : About 33.70 lakh ha (94.4% of Normal) area coverage under Moong as compared to 32.76 lakh ha during the corresponding period of last year.
- Soybean : About 119.82 lakh ha (94.2% of Normal) area coverage under Soybean has been reported as compared to 124.59 lakh ha during the corresponding period of last year.
- Sugarcane : About 57.31 lakh ha area coverage under Sugarcane has been reported as compared to 55.68 lakh ha during the corresponding period of last year.
- Cotton : About 107.87 lakh ha (84.1% of Normal) area coverage has been reported compared to 111.11 lakh ha during the corresponding period of last year."
46214,Crop,Gujarat,2025-08-18,Active Growth,East Uttar Pradesh; Gujarat; Rajasthan,None Reported,East Uttar Pradesh; Gujarat; Rajasthan,,,1,0.9,,,
46263,Crop,Uttarakhand,2025-08-18,Active Growth,Himachal  Pradesh; Uttarakhand,None Reported,Himachal  Pradesh; Uttarakhand,,,1,0.9,,,
46205,Cotton,Odisha,2025-08-11,Sowing,None Reported,None Reported,None Reported,,,3,0.83,"All India: Progressive Crop Area Sown Report
Kharif Weekly area coverage as on 08.08.2025
Source: CWWG (via API)
Area in Lakh Ha
|                      |   Normal (DA&FW) | Area Sown   | Area Sown   | Difference In Area Coverage Over   |
|----------------------|------------------|-------------|-------------|------------------------------------|
| Crop                 |                  | 2025-26     | 2024-25     | 2024-25                            |
| Rice                 |           403.09 | 364.80      | 325.36      | 39.45                              |
| Total Pulses         |           129.61 | 106.68      | 106.52      | 0.16                               |
| Tur                  |            44.71 | 40.86       | 42.87       |
2.02                              |
| Kulthi               |             1.72 | 0.17        | 0.16        | 0.00                               |
| Urad                 |            32.64 | 20.15       | 19.91       | 0.24                               |
| Moong                |            35.69 | 33.21       | 32.33       | 0.88                               |
| Other Pulses         |             5.15 | 3.24        | 3.21        | 0.03                               |
| Moth Bean            |             9.70 | 9.06        | 8.04        | 1.02                               |
| Total Coarse Cereals |           180.71 | 178.73      | 170.96      | 7.77                               |
| Jowar                |            15.07 | 13.69       | 13.96       |
0.27                              |
| Bajra                |            70.69 | 64.86       | 65.76       |
0.90                              |
| Ragi                 |            11.52 | 4.41        | 4.15        | 0.26                               |
| Maize                |            78.95 | 91.89       | 83.15       | 8.74                               |
| Other Small Millets  |             4.48 | 3.88        | 3.93        |
0.06                              |
| Total Oilseeds       |           194.63 | 175.61      | 182.43      |
6.82                              |
| Groundnut            |            45.10 | 43.23       | 45.06       |
1.84                              |
| Sesamum              |            10.32 | 8.89        | 9.81        |
0.92                              |
| Sunflower            |             1.29 | 0.61        | 0.68        |
0.07                              |
| Soybean              |           127.19 | 119.51      | 124.24      |
4.73                              |
| Nigerseed            |             1.08 | 0.14        | 0.26        |
0.12                              |
| Castorseed           |             9.65 | 3.19        | 2.32        | 0.87                               |
| Other Oilseeds       |                  | 0.05        | 0.06        |
0.01                              |
| Sugarcane            |            52.51 | 57.31       | 55.68       | 1.64                               |
| Jute and Mesta       |             6.60 | 5.54        | 5.71        |
0.18                              |
| Cotton               |           129.50 | 106.96      | 110.49      |
3.53                              |
| Grand Total          |          1096.65 | 995.63      | 957.15      | 38.48                              |",," Rice : About 364.80 lakh ha (90.5% of Normal) area coverage under Kharif Rice as compared to 325.36 lakh ha during the corresponding period of last year.
-
Soybean : About 119.51 lakh ha (93.7 % of Normal) area coverage under Soyabean has been reported as compared to 124.24 lakh ha during the corresponding period of last year.
-
Sugarcane : About 57.31 lakh ha area coverage under Sugarcane has been reported as compared to 55.68 lakh ha during the corresponding period of last year.
-
Cotton : About 106.96 lakh ha (82.6% of Normal) area coverage has been reported compared to 110.49 lakh ha during the corresponding period of last year."
46234,Crop,Odisha,2025-08-11,Active Growth,Chhattisgarh; Coastal Andhra Pradesh; Gujarat; Madhya Pradesh; Maharashtra; Rajasthan; Telangana,None Reported,Chhattisgarh; Coastal Andhra Pradesh; Gujarat; Madhya Pradesh; Maharashtra; Rajasthan; Telangana,,,1,0.9,,,
46204,Cotton,Odisha,2025-08-04,Sowing,None Reported,None Reported,None Reported,,,2,0.8,"All India: Progressive Crop Area Sown Report
Kharif Weekly area coverage as on 01.08.2025
Source: CWWG (via API)
Area in Lakh Ha
|                      |   Normal (DA&FW) | Area Sown   | Area Sown   | Difference In Area Coverage Over   |
|----------------------|------------------|-------------|-------------|------------------------------------|
| Crop                 |                  | 2025-26     | 2024-25     | 2024-25                            |
| Rice                 |           403.09 | 319.40      | 273.72      | 45.68                              |
| Total Pulses         |           129.61 | 101.22      | 101.54      |
0.32                              |
| Tur                  |            44.71 | 38.32       | 41.06       |
2.74                              |
| Kulthi               |             1.72 | 0.15        | 0.16        |
0.01                              |
| Urad                 |            32.64 | 18.62       | 19.09       |
0.46                              |
| Moong                |            35.69 | 32.18       | 31.13       | 1.06                               |
| Other Pulses         |             5.15 | 2.99        | 2.94        | 0.05                               |
| Moth Bean            |             9.70 | 8.95        | 7.16        | 1.80                               |
| Total Coarse Cereals |           180.71 | 172.57      | 164.76      | 7.81                               |
| Jowar                |            15.07 | 13.17       | 13.53       |
0.36                              |
| Bajra                |            70.69 | 61.58       | 62.36       |
0.79                              |
| Ragi                 |            11.52 | 2.80        | 3.18        |
0.38                              |
| Maize                |            78.95 | 91.62       | 81.99       | 9.63                               |
| Other Small Millets  |             4.48 | 3.40        | 3.69        |
0.29                              |
| Total Oilseeds       |           194.63 | 171.03      | 178.14      |
7.11                              |
| Groundnut            |            45.10 | 41.56       | 43.45       |
1.88                              |
| Sesamum              |            10.32 | 8.38        | 9.00        |
0.61                              |
| Sunflower            |             1.29 | 0.58        | 0.66        |
0.08                              |
| Soybean              |           127.19 | 118.54      | 123.45      |
4.91                              |
| Nigerseed            |             1.08 | 0.12        | 0.24        |
0.12                              |
| Castorseed           |             9.65 | 1.79        | 1.29        | 0.50                               |
| Other Oilseeds       |                  | 0.05        | 0.06        |
0.01                              |
| Sugarcane            |            52.51 | 57.31       | 55.68       | 1.64                               |
| Jute and Mesta       |             6.60 | 5.54        | 5.71        |
0.18                              |
| Cotton               |           129.50 | 105.87      | 108.43      |
2.56                              |
| Grand Total          |          1096.65 | 932.93      | 887.97      | 44.96                              |",,"Rice : About 319.40 lakh ha (79.2% of Normal) area coverage under Kharif Rice as compared to 273.72 lakh ha during the corresponding period of last year.
- Soybean : About 118.54 lakh ha (93.2 % of Normal) area coverage under Soyabean has been reported as compared to 123.45 lakh ha during the corresponding period of last year.
- Sugarcane : About 57.31 lakh ha area coverage under Sugarcane has been reported as compared to 55.68 lakh ha during the corresponding period of last year.
- Cotton : About 105.87 lakh ha (81.7% of Normal) area coverage has been reported compared to 108.43 lakh ha during the corresponding period of last year."
46233,Crop,Odisha,2025-08-04,Active Growth,Chhattisgarh; Telangana,None Reported,Chhattisgarh; Telangana,,,1,0.9,,,
46193,Cotton,All India,2025-07-28,Sowing,None Reported,None Reported,None Reported,,,1,0.9," Rice : About 245.13 lakh ha (60.8% of Normal) area coverage under Kharif Rice as compared to 216.16 lakh ha during the corresponding period of last year.
-
Soybean : About 116.71 lakh ha (91.8 % of Normal) area coverage under Soyabean has been reported as compared to 121.38 lakh ha during the corresponding period of last year.
-
Sugarcane :  About  55.16  lakh  ha  area  coverage  under  Sugarcane  has  been  reported  as compared to 54.88 lakh ha during the corresponding period of last year.
Cotton : About 103.15 lakh ha (79.6% of Normal) area coverage has been reported compared to 105.52 lakh ha during the corresponding period of last year.
All India: Progressive Crop Area Sown Report
Kharif Weekly area coverage as on 2025-07-25
Source: CWWG (via API)
Area in Lakh Ha
|                      |   Normal (DA&FW) | Area Sown   | Area Sown   | Difference In Area Coverage Over   | % of Increase (+)/Decrease (-) Over   |
|----------------------|------------------|-------------|-------------|------------------------------------|---------------------------------------|
| Crop                 |                  | 2025-26     | 2024-25     | 2024-25                            | 2024-25                               |
| Rice                 |           403.09 | 245.13      | 216.16      | 28.97                              | 13.40                                 |
| Total Pulses         |           129.61 | 93.05       | 89.94       | 3.11                               | 3.45                                  |
| Tur                  |            44.71 | 34.90       | 37.99       |
3.10                              |
8.15                                 |
| Kulthi               |             1.72 | 0.15        | 0.13        | 0.02                               | 13.24                                 |
| Urad                 |            32.64 | 16.59       | 17.79       |
1.20                              |
6.75                                 |
| Moong                |            35.69 | 30.60       | 26.36       | 4.24                               | 16.08                                 |
| Other Pulses         |             5.15 | 2.67        | 2.60        | 0.07                               | 2.72                                  |
| Moth Bean            |             9.70 | 8.14        | 5.06        | 3.08                               | 60.83                                 |
| Total Coarse Cereals |           180.71 | 160.72      | 154.97      | 5.75                               | 3.71                                  |
| Jowar                |            15.07 | 12.45       | 12.34       | 0.11                               | 0.92                                  |
| Bajra                |            70.69 | 58.02       | 57.99       | 0.02                               | 0.04                                  |
| Ragi                 |            11.52 | 2.03        | 2.62        |
0.58                              |
22.32                                |
| Maize                |            78.95 | 85.58       | 78.92       | 6.66                               | 8.44                                  |
| Other Small Millets  |             4.48 | 2.64        | 3.10        |
0.46                              |
14.81                                |
| Total Oilseeds       |           194.63 | 166.89      | 170.73      |
3.83                              |
2.25                                 |
| Groundnut            |            45.10 | 41.17       | 40.77       | 0.40                               | 0.99                                  |
| Sesamum              |            10.32 | 7.44        | 7.14        | 0.31                               | 4.28                                  |
| Sunflower            |             1.29 | 0.56        | 0.59        |
0.03                              |
5.24                                 |
| Soybean              |           127.19 | 116.71      | 121.38      |
4.68                              |
3.85                                 |
| Nigerseed            |             1.08 | 0.03        | 0.22        |
0.19                              |
87.17                                |
| Castorseed           |             9.65 | 0.94        | 0.57        | 0.36                               | 63.20                                 |
| Other Oilseeds       |                  | 0.05        | 0.05        | 0.00                               |
7.86                                 |
| Sugarcane            |            52.51 | 55.16       | 54.88       | 0.29                               | 0.52                                  |
| Total Jute and Mesta |             6.60 | 5.54        | 5.71        |
0.18                              |
3.07                                 |
| Jute                 |             6.19 | 5.33        | 5.50        |
0.16                              |
2.99                                 |
| Mesta                |             0.40 | 0.20        | 0.22        |
0.01                              |
5.23                                 |
| Cotton               |           129.50 | 103.15      | 105.52      |
2.37                              |
2.25                                 |
| Grand Total          |          1096.65 | 829.64      | 797.91      | 31.73                              | 3.98                                  |",,
46192,Cotton,All India,2025-07-21,Sowing,None Reported,None Reported,None Reported,,,2,0.8,"|     | Progress of area coverage under Kharif crops as on 18.07.2025   | Progress of area coverage under Kharif crops as on 18.07.2025   | Progress of area coverage under Kharif crops as on 18.07.2025   | Progress of area coverage under Kharif crops as on 18.07.2025   | Progress of area coverage under Kharif crops as on 18.07.2025   |
|-----|-----------------------------------------------------------------|-----------------------------------------------------------------|-----------------------------------------------------------------|-----------------------------------------------------------------|-----------------------------------------------------------------|
|     |                                                                 |                                                                 |                                                                 | Area: In lakh hectare                                           | Area: In lakh hectare                                           |
| S.  | Crop                                                            | Normal Area                                                     | Area Sown                                                       | Area Sown                                                       | Increase (+)/                                                   |
| No. |                                                                 | (DES)                                                           | 2025                                                            | 2024                                                            | Decrease (-) over 2024-25                                       |
| 1   | Rice                                                            | 403.09                                                          | 176.68                                                          | 157.21                                                          | 19.47                                                           |
| 2   | Pulses                                                          | 129.61                                                          | 81.98                                                           | 80.13                                                           | 1.84                                                            |
| A   | Arhar                                                           | 44.71                                                           | 30.09                                                           | 31.70                                                           |
1.61                                                           |
| B   | Urdbean                                                         | 32.64                                                           | 14.45                                                           | 16.51                                                           |
2.06                                                           |
| C   | Moongbean                                                       | 35.69                                                           | 27.31                                                           | 24.52                                                           | 2.79                                                            |
| D   | Kulthi                                                          | 1.72                                                            | 0.14                                                            | 0.12                                                            | 0.01                                                            |
| E   | Mothbean                                                        | 9.70                                                            | 7.56                                                            | 4.95                                                            | 2.61                                                            |
| F   | Other pulses                                                    | 5.15                                                            | 2.43                                                            | 2.33                                                            | 0.10                                                            |
| 3   | Shri Anna cum Coarse cereals                                    | 180.71                                                          | 133.65                                                          | 117.66                                                          | 15.99                                                           |
| A   | Jowar                                                           | 15.07                                                           | 9.99                                                            | 9.81                                                            | 0.18                                                            |
| B   | Bajra                                                           | 70.69                                                           | 48.94                                                           | 42.09                                                           | 6.85                                                            |
| C   | Ragi                                                            | 11.52                                                           | 1.42                                                            | 1.70                                                            |
0.28                                                           |
| D   | Small millets                                                   | 4.48                                                            | 2.09                                                            | 2.34                                                            |
0.25                                                           |
| E   | Maize                                                           | 78.95                                                           | 71.21                                                           | 61.73                                                           | 9.48                                                            |
| 4   | Oilseeds                                                        | 194.63                                                          | 156.76                                                          | 162.80                                                          |
6.04                                                           |
| A   | Groundnut                                                       | 45.10                                                           | 38.01                                                           | 37.16                                                           | 0.86                                                            |
| B   | Soybean                                                         | 127.19                                                          | 111.67                                                          | 118.96                                                          |
7.29                                                           |
| C   | Sunflower                                                       | 1.29                                                            | 0.54                                                            | 0.55                                                            |
0.02                                                           |
| D   | Sesamum                                                         | 10.32                                                           | 6.04                                                            | 5.58                                                            | 0.46                                                            |
| E   | Niger                                                           | 1.08                                                            | 0.02                                                            | 0.22                                                            |
0.20                                                           |
| F   | Castor                                                          | 9.65                                                            | 0.43                                                            | 0.28                                                            | 0.15                                                            |
| G   | Other Oilseeds                                                  | 0.00                                                            | 0.05                                                            | 0.05                                                            | 0.00                                                            |
| 5   | Sugarcane                                                       | 52.51                                                           | 55.16                                                           | 54.88                                                           | 0.29                                                            |
| 6   | Jute & Mesta                                                    | 6.60                                                            | 5.53                                                            | 5.65                                                            |
0.12                                                           |
| 7   | Cotton                                                          | 129.50                                                          | 98.55                                                           | 102.05                                                          |
3.49                                                           |
|     | Total                                                           | 1096.65                                                         | 708.31                                                          | 680.38                                                          | 27.93                                                           |",,"Rice : About 176.68 lakh ha area coverage under Kharif Rice as compared to 157.21 lakh ha during the corresponding period of last year.
- Soybean : About 111.67 lakh ha area coverage under Soyabean has been reported as compared to 118.96 lakh ha during the corresponding period of last year.
- Sugarcane : About 55.16 lakh ha area coverage under Sugarcane has been reported as compared to 54.88 lakh ha during the corresponding period of last year.
- Cotton : About 98.55 lakh ha area coverage has been reported compared to 102.05 lakh ha during the corresponding period of last year;"
