id,crop,state,district,report_date,report_week,growth_stage,pest,disease,weather_condition,advisory,page_number,source_pdf,confidence,original_text,source_method,pipeline_version,dictionary_version,chunk_id,verification_status
1091,Sugarcane,All India,State-wide,2026-07-13,7,Sowing,None,None,,,1,Minutes of the meeting of CWWG as on 13.07.2026.pdf,0.9," Kharif sowing data collection has started from 05 th June, 2026 and the sowing is in preliminary stage. As on 10 July 2026, the area sown under Kharif crops is 531.25 lakh ha (including 57.58 lakh ha in Sugarcane) as compared to 632.69 lakh ha during the corresponding period of last year.",rule_based,2.1,1.0,Minutes of the meeting of CWWG as on 13.07.2026_p1_c1,VERIFIED
1092,Cotton,All India,State-wide,2026-07-13,7,Active Growth,None,None,,,1,Minutes of the meeting of CWWG as on 13.07.2026.pdf,0.7," Sugarcane : About 57.58 lakh ha area coverage (106% of Normal area) has been reported compared to 56.72 lakh ha during the corresponding period of last year.
-
Cotton : About 79.54 lakh ha area coverage has been reported compared to 93.95 lakh ha during the corresponding period of last year.
-
Jute : About 6.28 lakh ha area coverage has been reported compared to 6.16 lakh ha during the corresponding period of last year. Progress of area coverage under Kharif crops as on 10.07.2026 Area: In lakh hactare Progress of area coverage under Kharif crops as on 10.07.2026 Area: In lakh hactare Progress of area coverage under Kharif crops as on 10.07.2026 Area: In lakh hactare Progress of area coverage under Kharif crops as on 10.07.2026 Area: In lakh hactare Progress of area coverage under Kharif crops as on 10.07.2026 Area: In lakh hactare Progress of area coverage under Kharif crops as on 10.07.2026 Area: In lakh hactare Progress of area coverage under Kharif crops as on 10.07.2026 Area: In lakh hactare --------------------------------------------------------------------------------------- --------------------------------------------------------------------------------------- --------------------------------------------------------------------------------------- --------------------------------------------------------------------------------------- --------------------------------------------------------------------------------------- --------------------------------------------------------------------------------------- --------------------------------------------------------------------------------------- S. No. Normal Area (2020-21 to 2024- 25) Final Area Coverage 2025 Area covered as on date Area covered as on date Increase(+)/ Decrease(-) over 2025 S. No. Normal Area (2020-21 to 2024- 25) Final Area Coverage 2025 2026 2025 Increase(+)/ Decrease(-) over 2025 1 Rice 412.00 446.70 114.69 125.53 10.84 2 Pulses 123.64 118.97 56.63 73.85 17.22 a Arhar 44.32 44.60 19.54 28.03 8.49 b Urdbean 29.60 21.26 9.34 13.29 3.95 c Moongbean 35.48 37.45 21.52 24.08 2.56 d Kulthi 1.48 0.14 0.13 0.01 e Mothbean 9.69 4.40 6.12 1.72 f Other pulses* 3.07 15.66 1.69 2.20 0.52 3 Shri Anna cum Coarse cereals 182.63 192.12 98.69 127.30 28.61 a Jowar 14.44 12.10 6.88 9.01 2.13 b Bajra** 70.94 63.80 33.76 45.98 12.22 c Ragi 12.01 13.46 0.93 1.11 0.18 d Small millets 4.47 4.15 1.16 1.64 0.48 e Maize 80.77 98.61 55.97 69.56 13.59 4 Oilseeds 200.08 196.38 117.83 149.18 31.34 a Groundnut 46.79 50.29 23.40 35.45 12.05 b Soybean 128.71 123.86 90.51 107.72 17.21 c Sunflower 1.20 0.88 0.86 0.53 0.33 d Sesamum** 12.88 9.63 2.79 5.17 2.38 e Niger 1.01 0.83 0.06 0.01 0.05 f Castor 9.49 10.89 0.14 0.24 0.10 g Other Oilseeds 0.00 0.07 0.05 0.03 5 Sugarcane 54.20 58.84 57.58 56.72 0.86 6 Jute & Mesta 6.40 6.06 6.28 6.16 0.12 7 Cotton 125.51 115.20 79.54 93.95 14.41 Total Total 1104.46 1134.27 531.25 632.69 101.44",rule_based,2.1,1.0,Minutes of the meeting of CWWG as on 13.07.2026_p1_c2,VERIFIED
1093,Cotton,Odisha,State-wide,2026-07-13,7,Sowing,None,None,,,1,Minutes of the meeting of CWWG as on 13.07.2026.pdf,0.9,Sowing progress of Cotton area coverage as on 10.07.2026 Area (in lakh ha) Sowing progress of Cotton area coverage as on 10.07.2026 Area (in lakh ha) Sowing progress of Cotton area coverage as on 10.07.2026 Area (in lakh ha) Sowing progress of Cotton area coverage as on 10.07.2026 Area (in lakh ha) Sowing progress of Cotton area coverage as on 10.07.2026 Area (in lakh ha) Sowing progress of Cotton area coverage as on 10.07.2026 Area (in lakh ha) Sowing progress of Cotton area coverage as on 10.07.2026 Area (in lakh ha) ------------------------------------------------------------------------------ ------------------------------------------------------------------------------ ------------------------------------------------------------------------------ ------------------------------------------------------------------------------ ------------------------------------------------------------------------------ ------------------------------------------------------------------------------ ------------------------------------------------------------------------------ 1 Andhra Pradesh 5.38 4.99 2.401 1.625 0.78 2 Telangana 19.70 21.04 15.962 13.997 1.96 3 Gujarat 24.19 21.00 9.319 17.106 7.79 4 Haryana 5.85 4.00 3.107 4.010 0.90 5 Karnataka 7.73 8.00 6.080 6.670 0.59 6 Madhya Pradesh 5.82 5.68 5.406 5.460 0.05 7 Maharashtra 42.99 38.75 30.072 35.464 5.39 8 Odisha 2.07 2.43 0.943 1.601 0.66 9 Punjab 2.25 1.25 0.851 1.279 0.43 10 Rajasthan 8.02 7.20 5.153 6.437 1.28 11 Tamil Nadu 1.33 1.47 0.040 0.040 0.00 12 Others 0.18 0.31 0.210 0.260 0.05 All India All India 125.51 116.12 79.545 93.950 14.41,rule_based,2.1,1.0,Minutes of the meeting of CWWG as on 13.07.2026_p1_c3,VERIFIED
1094,Jute,Odisha,State-wide,2026-07-13,7,Active Growth,None,None,,,1,Minutes of the meeting of CWWG as on 13.07.2026.pdf,0.7," The overall intensity of pests and diseases remained below the Economic Threshold Level except: फसल CROP राज्य STATE जिला / उपजिला / गाांव DISTRICT/ SUB DISTRICT/ VILLAGE स्रोत / SOUR CE कीट / रो ग PEST DISEA SE राज्य में फसल क े अांतगगत क ु ल क्षेत्रफल ( हेक्टेयर ) TOTAL AREA UNDER THE CROP IN THE STATE (HA) तीव्रता INTENSITY सांक्रजमत / प्रभा जवतक्षेत्र *ETL ( हेक्टेयर ) सेऊपर /AREA INFESTED/I NFECTED ABOVE *ETL (HA) की गई कारगवाई / जटप्पणी ACTION TAKEN/ REMARK ------------- --------------- --------------------------------------------------------- --------------------- ---------------------------- ------------------------------------------------------------------------------------------------------ ------------------------------------------------------------------------------------------------------------------- -------------------------------------------------------------------------------------------------------------------------------------------------------------------------------------------------------------------------------------------------------------------------------------------------------------------------------------------------------------------------------------------------------------------------------------------------- RCIPMC Jute Guwahati Morigaon/ Mikirbheta/ Kashadhara Sat Gaon Rapid Roving Survey Semiloo per 52 Pest incidence was reported on 03.07.2026
RCIPMC Guwahati conducted Joints survey State Agriculture Department
Survey team issued advisory through NPSS, and Advisory issued to the State Agriculture Department for circulation amongst the Farmers & field functionaries. Farmers were suggested to follow necessary IPM management practices.
Regular monitoring is being carried out by all field functionaries as follow up action.",rule_based,2.1,1.0,Minutes of the meeting of CWWG as on 13.07.2026_p1_c4,VERIFIED
930,Sugarcane,All India,State-wide,2026-07-06,7,Sowing,None,None,,,1,Minutes of the meeting of CWWG as on 06.07.2026.pdf,0.9," Kharif sowing data collection has started from 05 th June, 2026 and the sowing is in preliminary stage. As on 05 July 2026, the area sown under Kharif crops is 350.85 lakh ha (including 57.58 lakh ha in Sugarcane) as compared to 442.80 lakh ha during the corresponding period of last year.",rule_based,2.1,1.0,Minutes of the meeting of CWWG as on 06.07.2026_p1_c1,VERIFIED
931,Crop,Punjab,State-wide,2026-07-06,7,Active Growth,"No  Warm  Night  Conditions  Are  Likely  Over  Any  Part  Of  The  Country  During  The  Week.  However, Minimum Temperatures Are Likely To Be Near Normal (+1.6 To +3.0°C) Over Parts Of Northwest India (Punjab, Haryana, Rajasthan, &Amp; Uttar Pradesh), And Near Normal (-1.5 To +1.5°C) For The Country",None,,,1,Minutes of the meeting of CWWG as on 06.07.2026.pdf,0.9,"No Warm Night conditions are likely over any part of the country during the week. However, minimum temperatures are likely to be near normal (+1.6 to +3.0°C) over parts of northwest India (Punjab, Haryana, Rajasthan, &amp; Uttar Pradesh), and near Normal (-1.5 to +1.5°C) for the country.",rule_based,2.1,1.0,Minutes of the meeting of CWWG as on 06.07.2026_p1_c2,VERIFIED
932,Jute,Punjab,State-wide,2026-07-06,7,Active Growth,None,None,,,1,Minutes of the meeting of CWWG as on 06.07.2026.pdf,0.7," Sugarcane : About 57.58 lakh ha area coverage (106% of Normal area) has been reported compared to 56.72 lakh ha during the corresponding period of last year.
-
Cotton : About 63.18 lakh ha area coverage has been reported compared to 82.00 lakh ha during the corresponding period of last year.
-
Jute : About 6.28 lakh ha area coverage has been reported compared to 6.16 lakh ha during the corresponding period of last year. Progress of area coverage under Kharif crops as on 05.07.2026 Area: In lakh hactare Progress of area coverage under Kharif crops as on 05.07.2026 Area: In lakh hactare Progress of area coverage under Kharif crops as on 05.07.2026 Area: In lakh hactare Progress of area coverage under Kharif crops as on 05.07.2026 Area: In lakh hactare Progress of area coverage under Kharif crops as on 05.07.2026 Area: In lakh hactare Progress of area coverage under Kharif crops as on 05.07.2026 Area: In lakh hactare Progress of area coverage under Kharif crops as on 05.07.2026 Area: In lakh hactare --------------------------------------------------------------------------------------- --------------------------------------------------------------------------------------- --------------------------------------------------------------------------------------- --------------------------------------------------------------------------------------- --------------------------------------------------------------------------------------- --------------------------------------------------------------------------------------- --------------------------------------------------------------------------------------- S. No. Crop Normal Area (2020-21 to 2024- 25) Final Area Coverage 2025 Area covered as on date Area covered as on date Increase(+)/ Decrease(-) over 2025 S. No. Crop Normal Area (2020-21 to 2024- 25) Final Area Coverage 2025 2026 2025 Increase(+)/ Decrease(-) over 2025 1 Rice 412.00 446.70 60.24 69.30 9.06 2 Pulses 123.64 118.97 37.15 47.49 10.34 a Arhar 44.32 44.60 12.35 21.00 8.65 b Urdbean 29.60 21.26 3.01 4.63 1.62 c Moongbean 35.48 37.45 16.81 17.20 0.39 d Kulthi 1.48 e Mothbean 9.69 3.45 3.00 0.45 f Other pulses* 3.07 15.66 1.40 1.56 0.16 3 Shri Anna cum Coarse cereals 182.63 192.12 60.12 71.86 11.75 a Jowar 14.44 12.10 4.53 4.89 0.36 b Bajra** 70.94 63.80 20.82 30.00 9.18 c Ragi 12.01 13.46 0.84 0.88 0.04 d Small millets 4.47 4.15 0.98 1.09 0.11 e Maize 80.77 98.61 32.94 35.00 2.06 4 Oilseeds 200.08 196.38 66.31 109.27 42.96 a Groundnut 46.79 50.29 16.93 28.00 11.07 b Soybean 128.71 123.86 47.80 79.20 31.40 c Sunflower 1.20 0.88 0.79 0.46 0.33 d Sesamum** 12.88 9.63 0.60 1.49 0.89 e Niger 1.01 0.83 0.06 0.01 0.05 f Castor 9.49 10.89 0.09 0.07 0.02 g Other Oilseeds 0.00 0.06 0.04 0.02 5 Sugarcane 54.20 57.58 56.72 0.85 58.84 6 Jute & Mesta 6.40 6.06 6.28 6.16 0.12 Total Total 1104.46 1134.27 350.85 442.80 91.95",rule_based,2.1,1.0,Minutes of the meeting of CWWG as on 06.07.2026_p1_c3,VERIFIED
933,Cotton,Odisha,State-wide,2026-07-06,7,Sowing,None,None,,,1,Minutes of the meeting of CWWG as on 06.07.2026.pdf,0.9,Sowing progress of cotton area coverage as on 05.07.2026 Area (in lakh ha) Sowing progress of cotton area coverage as on 05.07.2026 Area (in lakh ha) Sowing progress of cotton area coverage as on 05.07.2026 Area (in lakh ha) Sowing progress of cotton area coverage as on 05.07.2026 Area (in lakh ha) Sowing progress of cotton area coverage as on 05.07.2026 Area (in lakh ha) Sowing progress of cotton area coverage as on 05.07.2026 Area (in lakh ha) Sowing progress of cotton area coverage as on 05.07.2026 Area (in lakh ha) ------------------------------------------------------------------------------ ------------------------------------------------------------------------------ ------------------------------------------------------------------------------ ------------------------------------------------------------------------------ ------------------------------------------------------------------------------ ------------------------------------------------------------------------------ ------------------------------------------------------------------------------ 1 Andhra Pradesh 5.38 4.99 1.86 0.72 0.03 2 Telangana 19.70 21.04 12.27 12.28 0.00 3 Gujarat 24.19 21.00 9.32 17.11 0.55 4 Haryana 5.85 4.00 3.11 3.92 0.05 5 Karnataka 7.73 8.00 5.46 6.12 0.03 6 Madhya Pradesh 5.82 5.68 4.19 4.26 0.00 7 Maharashtra 42.99 38.75 20.61 32.93 0.12 8 Odisha 2.07 2.43 0.38 1.22 0.84 9 Punjab 2.25 1.25 0.79 1.19 0.00 10 Rajasthan 8.02 7.20 4.94 6.02 0.09 11 Tamil Nadu 1.33 1.47 0.04 0.04 0.00 12 Others 0.18 0.31 0.21 0.26 0.05 All India All India 125.51 116.12 63.18 82.00 22.88,rule_based,2.1,1.0,Minutes of the meeting of CWWG as on 06.07.2026_p1_c4,VERIFIED
1375,Sugarcane,All India,State-wide,2026-06-29,6,Sowing,None,None,,,1,Minutes of the meeting of CWWG as on 29.06.2026.pdf,0.9," Kharif sowing data collection has started from 05 th June, 2026 and the sowing is in preliminary stage. As on 25 June 2026, the area sown under Kharif crops is 182.72 lakh ha (including 57.31 lakh ha in Sugarcane) as compared to 236.46 lakh ha during the corresponding period of last year.",rule_based,2.1,1.0,Minutes of the meeting of CWWG as on 29.06.2026_p1_c1,VERIFIED
1376,Crop,Punjab,State-wide,2026-06-29,6,Active Growth,"No  Warm  Night  Conditions  Are  Likely  Over  Any  Part  Of  The  Country  During  The  Week.  However, Minimum Temperatures Are Likely To Be Above Normal (+1.6 To +3.0°C) Over Parts Of Northwest India (Punjab, Haryana, Rajasthan, &Amp; Uttar Pradesh), And Near Normal (-1.5 To +1.5°C) Across The Rest Of The Country",None,,,1,Minutes of the meeting of CWWG as on 29.06.2026.pdf,0.9,"No Warm Night conditions are likely over any part of the country during the week. However, minimum temperatures are likely to be above normal (+1.6 to +3.0°C) over parts of northwest India (Punjab, Haryana, Rajasthan, &amp; Uttar Pradesh), and near Normal (-1.5 to +1.5°C) across the rest of the country.",rule_based,2.1,1.0,Minutes of the meeting of CWWG as on 29.06.2026_p1_c2,VERIFIED
1377,Cotton,Punjab,State-wide,2026-06-29,6,Active Growth,None,None,,,1,Minutes of the meeting of CWWG as on 29.06.2026.pdf,0.7," Sugarcane : About 57.31 lakh ha area coverage (106% of Normal area) has been reported compared to 56.64 lakh ha during the corresponding period of last year.
-
Cotton : About 29.66 lakh ha area coverage has been reported compared to 45.36 lakh ha during the corresponding period of last year.
-
Jute : About 6.25 lakh ha area coverage has been reported compared to 6.13 lakh ha during the corresponding period of last year. Progress of area coverage under Kharif crops as on 25.06.2026 Area: In lakh hactare Progress of area coverage under Kharif crops as on 25.06.2026 Area: In lakh hactare Progress of area coverage under Kharif crops as on 25.06.2026 Area: In lakh hactare Progress of area coverage under Kharif crops as on 25.06.2026 Area: In lakh hactare Progress of area coverage under Kharif crops as on 25.06.2026 Area: In lakh hactare Progress of area coverage under Kharif crops as on 25.06.2026 Area: In lakh hactare Progress of area coverage under Kharif crops as on 25.06.2026 Area: In lakh hactare --------------------------------------------------------------------------------------- --------------------------------------------------------------------------------------- --------------------------------------------------------------------------------------- --------------------------------------------------------------------------------------- --------------------------------------------------------------------------------------- --------------------------------------------------------------------------------------- --------------------------------------------------------------------------------------- S. Normal Area (2020-21 to 2024- 25) Final Area Coverage 2025 Area covered as on date Area covered as on date Increase(+)/ Decrease(-) over 2025 No. Crop 2026 2025 1 Rice 412.00 446.70 25.75 34.41 8.65 2 Pulses 123.64 118.97 14.92 21.46 6.53 a Arhar 44.32 44.60 3.56 8.45 4.89 b Urdbean 29.60 21.26 1.07 2.51 1.44 c Moongbean 35.48 37.45 8.37 8.63 0.26 d Kulthi 1.48 0.13 0.10 0.03 e Mothbean 9.69 0.82 0.56 0.26 f Other pulses* 3.07 15.66 0.98 1.21 0.23 3 Shri Anna cum Coarse cereals 182.63 192.12 31.84 36.07 4.23 a Jowar 14.44 12.10 3.38 2.70 0.68 b Bajra** 70.94 63.80 11.34 13.06 1.72 c Ragi 12.01 13.46 0.66 0.73 0.07 d Small millets 4.47 4.15 0.75 0.97 0.22 e Maize 80.77 98.61 15.71 18.61 2.90 4 Oilseeds 200.08 196.38 16.99 36.41 19.42 a Groundnut 46.79 50.29 8.87 15.29 6.42 b Soybean 128.71 123.86 6.92 19.97 13.05 c Sunflower 1.20 0.88 0.73 0.44 0.29 d Sesamum** 12.88 9.63 0.36 0.63 0.27 e Niger 1.01 0.83 0.02 0.00 0.02 f Castor 9.49 10.89 0.04 0.03 0.01 g Other Oilseeds 0.00 0.04 0.04 0.00 5 Sugarcane 54.20 58.84 57.31 56.64 0.67 6 Jute & Mesta 6.40 6.06 6.25 6.13 0.12 7 Cotton 125.51 115.20 29.66 45.36 15.70 Total Total 1104.46 1134.27 182.72 236.46 53.74",rule_based,2.1,1.0,Minutes of the meeting of CWWG as on 29.06.2026_p1_c3,VERIFIED
1256,Sugarcane,All India,State-wide,2026-06-22,6,Sowing,None,None,,,1,Minutes of the meeting of CWWG as on 22.06.2026.pdf,0.9," Kharif sowing data collection has started from 05 th June, 2026 and the sowing is in preliminary stage. As on 19 June 2026, the area sown under Kharif crops is 119.90 lakh ha (including 57.31 lakh ha in Sugarcane) as compared to 117.95 lakh ha during the corresponding period of last year.",rule_based,2.1,1.0,Minutes of the meeting of CWWG as on 22.06.2026_p1_c1,VERIFIED
1257,Crop,Chhattisgarh,State-wide,2026-06-22,6,Active Growth,"Heat Wave Conditions Very Likely In Isolated Pockets Over Chhattisgarh On 22Nd &Amp; 23Rd June; East Madhya  Pradesh,  Vidarbha  During  22Nd-25Th  June,  East  Uttar  Pradesh  During  22Nd-24Th  June; Telangana On 22Nd June; With Severe Heat Wave Conditions In Isolated Pockets During 22Nd-24Th June",None,,,1,Minutes of the meeting of CWWG as on 22.06.2026.pdf,0.9," Heat wave conditions very likely in isolated pockets over Chhattisgarh on 22nd &amp; 23rd June; East Madhya Pradesh, Vidarbha during 22nd-25th June, East Uttar Pradesh during 22nd-24th June; Telangana on 22nd June; with severe heat wave conditions in isolated pockets during 22nd-24th June.",rule_based,2.1,1.0,Minutes of the meeting of CWWG as on 22.06.2026_p1_c2,VERIFIED
1258,Crop,Punjab,State-wide,2026-06-22,6,Active Growth,"Low  Probability  Of  Heatwave  Conditions  Likely  Over  Parts  Of  Northwest  India  (Rajasthan,  Punjab, Haryana &Amp; Uttar Pradesh), And Central India (Vidarbha And Adjoining Regions Of North Telangana) On Some Days Of Week",None,,,1,Minutes of the meeting of CWWG as on 22.06.2026.pdf,0.9," Low probability of Heatwave conditions likely over parts of northwest India (Rajasthan, Punjab, Haryana &amp; Uttar Pradesh), and central India (Vidarbha and adjoining regions of North Telangana) on some days of week.",rule_based,2.1,1.0,Minutes of the meeting of CWWG as on 22.06.2026_p1_c3,VERIFIED
1259,Pulses,Punjab,State-wide,2026-06-22,6,Sowing,None,None,,,1,Minutes of the meeting of CWWG as on 22.06.2026.pdf,0.9," Sugarcane : About 57.31 lakh ha area coverage (106% of Normal area) has been reported compared to 56.64 lakh ha during the corresponding period of last year.
-
Cotton : About 17.13 lakh ha area coverage has been reported compared to 22.82 lakh ha during the corresponding period of last year.
-
Jute : About 6.22 lakh ha area coverage has been reported compared to 6.09 lakh ha during the corresponding period of last year. Progress of area coverage under Kharif crops as on 19.06.2026 Area: In lakh hactare Progress of area coverage under Kharif crops as on 19.06.2026 Area: In lakh hactare Progress of area coverage under Kharif crops as on 19.06.2026 Area: In lakh hactare Progress of area coverage under Kharif crops as on 19.06.2026 Area: In lakh hactare Progress of area coverage under Kharif crops as on 19.06.2026 Area: In lakh hactare Progress of area coverage under Kharif crops as on 19.06.2026 Area: In lakh hactare Progress of area coverage under Kharif crops as on 19.06.2026 Area: In lakh hactare --------------------------------------------------------------------------------------- --------------------------------------------------------------------------------------- --------------------------------------------------------------------------------------- --------------------------------------------------------------------------------------- --------------------------------------------------------------------------------------- --------------------------------------------------------------------------------------- --------------------------------------------------------------------------------------- S. No. Crop Normal Area (2020-21 to 2024-25) Final Area Coverage 2025 Area Sown Area Sown Increase(+)/ Decrease(-) over 2025 S. No. Crop Normal Area (2020-21 to 2024-25) Final Area Coverage 2025 2026 2025 Increase(+)/ Decrease(-) over 2025 1 Rice 412.00 446.70 12.36 8.09 4.26 2 Pulses 123.64 118.97 7.21 6.39 0.83 a Arhar 44.32 44.60 1.61 1.59 0.02 b Urdbean 29.60 21.26 0.62 0.98 0.36 c Moongbean 35.48 37.45 4.08 2.86 1.21 d Kulthi 1.48 0.09 0.08 0.01 e Mothbean 9.69 0.10 0.00 0.10 f Other pulses* 3.07 15.66 0.71 0.87 0.16 a Jowar 14.44 12.10 1.74 1.40 0.34 b Bajra** 70.94 63.80 4.05 2.14 1.91 c Ragi 12.01 13.46 0.31 0.27 0.05 d Small millets 4.47 4.15 0.64 0.68 0.04 e Maize 80.77 98.61 5.69 5.34 0.35 4 Oilseeds 200.08 196.38 7.24 8.11 0.87 a Groundnut 46.79 50.29 5.25 5.09 0.16 b Soybean 128.71 123.86 1.30 2.50 1.20 c Sunflower 1.20 0.88 0.49 0.27 0.21 d Sesamum** 12.88 9.63 0.15 0.19 0.04 e Niger 1.01 0.83 0.00 0.00 0.00 f Castor 9.49 10.89 0.02 0.01 0.00 g Other Oilseeds 0.00 0.04 0.03 0.00 5 Sugarcane 54.20 58.84 57.31 56.64 0.67 6 Jute & Mesta 6.40 6.06 6.22 6.09 0.14 7 Cotton 125.51 115.20 17.13 22.82 5.69 * Other pulses (Other pulses- Kulthi * Other pulses (Other pulses- Kulthi & Mothbean), ** Average of 2022-23 & 2023-24) & Mothbean), ** Average of 2022-23 & 2023-24) & Mothbean), ** Average of 2022-23 & 2023-24) & Mothbean), ** Average of 2022-23 & 2023-24) & Mothbean), ** Average of 2022-23 & 2023-24)",rule_based,2.1,1.0,Minutes of the meeting of CWWG as on 22.06.2026_p1_c4,VERIFIED
1260,Pulses,Punjab,State-wide,2026-06-22,6,Active Growth,The  Overall  Intensity  Of  Pests  And  Diseases  Remained  Below  The  Economic  Threshold  Level Except,None,,,1,Minutes of the meeting of CWWG as on 22.06.2026.pdf,0.9, The overall intensity of pests and diseases remained below the Economic Threshold Level except:,rule_based,2.1,1.0,Minutes of the meeting of CWWG as on 22.06.2026_p1_c5,VERIFIED
1101,Sugarcane,All India,State-wide,2026-06-15,6,Sowing,None,None,,,1,Minutes of the meeting of CWWG as on 15.06.2026.pdf,0.9," Kharif sowing data collection has started from 05 th June, 2026 and the sowing is in preliminary stage. As on 12 June 2026, the area sown under Kharif crops is 84.60 lakh ha (including 54.08 lakh ha in Sugarcane) as compared to 88.04 lakh ha during the corresponding period of last year.",rule_based,2.1,1.0,Minutes of the meeting of CWWG as on 15.06.2026_p1_c1,VERIFIED
1102,Crop,Andhra Pradesh,State-wide,2026-06-15,6,Active Growth,Low Probability Of Heatwave Conditions Very Likely In Isolated Pockets Over Coastal Andhra Pradesh &Amp; Yanam During 11Th-12Th June; Telangana During 11Th-13Th June; Vidarbha During 11Th-12Th June,None,,,1,Minutes of the meeting of CWWG as on 15.06.2026.pdf,0.9,Low probability of Heatwave conditions very likely in isolated pockets over Coastal Andhra Pradesh &amp; Yanam during 11th-12th June; Telangana during 11th-13th June; Vidarbha during 11th-12th June.,rule_based,2.1,1.0,Minutes of the meeting of CWWG as on 15.06.2026_p1_c2,VERIFIED
1103,Crop,Maharashtra,State-wide,2026-06-15,6,Active Growth,Hot  And  Humid  Weather  Conditions  Likely  To  Prevail  Over  Konkan  &Amp;  Goa  During  11Th-13Th  June; Madhya Maharashtra During 11Th-12Th June,None,,,1,Minutes of the meeting of CWWG as on 15.06.2026.pdf,0.9, Hot and humid weather conditions likely to prevail over Konkan &amp; Goa during 11th-13th June; Madhya Maharashtra during 11th-12th June.,rule_based,2.1,1.0,Minutes of the meeting of CWWG as on 15.06.2026_p1_c3,VERIFIED
1104,Crop,Punjab,State-wide,2026-06-15,6,Active Growth,"Low  Probability  Of  Heatwave  Conditions  Likely  Over  Parts  Of  Northwest  India  (Rajasthan,  Punjab, Haryana &Amp; Uttar Pradesh) On Some Days Of The Week",None,,,1,Minutes of the meeting of CWWG as on 15.06.2026.pdf,0.9,"Low probability of Heatwave conditions likely over parts of northwest India (Rajasthan, Punjab, Haryana &amp; Uttar Pradesh) on some days of the week.",rule_based,2.1,1.0,Minutes of the meeting of CWWG as on 15.06.2026_p1_c4,VERIFIED
1105,Crop,Punjab,State-wide,2026-06-15,6,Active Growth,The Overall Intensity Of Pests And Diseases Remained Below The Economic Threshold Level,None,,,1,Minutes of the meeting of CWWG as on 15.06.2026.pdf,0.9, The overall intensity of pests and diseases remained below the Economic Threshold Level.,rule_based,2.1,1.0,Minutes of the meeting of CWWG as on 15.06.2026_p1_c5,VERIFIED
941,Sugarcane,All India,State-wide,2026-06-08,6,Sowing,None,None,,,1,Minutes of the meeting of CWWG as on 08.06.2026.pdf,0.9," Kharif sowing data collection has started from 05 th June, 2026 and the sowing is in preliminary stage. As on June 05 2026, the area sown under Kharif crops is 72.57 lakh ha (including 54.08 lakh ha in Sugarcane) as compared to 74.61 lakh ha during the corresponding period of last year.",rule_based,2.1,1.0,Minutes of the meeting of CWWG as on 08.06.2026_p1_c1,VERIFIED
942,Crop,Odisha,State-wide,2026-06-08,6,Active Growth,"Low Probability Of Heatwave Conditions Likely Over Parts Of Northwest India (Uttar Pradesh) And Parts Of East India (Bihar, Jharkhand, Odisha, Gangetic West Bengal &Amp; Chhattisgarh) And Adjoining Central India (Madhya Pradesh) On Some Days Of The Week",None,,,1,Minutes of the meeting of CWWG as on 08.06.2026.pdf,0.9,"Low probability of Heatwave conditions likely over parts of northwest India (Uttar Pradesh) and parts of East India (Bihar, Jharkhand, Odisha, Gangetic West Bengal &amp; Chhattisgarh) and adjoining central India (Madhya Pradesh) on some days of the week.",rule_based,2.1,1.0,Minutes of the meeting of CWWG as on 08.06.2026_p1_c2,VERIFIED
943,Cotton,Odisha,State-wide,2026-06-08,6,Sowing,None,None,,,1,Minutes of the meeting of CWWG as on 08.06.2026.pdf,0.9," Sugarcane: About 54.08 lakh ha area coverage under Sugarcane has been reported, which is the same as the area reported during the corresponding period of last year (54.08 lakh ha).
-
Cotton: About 7.51 lakh ha area coverage has been reported compared to 9.72 lakh ha during the corresponding period of last year.
-
Jute : About 6.18 lakh ha area coverage has been reported compared to 6.08 lakh ha during the corresponding period of last year. Progress of area coverage under Kharif crops as on 05.06.2026 Area: In lakh hactare Progress of area coverage under Kharif crops as on 05.06.2026 Area: In lakh hactare Progress of area coverage under Kharif crops as on 05.06.2026 Area: In lakh hactare Progress of area coverage under Kharif crops as on 05.06.2026 Area: In lakh hactare Progress of area coverage under Kharif crops as on 05.06.2026 Area: In lakh hactare Progress of area coverage under Kharif crops as on 05.06.2026 Area: In lakh hactare Progress of area coverage under Kharif crops as on 05.06.2026 Area: In lakh hactare --------------------------------------------------------------------------------------- --------------------------------------------------------------------------------------- --------------------------------------------------------------------------------------- --------------------------------------------------------------------------------------- --------------------------------------------------------------------------------------- --------------------------------------------------------------------------------------- --------------------------------------------------------------------------------------- S. Normal Area (2020-21 to Final Area Coverage 2025 Area Sown Area Sown Increase(+)/ Decrease(-) over 2025 No. Crop 2024-25) 2026 2025 1 Rice 412.00 446.70 2.85 2.65 0.20 2 Pulses 123.64 118.97 0.52 0.35 0.17 a Arhar 44.32 44.60 0.05 0.03 0.02 b Urdbean 29.60 21.26 0.10 0.06 0.04 c Moongbean 35.48 37.45 0.15 0.17 0.01 d Kulthi 1.48 0.04 0.06 0.02 e Mothbean 9.69 0.00 0.00 0.00 f Other pulses* 3.07 15.66 0.18 0.04 0.14 3 Shri Anna cum Coarse cereals 182.63 192.12 1.01 1.22 0.21 a Jowar 14.44 12.10 0.03 0.26 0.23 b Bajra** 70.94 63.80 0.02 0.01 0.01 c Ragi 12.01 13.46 0.30 0.29 0.01 d Small millets 4.47 4.15 0.28 0.39 0.11 e Maize 80.77 98.61 0.38 0.27 0.11 4 Oilseeds 200.08 196.38 0.42 0.52 0.10 a Groundnut 46.79 50.29 0.05 0.09 0.04 b Soybean 128.71 123.86 0.19 0.17 0.02 c Sunflower 1.20 0.88 0.11 0.13 0.02 d Sesamum** 12.88 9.63 0.04 0.10 0.06 e Niger 1.01 0.83 0.00 0.00 0.00 f Castor 9.49 10.89 0.00 0.00 0.00 g Other Oilseeds 0.00 0.03 0.03 0.00 5 Sugarcane 54.20 58.84 54.08 54.08 0.00 6 Jute & Mesta 6.40 6.06 6.18 6.08 0.10 7 Cotton 125.51 115.20 7.51 9.72 2.20 Total Total 1104.46 1134.27 72.57 74.61 2.04",rule_based,2.1,1.0,Minutes of the meeting of CWWG as on 08.06.2026_p1_c3,VERIFIED
745,Rice,All India,State-wide,2026-06-01,6,Harvesting,None,None,,,1,Minutes of the meeting of CWWG as on 01.06.2026.pdf,0.9," As per 3 rd Advance Estimates 2025-26, the area sown under the summer crops is 87.26 lakh ha as compared to 83.91 lakh ha during the corresponding period of last year. As compared to previous year, Rice area declined by 0.65 lakh ha whereas, Maize area increased by 2.08 lakh ha, Groundnut by 1.03 lakh ha, Urad by 0.76 lakh ha and Shree Anna by 0.70 lakh ha.
-
As on 01.06.2026, rabi crops harvesting has been completed in all states.",rule_based,2.1,1.0,Minutes of the meeting of CWWG as on 01.06.2026_p1_c1,VERIFIED
746,Cotton,All India,State-wide,2026-06-01,6,Active Growth,None,None,,,1,Minutes of the meeting of CWWG as on 01.06.2026.pdf,0.9,"c) Fertilizers: The fertilizer supply remains stable across all products.
4. Pests &amp; Diseases : The overall incidence of pests and diseases remained below the Economic Threshold Level. The monitoring of Cotton crop for Pink Ball Worm is progressing as per the protocol.",rule_based,2.1,1.0,Minutes of the meeting of CWWG as on 01.06.2026_p1_c2,VERIFIED
747,Crop,Punjab,State-wide,2026-06-01,6,Active Growth,"Low Probability Of Heatwave Conditions Likely Over Some Parts Of Northwest India (Rajasthan, South Punjab, South Haryana, South Uttar Pradesh) During Some Days Of The Week",None,,,1,Minutes of the meeting of CWWG as on 01.06.2026.pdf,0.9,"Low probability of Heatwave conditions likely over some parts of northwest India (Rajasthan, south Punjab, south Haryana, south Uttar Pradesh) during some days of the week.",rule_based,2.1,1.0,Minutes of the meeting of CWWG as on 01.06.2026_p1_c3,VERIFIED
748,Crop,Odisha,State-wide,2026-06-01,6,Active Growth,"Above-Normal (+1.6 To +3.0°C) To Appreciably Above-Normal (+3.1 To +5.0°C)  Maximum Temperatures Are Likely Over Some Parts Of East India (Bihar, Gangetic West Bengal &Amp; Odisha). Nearnormal  Weekly  Maximum  Temperatures  (-1.5  To  +1.5°C)  Are  Likely  Across  The  Rest  Of  The  Country During The Week",None,,,1,Minutes of the meeting of CWWG as on 01.06.2026.pdf,0.9," Above-normal (+1.6 to +3.0°C) to appreciably above-normal (+3.1 to +5.0°C) maximum temperatures are likely over some parts of East India (Bihar, Gangetic West Bengal &amp; Odisha). Nearnormal weekly maximum temperatures (-1.5 to +1.5°C) are likely across the rest of the country during the week.",rule_based,2.1,1.0,Minutes of the meeting of CWWG as on 01.06.2026_p1_c4,VERIFIED
749,Crop,Odisha,State-wide,2026-06-01,6,Active Growth,"Maximum Temperatures Are Very Likely To Be 4-5 Deg Celsius Below Normal Over Most Parts Of The Country  During  Week  2 Except  Many  Parts  Of  Odisha,  West  Bengal,  Bihar,  And  Arunachal Pradesh, West Rajasthan, Punjab",None,,,1,Minutes of the meeting of CWWG as on 01.06.2026.pdf,0.9,"Maximum temperatures are very likely to be 4-5 Deg Celsius below normal over most parts of the country during week 2 except many parts of Odisha, West Bengal, Bihar, and Arunachal Pradesh, West Rajasthan, Punjab.",rule_based,2.1,1.0,Minutes of the meeting of CWWG as on 01.06.2026_p1_c5,VERIFIED
750,Sunflower,Odisha,State-wide,2026-06-01,6,Sowing,None,None,,,1,Minutes of the meeting of CWWG as on 01.06.2026.pdf,0.9," As per 3 rd Advance Estimates 2025-26, about 116.3 percent of the normal area has been sown under the summer season crops.
-
Rice: About 32.63 lakh ha area coverage under Summer Rice has been reported as compared to 33.28 lakh ha during the corresponding period of last year.
-
Pulses: About 27.16 lakh ha area coverage has been reported compared to 27.07 lakh ha during the corresponding period of last year.
-
Oilseeds: About 10.62 lakh ha area coverage has been reported compared to 9.51 lakh ha during the corresponding period of last year. --------------------------------------------------------------------------- --------------------------------------------------------------------------- --------------------------------------------------------------------------- --------------------------------------------------------------------------- --------------------------------------------------------------------------- Area Area Area Increase / Crop Normal 2025-26 2024-25 Decrease Rice 31.49 32.63 33.28 0.65 Maize 6.98 10.58 8.50 2.08 Jowar 0.34 0.43 0.36 0.07 Bajra 4.43 5.83 5.20 0.63 Shree Anna /Nutri Cereals 4.77 6.26 5.56 0.70 Nutri/Coarse Cereals 11.75 16.84 14.05 2.79 Cereals 43.23 49.48 47.33 2.15 Urad 2.96 4.34 3.58 0.76 Moong 20.44 22.82 23.49 0.67 Total Pulses 23.40 27.16 27.07 0.09 Total Food Grains 66.64 76.64 74.40 2.24 Groundnut 3.40 5.23 4.20 1.03 Sesamum 4.66 5.04 4.96 0.08 Sunflower 0.34 0.35 0.35 0.00 Total Oil Seeds 8.40 10.62 9.51 1.11 Total 75.04 87.26 83.91 3.35",rule_based,2.1,1.0,Minutes of the meeting of CWWG as on 01.06.2026_p1_c6,VERIFIED
751,Sunflower,Odisha,State-wide,2026-06-01,6,Active Growth,The Overall Intensity Of Pests And Diseases Remained Below The Economic Threshold Level,None,,,1,Minutes of the meeting of CWWG as on 01.06.2026.pdf,0.9, The overall intensity of pests and diseases remained below the Economic Threshold Level.,rule_based,2.1,1.0,Minutes of the meeting of CWWG as on 01.06.2026_p1_c7,VERIFIED
1273,Rice,All India,State-wide,2026-05-25,5,Harvesting,None,None,,,1,Minutes of the meeting of CWWG as on 25.05.2026.pdf,0.9," As on May 22, 2026, the area sown under summer crops is 86.02 lakh ha as compared to 83.50 lakh ha during the corresponding period of last year. Of this, area of 31.05 lakh ha has been sown under Rice this year. There is also an increase in the area sown under Maize by about 1.50 lakh ha so far from the last 5-years average.
-
As on 22.05.2026, 97.92% of area has been harvested for Rabi crops all over India. The harvest of pulses, oilseeds, and Shri Anna-cum-coarse cereals has been completed; 79.71% area of Rice and 99.50% area of Wheat has been harvested for Rabi crops 2025-26.",rule_based,2.1,1.0,Minutes of the meeting of CWWG as on 25.05.2026_p1_c1,VERIFIED
1274,Crop,Punjab,State-wide,2026-05-25,5,Active Growth,"Low  To  Moderate  Probability  Of  Heatwave  Conditions  Likely  Over  Some  Parts  Of  Northwest  India (Punjab, Haryana, Rajasthan, Uttar Pradesh, Jammu &Amp; Kashmir, Southern Parts Of Himachal Pradesh &Amp; Uttarakhand) During Some/Many Days Of The Week",None,,,1,Minutes of the meeting of CWWG as on 25.05.2026.pdf,0.9," Low to moderate probability of Heatwave conditions likely over some parts of northwest India (Punjab, Haryana, Rajasthan, Uttar Pradesh, Jammu &amp; Kashmir, southern parts of Himachal Pradesh &amp; Uttarakhand) during some/many days of the week.",rule_based,2.1,1.0,Minutes of the meeting of CWWG as on 25.05.2026_p1_c2,VERIFIED
1275,Crop,Punjab,State-wide,2026-05-25,5,Active Growth,"Low Probability Of Warm Night Conditions Is Likely Over Punjab, Haryana, And Adjoining West Uttar Pradesh On Some Days Of The Week",None,,,1,Minutes of the meeting of CWWG as on 25.05.2026.pdf,0.9,"Low probability of warm night conditions is likely over Punjab, Haryana, and adjoining West Uttar Pradesh on some days of the week.",rule_based,2.1,1.0,Minutes of the meeting of CWWG as on 25.05.2026_p1_c3,VERIFIED
1276,Wheat,Punjab,State-wide,2026-05-25,5,Harvesting,None,None,,,1,Minutes of the meeting of CWWG as on 25.05.2026.pdf,0.9," Rice : About 31.05 lakh ha area coverage under Summer Rice has been reported as compared to 32.42 lakh ha during the corresponding period of last year.
-
Pulses : About 27.91 lakh ha area coverage has been reported compared to 27.26 lakh ha during the corresponding period of last year.
-
Oilseeds : About 11.04 lakh ha area coverage has been reported compared to 9.58 lakh ha during the corresponding period of last year. Progress of Area coverage under Summer crops as on 22.05.2026 (In lakh hectare) Progress of Area coverage under Summer crops as on 22.05.2026 (In lakh hectare) Progress of Area coverage under Summer crops as on 22.05.2026 (In lakh hectare) Progress of Area coverage under Summer crops as on 22.05.2026 (In lakh hectare) Progress of Area coverage under Summer crops as on 22.05.2026 (In lakh hectare) Progress of Area coverage under Summer crops as on 22.05.2026 (In lakh hectare) Progress of Area coverage under Summer crops as on 22.05.2026 (In lakh hectare) ----------------------------------------------------------------------------------- ----------------------------------------------------------------------------------- ----------------------------------------------------------------------------------- ----------------------------------------------------------------------------------- ----------------------------------------------------------------------------------- ----------------------------------------------------------------------------------- ----------------------------------------------------------------------------------- Sl. No. Crops Normal Summer Area (DES)* Final Summer Area Sown Area Sown Increase/ Decrease over corresponding period of Last year Sl. No. Crops Normal Summer Area (DES)* Area 2025 Current Year (2026) Corresponding period of Last Year (2025) Increase/ Decrease over corresponding period of Last year 1 Rice 31.49 33.28 31.05 32.42 1.36 2 Pulses 23.40 27.07 27.91 27.26 0.65 a Greengram 20.44 23.49 23.01 23.49 0.49 b Blackgram 2.96 3.26 4.60 3.58 1.02 c Other Pulses 0.00 0.30 0.19 0.11 3 Shree Anna cum Coarse Cereals 12.08 14.06 16.01 14.25 1.77 a Jowar 0.34 0.36 0.37 0.36 0.01 b Bajra 4.43 5.20 5.40 5.20 0.20 c Ragi 0.31 0.22 0.16 0.06 d Small Millets 0.02 0.03 0.03 0.00 e Maize 6.98 8.50 10.00 8.50 1.50 4 Oilseeds 8.40 9.51 11.04 9.58 1.47 a Groundnut 3.40 4.20 5.51 4.20 1.31 b Sunflower 0.34 0.35 0.39 0.35 0.04 c Sesamum 4.66 4.96 5.07 4.96 0.11 d Other Oilseeds 0.00 0.07 0.06 0.00 Total Total 75.37 83.92 86.02 83.50 2.52 Source: Crop Division, DoA&amp;FW, MoA&amp;FW
SOWING AND HARVESTING STATUS OF RABI CROPS AS ON 22.05.2026
(Area in lakh ha.) ---------- ---------------------------- --------------------- --------------------------------- -------------------- -------------------------------------------------------------------------------------------------------",rule_based,2.1,1.0,Minutes of the meeting of CWWG as on 25.05.2026_p1_c4,VERIFIED
1277,Wheat,Punjab,State-wide,2026-05-25,5,Harvesting,Wheat Is 100% Harvested In Punjab,None,,,1,Minutes of the meeting of CWWG as on 25.05.2026.pdf,0.9,Wheat is 100% harvested in Punjab.,rule_based,2.1,1.0,Minutes of the meeting of CWWG as on 25.05.2026_p1_c5,VERIFIED
1278,Wheat,Uttar Pradesh,State-wide,2026-05-25,5,Harvesting,Wheat Is 100% Harvested In Uttar Pradesh,None,,,1,Minutes of the meeting of CWWG as on 25.05.2026.pdf,0.9,Wheat is 100% harvested in Uttar Pradesh.,rule_based,2.1,1.0,Minutes of the meeting of CWWG as on 25.05.2026_p1_c6,VERIFIED
1279,Rice,Tamil Nadu,State-wide,2026-05-25,5,Harvesting,Rice In Tamil Nadu Has 90% Harvested,None,,,1,Minutes of the meeting of CWWG as on 25.05.2026.pdf,0.9,Rice in Tamil Nadu has 90% harvested.,rule_based,2.1,1.0,Minutes of the meeting of CWWG as on 25.05.2026_p1_c7,VERIFIED
1280,Rice,Kerala,State-wide,2026-05-25,5,Harvesting,Rice In Kerala Has 98% Harvested,None,,,1,Minutes of the meeting of CWWG as on 25.05.2026.pdf,0.9,Rice in Kerala has 98% harvested.,rule_based,2.1,1.0,Minutes of the meeting of CWWG as on 25.05.2026_p1_c8,VERIFIED
1281,Rice,Andhra Pradesh,State-wide,2026-05-25,5,Harvesting,Rice In Andhra Pradesh Has 75% Harvested,None,,,1,Minutes of the meeting of CWWG as on 25.05.2026.pdf,0.9,Rice in Andhra Pradesh has 75% harvested.,rule_based,2.1,1.0,Minutes of the meeting of CWWG as on 25.05.2026_p1_c9,VERIFIED
1282,Rice,Telangana,State-wide,2026-05-25,5,Harvesting,Rice In Telangana Has 75% Harvested,None,,,1,Minutes of the meeting of CWWG as on 25.05.2026.pdf,0.9,Rice in Telangana has 75% harvested.,rule_based,2.1,1.0,Minutes of the meeting of CWWG as on 25.05.2026_p1_c10,VERIFIED
1283,Oilseeds,Telangana,State-wide,2026-05-25,5,Harvesting,None,None,,,1,Minutes of the meeting of CWWG as on 25.05.2026.pdf,0.9,"3 Pulses 140.42 139.55 100.00 a Gram 100.99 96.20 100.00 100% Harvesting has been completed in all states. b Lentil 15.13 18.12 100.00 100% Harvesting has been completed in all states. e Urdbean * 6.16 6.06 100.00 100% Harvesting has been completed in all states. f Moongbean * 1.41 0.99 100.00 100% Harvesting has been completed in all states. h Other Pulses $ 16.73 20.57 100.00 100% Harvesting has been completed in all states. 4 Shri Anna & Coarse cereals 55.33 60.93 100.00 a Jowar * 24.62 23.13 100.00 100% Harvesting has been completed in all states. b Maize * 23.61 29.16 100.00 100% Harvesting has been completed in all states. c Barley 5.63 7.38 100.00 100% Harvesting has been completed in all states. 5 Oilseeds 86.78 97.19 100.00 a Rapeseed & Mustard 79.17 89.36 100.00 100% Harvesting has been completed in all states. b Groundnut * 3.69 3.52 100.00 100% Harvesting has been completed in all states. c Safflower 0.72 0.89 100.00 100% Harvesting has been completed in all states. d Sunflower * 0.79 0.70 100.00 100% Harvesting has been completed in all states. e Sesamum * 0.48 0.33 100.00 100% Harvesting has been completed in all states. f Linseed 1.93 1.99 100.00 100% harvested in all states. g Other Oilseeds 0.00 0.40 100.00 100% Harvesting has been completed in all states. Total Crops 637.81 680.18 97.92 Source: Crops Division, DoA&amp;FW.",rule_based,2.1,1.0,Minutes of the meeting of CWWG as on 25.05.2026_p1_c11,VERIFIED
1128,Rice,All India,State-wide,2026-05-18,5,Sowing,None,None,,,1,Minutes of the meeting of CWWG as on 18.05.2026.pdf,0.9," As on May 15, 2026, the area sown under summer crops is 83.08 lakh ha as compared to 80.01 lakh ha during the corresponding period of last year. Of this, area of 31.05 lakh ha has been sown under Rice this year. There is also an increase in the area sown under Maize by about 1.50 lakh ha so far from the last 5-years average.
-",rule_based,2.1,1.0,Minutes of the meeting of CWWG as on 18.05.2026_p1_c1,VERIFIED
1129,Rice,All India,State-wide,2026-05-18,5,Harvesting,"As On 15.05.2026, 96.86% Of Area Has Been Harvested For Rabi Crops All Over India. Pulses Harvest Has Been Completed; 99.87% Area Of Oilseeds- Majorly In Rapeseed &Amp; Mustard (100%); 98.62% Area Of Shri Anna Cum Coarse Cereals- Majorly In Jowar (99.66%), 72.70% Area Of Rice And 98.80% Area Of Wheat Has Been Harvested For Rabi Crops 2025-26",None,,,1,Minutes of the meeting of CWWG as on 18.05.2026.pdf,0.9,"As on 15.05.2026, 96.86% of area has been harvested for Rabi crops all over India. Pulses harvest has been completed; 99.87% area of Oilseeds- majorly in Rapeseed &amp; Mustard (100%); 98.62% area of Shri Anna cum Coarse Cereals- majorly in Jowar (99.66%), 72.70% area of Rice and 98.80% area of Wheat has been harvested for Rabi crops 2025-26.",rule_based,2.1,1.0,Minutes of the meeting of CWWG as on 18.05.2026_p1_c2,VERIFIED
1130,Crop,Maharashtra,State-wide,2026-05-18,5,Active Growth,No Significant Change In Maximum Temperatures Likely Over Maharashtra And Gujarat State Till 19Th And Gradual Fall By 2-3°C During 20Th,None,,,1,Minutes of the meeting of CWWG as on 18.05.2026.pdf,0.9,No significant change in maximum temperatures likely over Maharashtra and Gujarat State till 19th and gradual fall by 2-3°C during 20th,rule_based,2.1,1.0,Minutes of the meeting of CWWG as on 18.05.2026_p1_c3,VERIFIED
1131,Crop,Punjab,State-wide,2026-05-18,5,Active Growth,"Low Probability Of Warm Night Conditions Is Likely Over Punjab, Haryana, And Adjoining West Uttar Pradesh On Some Days Of The Week",None,,,1,Minutes of the meeting of CWWG as on 18.05.2026.pdf,0.9,"Low probability of warm night conditions is likely over Punjab, Haryana, and adjoining West Uttar Pradesh on some days of the week.",rule_based,2.1,1.0,Minutes of the meeting of CWWG as on 18.05.2026_p1_c4,VERIFIED
1132,Wheat,Punjab,State-wide,2026-05-18,5,Harvesting,None,None,,,1,Minutes of the meeting of CWWG as on 18.05.2026.pdf,0.9," Rice : About 31.05 lakh ha area coverage under Summer Rice has been reported as compared to 32.42 lakh ha during the corresponding period of last year.
-
Pulses : About 24.97 lakh ha area coverage has been reported compared to 23.76 lakh ha during the corresponding period of last year.
-
Oilseeds : About 11.04 lakh ha area coverage has been reported compared to 9.58 lakh ha during the corresponding period of last year. Progress of Area coverage under Summer crops as on 15.05.2026 (In lakh hectare) Progress of Area coverage under Summer crops as on 15.05.2026 (In lakh hectare) Progress of Area coverage under Summer crops as on 15.05.2026 (In lakh hectare) Progress of Area coverage under Summer crops as on 15.05.2026 (In lakh hectare) Progress of Area coverage under Summer crops as on 15.05.2026 (In lakh hectare) Progress of Area coverage under Summer crops as on 15.05.2026 (In lakh hectare) Progress of Area coverage under Summer crops as on 15.05.2026 (In lakh hectare) ----------------------------------------------------------------------------------- ----------------------------------------------------------------------------------- ----------------------------------------------------------------------------------- ----------------------------------------------------------------------------------- ----------------------------------------------------------------------------------- ----------------------------------------------------------------------------------- ----------------------------------------------------------------------------------- Sl. No. Crops Normal Summer Area (DES)* Final Summer Area 2025 Area Sown Area Sown Increase/ Decrease over corresponding period of Last year Sl. No. Crops Normal Summer Area (DES)* Final Summer Area 2025 Current Year (2026) Corresponding period of Last Year (2025) Increase/ Decrease over corresponding period of Last year 1 Rice 31.49 33.28 31.05 32.42 1.36 2 Pulses 23.40 27.07 24.97 23.76 1.21 a Greengram 20.44 23.49 20.07 20.00 0.07 b Blackgram 2.96 3.26 4.60 3.58 1.02 c Other Pulses 0.00 0.30 0.19 0.11 3 Shree Anna cum Coarse Cereals 12.08 14.06 16.01 14.25 1.77 a Jowar 0.34 0.36 0.37 0.36 0.01 b Bajra 4.43 5.20 5.40 5.20 0.20 c Ragi 0.31 0.22 0.16 0.06 d Small Millets 0.02 0.03 0.03 0.00 e Maize 6.98 8.50 10.00 8.50 1.50 4 Oilseeds 8.40 9.51 11.04 9.58 1.47 a Groundnut 3.40 4.20 5.51 4.20 1.31 b Sunflower 0.34 0.35 0.39 0.35 0.04 c Sesamum 4.66 4.96 5.07 4.96 0.11 d Other Oilseeds 0.00 0.07 0.06 0.00 Total 75.37 83.92 83.08 80.01 3.07 ---------------------------------------- ---------------------------------------- --------- --------- --------- -------- * Normal area from 2022-23 to 2024-25. * Normal area from 2022-23 to 2024-25. Source: Crop Division, DoA&FW, MoA&FW Source: Crop Division, DoA&FW, MoA&FW SOWING AND HARVESTING STATUS OF RABI CROPS AS ON 15.05.2026 SOWING AND HARVESTING STATUS OF RABI CROPS AS ON 15.05.2026 SOWING AND HARVESTING STATUS OF RABI CROPS AS ON 15.05.2026 SOWING AND HARVESTING STATUS OF RABI CROPS AS ON 15.05.2026 SOWING AND HARVESTING STATUS OF RABI CROPS AS ON 15.05.2026 SOWING AND HARVESTING STATUS OF RABI CROPS AS ON 15.05.2026 --------------------------------------------------------------- --------------------------------------------------------------- --------------------------------------------------------------- --------------------------------------------------------------- --------------------------------------------------------------- -----------------------------------------------------------------------------------------------------------------------------------------------------",rule_based,2.1,1.0,Minutes of the meeting of CWWG as on 18.05.2026_p1_c5,VERIFIED
1133,Wheat,Punjab,State-wide,2026-05-18,5,Harvesting,Wheat Is 100% Harvested In Punjab,None,,,1,Minutes of the meeting of CWWG as on 18.05.2026.pdf,0.9,Wheat is 100% harvested in Punjab.,rule_based,2.1,1.0,Minutes of the meeting of CWWG as on 18.05.2026_p1_c6,VERIFIED
1134,Wheat,Uttar Pradesh,State-wide,2026-05-18,5,Harvesting,Wheat Is 100% Harvested In Uttar Pradesh,None,,,1,Minutes of the meeting of CWWG as on 18.05.2026.pdf,0.9,Wheat is 100% harvested in Uttar Pradesh.,rule_based,2.1,1.0,Minutes of the meeting of CWWG as on 18.05.2026_p1_c7,VERIFIED
1135,Rice,Tamil Nadu,State-wide,2026-05-18,5,Harvesting,Rice In Tamil Nadu Has 90% Harvested,None,,,1,Minutes of the meeting of CWWG as on 18.05.2026.pdf,0.9,Rice in Tamil Nadu has 90% harvested.,rule_based,2.1,1.0,Minutes of the meeting of CWWG as on 18.05.2026_p1_c8,VERIFIED
1136,Rice,Kerala,State-wide,2026-05-18,5,Harvesting,Rice In Kerala Has 98% Harvested,None,,,1,Minutes of the meeting of CWWG as on 18.05.2026.pdf,0.9,Rice in Kerala has 98% harvested.,rule_based,2.1,1.0,Minutes of the meeting of CWWG as on 18.05.2026_p1_c9,VERIFIED
1137,Rice,Andhra Pradesh,State-wide,2026-05-18,5,Harvesting,Rice In Andhra Pradesh Has 75% Harvested,None,,,1,Minutes of the meeting of CWWG as on 18.05.2026.pdf,0.9,Rice in Andhra Pradesh has 75% harvested.,rule_based,2.1,1.0,Minutes of the meeting of CWWG as on 18.05.2026_p1_c10,VERIFIED
1138,Rice,Telangana,State-wide,2026-05-18,5,Harvesting,Rice In Telangana Has 52% Harvested,None,,,1,Minutes of the meeting of CWWG as on 18.05.2026.pdf,0.9,Rice in Telangana has 52% harvested.,rule_based,2.1,1.0,Minutes of the meeting of CWWG as on 18.05.2026_p1_c11,VERIFIED
1139,Sorghum (Jowar),Telangana,State-wide,2026-05-18,5,Harvesting,None,None,,,1,Minutes of the meeting of CWWG as on 18.05.2026.pdf,0.9,3 Pulses 140.42 139.55 100.00 a Gram 100.99 96.20 100.00 100% Harvesting has been completed in all states. b Lentil 15.13 18.12 100.00 100% Harvesting has been completed in all states. e Urdbean * 6.16 6.06 100.00 100% Harvesting has been completed in all states. f Moongbean * 1.41 0.99 100.00 100% Harvesting has been completed in all states. h Other Pulses $ 16.73 20.57 100.00 100% Harvesting has been completed in all states. 4 Shri Anna & Coarse cereals 55.33 60.93 98.62,rule_based,2.1,1.0,Minutes of the meeting of CWWG as on 18.05.2026_p1_c12,VERIFIED
1140,Sorghum (Jowar),Karnataka,State-wide,2026-05-18,5,Harvesting,Sorghum (Jowar) Is 100% Harvested In Karnataka,None,,,1,Minutes of the meeting of CWWG as on 18.05.2026.pdf,0.9,Sorghum (Jowar) is 100% harvested in Karnataka.,rule_based,2.1,1.0,Minutes of the meeting of CWWG as on 18.05.2026_p1_c13,VERIFIED
1141,Sorghum (Jowar),Maharashtra,State-wide,2026-05-18,5,Harvesting,Sorghum (Jowar) Is 100% Harvested In Maharashtra,None,,,1,Minutes of the meeting of CWWG as on 18.05.2026.pdf,0.9,Sorghum (Jowar) is 100% harvested in Maharashtra.,rule_based,2.1,1.0,Minutes of the meeting of CWWG as on 18.05.2026_p1_c14,VERIFIED
1142,Sorghum (Jowar),Tamil Nadu,State-wide,2026-05-18,5,Harvesting,Sorghum (Jowar) Is 100% Harvested In Tamil Nadu,None,,,1,Minutes of the meeting of CWWG as on 18.05.2026.pdf,0.9,Sorghum (Jowar) is 100% harvested in Tamil Nadu.,rule_based,2.1,1.0,Minutes of the meeting of CWWG as on 18.05.2026_p1_c15,VERIFIED
1143,Sorghum (Jowar),Gujarat,State-wide,2026-05-18,5,Harvesting,Sorghum (Jowar) Is 100% Harvested In Gujarat,None,,,1,Minutes of the meeting of CWWG as on 18.05.2026.pdf,0.9,Sorghum (Jowar) is 100% harvested in Gujarat.,rule_based,2.1,1.0,Minutes of the meeting of CWWG as on 18.05.2026_p1_c16,VERIFIED
1144,Sorghum (Jowar),Telangana,State-wide,2026-05-18,5,Harvesting,Sorghum (Jowar) In Telangana Has 98% Harvested,None,,,1,Minutes of the meeting of CWWG as on 18.05.2026.pdf,0.9,Sorghum (Jowar) in Telangana has 98% harvested.,rule_based,2.1,1.0,Minutes of the meeting of CWWG as on 18.05.2026_p1_c17,VERIFIED
1145,Sorghum (Jowar),Andhra Pradesh,State-wide,2026-05-18,5,Harvesting,Sorghum (Jowar) In Andhra Pradesh Has 96% Harvested,None,,,1,Minutes of the meeting of CWWG as on 18.05.2026.pdf,0.9,Sorghum (Jowar) in Andhra Pradesh has 96% harvested.,rule_based,2.1,1.0,Minutes of the meeting of CWWG as on 18.05.2026_p1_c18,VERIFIED
1146,Maize,Karnataka,State-wide,2026-05-18,5,Harvesting,Maize Is 100% Harvested In Karnataka,None,,,1,Minutes of the meeting of CWWG as on 18.05.2026.pdf,0.9,Maize is 100% harvested in Karnataka.,rule_based,2.1,1.0,Minutes of the meeting of CWWG as on 18.05.2026_p1_c19,VERIFIED
1147,Maize,Maharashtra,State-wide,2026-05-18,5,Harvesting,Maize Is 100% Harvested In Maharashtra,None,,,1,Minutes of the meeting of CWWG as on 18.05.2026.pdf,0.9,Maize is 100% harvested in Maharashtra.,rule_based,2.1,1.0,Minutes of the meeting of CWWG as on 18.05.2026_p1_c20,VERIFIED
1148,Maize,Gujarat,State-wide,2026-05-18,5,Harvesting,Maize Is 100% Harvested In Gujarat,None,,,1,Minutes of the meeting of CWWG as on 18.05.2026.pdf,0.9,Maize is 100% harvested in Gujarat.,rule_based,2.1,1.0,Minutes of the meeting of CWWG as on 18.05.2026_p1_c21,VERIFIED
1149,Maize,Andhra Pradesh,State-wide,2026-05-18,5,Harvesting,Maize In Andhra Pradesh Has 85% Harvested,None,,,1,Minutes of the meeting of CWWG as on 18.05.2026.pdf,0.9,Maize in Andhra Pradesh has 85% harvested.,rule_based,2.1,1.0,Minutes of the meeting of CWWG as on 18.05.2026_p1_c22,VERIFIED
1150,Maize,Bihar,State-wide,2026-05-18,5,Harvesting,Maize In Bihar Has 95% Harvested,None,,,1,Minutes of the meeting of CWWG as on 18.05.2026.pdf,0.9,Maize in Bihar has 95% harvested.,rule_based,2.1,1.0,Minutes of the meeting of CWWG as on 18.05.2026_p1_c23,VERIFIED
1151,Maize,Chhattisgarh,State-wide,2026-05-18,5,Harvesting,Maize In Chhattisgarh Has 95% Harvested,None,,,1,Minutes of the meeting of CWWG as on 18.05.2026.pdf,0.9,Maize in Chhattisgarh has 95% harvested.,rule_based,2.1,1.0,Minutes of the meeting of CWWG as on 18.05.2026_p1_c24,VERIFIED
1152,Maize,Haryana,State-wide,2026-05-18,5,Harvesting,Maize Is 100% Harvested In Haryana,None,,,1,Minutes of the meeting of CWWG as on 18.05.2026.pdf,0.9,Maize is 100% harvested in Haryana.,rule_based,2.1,1.0,Minutes of the meeting of CWWG as on 18.05.2026_p1_c26,VERIFIED
1153,Maize,Rajasthan,State-wide,2026-05-18,5,Harvesting,Maize Is 100% Harvested In Rajasthan,None,,,1,Minutes of the meeting of CWWG as on 18.05.2026.pdf,0.9,Maize is 100% harvested in Rajasthan.,rule_based,2.1,1.0,Minutes of the meeting of CWWG as on 18.05.2026_p1_c27,VERIFIED
1154,Maize,Bihar,State-wide,2026-05-18,5,Harvesting,Maize Is 100% Harvested In Bihar,None,,,1,Minutes of the meeting of CWWG as on 18.05.2026.pdf,0.9,Maize is 100% harvested in Bihar.,rule_based,2.1,1.0,Minutes of the meeting of CWWG as on 18.05.2026_p1_c28,VERIFIED
1155,Maize,Madhya Pradesh,State-wide,2026-05-18,5,Harvesting,Maize Is 100% Harvested In Madhya Pradesh,None,,,1,Minutes of the meeting of CWWG as on 18.05.2026.pdf,0.9,Maize is 100% harvested in Madhya Pradesh.,rule_based,2.1,1.0,Minutes of the meeting of CWWG as on 18.05.2026_p1_c29,VERIFIED
1156,Maize,Chhattisgarh,State-wide,2026-05-18,5,Harvesting,Maize Is 100% Harvested In Chhattisgarh,None,,,1,Minutes of the meeting of CWWG as on 18.05.2026.pdf,0.9,Maize is 100% harvested in Chhattisgarh.,rule_based,2.1,1.0,Minutes of the meeting of CWWG as on 18.05.2026_p1_c30,VERIFIED
1157,Maize,Punjab,State-wide,2026-05-18,5,Harvesting,Maize In Punjab Has 97% Harvested,None,,,1,Minutes of the meeting of CWWG as on 18.05.2026.pdf,0.9,Maize in Punjab has 97% harvested.,rule_based,2.1,1.0,Minutes of the meeting of CWWG as on 18.05.2026_p1_c31,VERIFIED
1158,Maize,Uttar Pradesh,State-wide,2026-05-18,5,Harvesting,Maize In Uttar Pradesh Has 95% Harvested,None,,,1,Minutes of the meeting of CWWG as on 18.05.2026.pdf,0.9,Maize in Uttar Pradesh has 95% harvested.,rule_based,2.1,1.0,Minutes of the meeting of CWWG as on 18.05.2026_p1_c32,VERIFIED
1159,Groundnut,Uttar Pradesh,State-wide,2026-05-18,5,Harvesting,None,None,,,1,Minutes of the meeting of CWWG as on 18.05.2026.pdf,0.9,5 Oilseeds 86.78 97.19 99.87 a Rapeseed & Mustard 79.17 89.36 100.00 100% harvested in all states.,rule_based,2.1,1.0,Minutes of the meeting of CWWG as on 18.05.2026_p1_c33,VERIFIED
1160,Groundnut,Odisha,State-wide,2026-05-18,5,Harvesting,Groundnut Is 100% Harvested In Odisha,None,,,1,Minutes of the meeting of CWWG as on 18.05.2026.pdf,0.9,Groundnut is 100% harvested in Odisha.,rule_based,2.1,1.0,Minutes of the meeting of CWWG as on 18.05.2026_p1_c34,VERIFIED
1161,Groundnut,Karnataka,State-wide,2026-05-18,5,Harvesting,Groundnut Is 100% Harvested In Karnataka,None,,,1,Minutes of the meeting of CWWG as on 18.05.2026.pdf,0.9,Groundnut is 100% harvested in Karnataka.,rule_based,2.1,1.0,Minutes of the meeting of CWWG as on 18.05.2026_p1_c35,VERIFIED
1162,Groundnut,Andhra Pradesh,State-wide,2026-05-18,5,Harvesting,Groundnut Is 100% Harvested In Andhra Pradesh,None,,,1,Minutes of the meeting of CWWG as on 18.05.2026.pdf,0.9,Groundnut is 100% harvested in Andhra Pradesh.,rule_based,2.1,1.0,Minutes of the meeting of CWWG as on 18.05.2026_p1_c36,VERIFIED
1163,Groundnut,Kerala,State-wide,2026-05-18,5,Harvesting,Groundnut Is 100% Harvested In Kerala,None,,,1,Minutes of the meeting of CWWG as on 18.05.2026.pdf,0.9,Groundnut is 100% harvested in Kerala.,rule_based,2.1,1.0,Minutes of the meeting of CWWG as on 18.05.2026_p1_c37,VERIFIED
1164,Groundnut,West Bengal,State-wide,2026-05-18,5,Harvesting,Groundnut Is 100% Harvested In West Bengal,None,,,1,Minutes of the meeting of CWWG as on 18.05.2026.pdf,0.9,Groundnut is 100% harvested in West Bengal.,rule_based,2.1,1.0,Minutes of the meeting of CWWG as on 18.05.2026_p1_c38,VERIFIED
1165,Groundnut,Bihar,State-wide,2026-05-18,5,Harvesting,Groundnut Is 100% Harvested In Bihar,None,,,1,Minutes of the meeting of CWWG as on 18.05.2026.pdf,0.9,Groundnut is 100% harvested in Bihar.,rule_based,2.1,1.0,Minutes of the meeting of CWWG as on 18.05.2026_p1_c39,VERIFIED
1166,Groundnut,Telangana,State-wide,2026-05-18,5,Harvesting,Groundnut Is 100% Harvested In Telangana,None,,,1,Minutes of the meeting of CWWG as on 18.05.2026.pdf,0.9,Groundnut is 100% harvested in Telangana.,rule_based,2.1,1.0,Minutes of the meeting of CWWG as on 18.05.2026_p1_c40,VERIFIED
1167,Groundnut,Tamil Nadu,State-wide,2026-05-18,5,Harvesting,Groundnut In Tamil Nadu Has 90% Harvested,None,,,1,Minutes of the meeting of CWWG as on 18.05.2026.pdf,0.9,Groundnut in Tamil Nadu has 90% harvested.,rule_based,2.1,1.0,Minutes of the meeting of CWWG as on 18.05.2026_p1_c41,VERIFIED
1168,Sesame (Sesamum),Telangana,State-wide,2026-05-18,5,Harvesting,None,None,,,1,Minutes of the meeting of CWWG as on 18.05.2026.pdf,0.9,d Sunflower * 0.79 0.70 100.00 100% harvested in all states.,rule_based,2.1,1.0,Minutes of the meeting of CWWG as on 18.05.2026_p1_c43,VERIFIED
1169,Sesame (Sesamum),Tamil Nadu,State-wide,2026-05-18,5,Harvesting,Sesame (Sesamum) Is 100% Harvested In Tamil Nadu,None,,,1,Minutes of the meeting of CWWG as on 18.05.2026.pdf,0.9,Sesame (Sesamum) is 100% harvested in Tamil Nadu.,rule_based,2.1,1.0,Minutes of the meeting of CWWG as on 18.05.2026_p1_c44,VERIFIED
1170,Oilseeds,Tamil Nadu,State-wide,2026-05-18,5,Harvesting,None,None,,,1,Minutes of the meeting of CWWG as on 18.05.2026.pdf,0.9,"f Linseed 1.93 1.99 100.00 100% harvested in all states. g Other Oilseeds 0.00 0.40 100.00 Harvesting is going on in afull swing. Total Crops 637.81 680.18 96.86 Source: Crops Division, DoA&amp;FW.",rule_based,2.1,1.0,Minutes of the meeting of CWWG as on 18.05.2026_p1_c45,VERIFIED
958,Rice,All India,State-wide,2026-05-11,5,Sowing,None,None,,,1,Minutes of the meeting of CWWG as on 11.05.2026.pdf,0.9," As on May 08, 2026, the area sown under summer crops is 83.08 lakh ha as compared to 80.01 lakh ha during the corresponding period of last year. Of this, area of 31.05 lakh ha has been sown under Rice this year.
-",rule_based,2.1,1.0,Minutes of the meeting of CWWG as on 11.05.2026_p1_c1,VERIFIED
959,Rice,All India,State-wide,2026-05-11,5,Harvesting,"As On 08.05.2026, 96.36% Of Area Has Been Harvested For Rabi Crops All Over India. 100% Area Of Pulses Has Been Completed; 99.87% Area Of Oilseeds Majorly In Rapeseed &Amp; Mustard (100%); 98.02% Area Of Shri Anna Cum Coarse Cereals Majorly In Jowar (99.66%), 65.70% Area Of Rice And 98.00% Area Of Wheat Has Been Harvested For Rabi Crops 2025-26",None,,,1,Minutes of the meeting of CWWG as on 11.05.2026.pdf,0.9,"As on 08.05.2026, 96.36% of area has been harvested for Rabi crops all over India. 100% area of Pulses has been completed; 99.87% area of Oilseeds majorly in Rapeseed &amp; Mustard (100%); 98.02% area of Shri Anna cum Coarse Cereals majorly in Jowar (99.66%), 65.70% area of Rice and 98.00% area of Wheat has been harvested for rabi crops 2025-26.",rule_based,2.1,1.0,Minutes of the meeting of CWWG as on 11.05.2026_p1_c2,VERIFIED
960,Crop,Gujarat,State-wide,2026-05-11,5,Active Growth,Heat  Wave  Conditions  Likely  To  Prevail  In  Isolated  Pockets  Over  Gujarat  State  And  West  Rajasthan During 09Th,None,,,1,Minutes of the meeting of CWWG as on 11.05.2026.pdf,0.9,Heat wave conditions likely to prevail in isolated pockets over Gujarat state and West Rajasthan during 09th,rule_based,2.1,1.0,Minutes of the meeting of CWWG as on 11.05.2026_p1_c3,VERIFIED
961,Crop,Gujarat,State-wide,2026-05-11,5,Active Growth,"Low Probability Of Heatwave Conditions Likely During Some Days Of Week 2 Over Rajasthan, Gujarat, Vidarbha, Madhya Pradesh And Uttar Pradesh. Appreciably Above Normal (+3.1 To +5.0°C) Maximum Temperatures Are Likely Over Parts Of Rajasthan &Amp; Adjoining Madhya Pradesh, Gujarat; Above Normal (+1.6 To +3.0°C) Temperatures Are Likely Along The Northwest, Central &Amp; Adjoining Eastern Parts Of The Country. Near-Normal Maximum Temperatures Are Likely Across Rest Of The Country During The Week",None,,,1,Minutes of the meeting of CWWG as on 11.05.2026.pdf,0.9," Low Probability of Heatwave conditions likely during some days of week 2 over Rajasthan, Gujarat, Vidarbha, Madhya Pradesh and Uttar Pradesh. Appreciably above normal (+3.1 to +5.0°C) maximum temperatures are likely over parts of Rajasthan &amp; adjoining Madhya Pradesh, Gujarat; above normal (+1.6 to +3.0°C) temperatures are likely along the northwest, central &amp; adjoining eastern parts of the country. Near-normal maximum temperatures are likely across rest of the country during the week.",rule_based,2.1,1.0,Minutes of the meeting of CWWG as on 11.05.2026_p1_c4,VERIFIED
962,Oilseeds,Gujarat,State-wide,2026-05-11,5,Sowing,None,None,,,1,Minutes of the meeting of CWWG as on 11.05.2026.pdf,0.9," Rice : About 31.05 lakh ha area coverage under Summer Rice has been reported as compared to 32.42 lakh ha during the corresponding period of last year.
-
Pulses : About 24.97 lakh ha area coverage has been reported compared to 23.76 lakh ha during the corresponding period of last year.
-
Oilseeds : About 11.04 lakh ha area coverage has been reported compared to 9.58 lakh ha during the corresponding period of last year. Progress of Area coverage under Summer crops as on 08.05.2026 Progress of Area coverage under Summer crops as on 08.05.2026 Progress of Area coverage under Summer crops as on 08.05.2026 Progress of Area coverage under Summer crops as on 08.05.2026 Progress of Area coverage under Summer crops as on 08.05.2026 Progress of Area coverage under Summer crops as on 08.05.2026 Progress of Area coverage under Summer crops as on 08.05.2026 ----------------------------------------------------------------- ----------------------------------------------------------------- ----------------------------------------------------------------- ----------------------------------------------------------------- ----------------------------------------------------------------- ----------------------------------------------------------------- ----------------------------------------------------------------------------- Sl. No. Crops Normal Summer Area (DES)* Final Summer Area 2025 Area Sown Area Sown (In lakh hectare) Increase/ Decrease over corresponding period of Last year Sl. No. Crops Normal Summer Area (DES)* Final Summer Area 2025 Current Year (2026) Corresponding period of Last Year (2025) (In lakh hectare) Increase/ Decrease over corresponding period of Last year 1 Rice 31.49 33.28 31.05 32.42 1.36 2 Pulses 23.40 27.07 24.97 23.76 1.21 a Greengram 20.44 23.49 20.07 20.00 0.07 b Blackgram 2.96 3.26 4.60 3.58 1.02 c Other Pulses 0.00 0.30 0.19 0.11 3 Shree Anna cum Coarse Cereals 12.08 14.06 16.01 14.25 1.77 a Jowar 0.34 0.36 0.37 0.36 0.01 b Bajra 4.43 5.20 5.40 5.20 0.20 c Ragi 0.31 0.22 0.16 0.06 d Small Millets 0.02 0.03 0.03 0.00 e Maize 6.98 8.50 10.00 8.50 1.50 4 Oilseeds 8.40 9.51 11.04 9.58 1.47 a Groundnut 3.40 4.20 5.51 4.20 1.31 b Sunflower 0.34 0.35 0.39 0.35 0.04 c Sesamum 4.66 4.96 5.07 4.96 0.11 ------- ---------------- -------- -------- -------- -------- -------- d Other Oilseeds 0.00 0.07 0.06 0.00 Total Total 75.37 83.92 83.08 80.01 3.07 Source: Crop Division, DoA&amp;FW, MoA&amp;FW",rule_based,2.1,1.0,Minutes of the meeting of CWWG as on 11.05.2026_p1_c5,VERIFIED
963,Wheat,Gujarat,State-wide,2026-05-11,5,Active Growth,None,None,,,1,Minutes of the meeting of CWWG as on 11.05.2026.pdf,0.7,(Area in lakh ha.) ---------- ---------------------------- --------------------- --------------------------------- -------------------- ---------------------------------------------------------------------------------------------------------------------------------------------------------,rule_based,2.1,1.0,Minutes of the meeting of CWWG as on 11.05.2026_p1_c6,VERIFIED
964,Wheat,Punjab,State-wide,2026-05-11,5,Harvesting,Wheat Is 100% Harvested In Punjab,None,,,1,Minutes of the meeting of CWWG as on 11.05.2026.pdf,0.9,Wheat is 100% harvested in Punjab.,rule_based,2.1,1.0,Minutes of the meeting of CWWG as on 11.05.2026_p1_c7,VERIFIED
965,Wheat,Uttar Pradesh,State-wide,2026-05-11,5,Harvesting,Wheat Is 100% Harvested In Uttar Pradesh,None,,,1,Minutes of the meeting of CWWG as on 11.05.2026.pdf,0.9,Wheat is 100% harvested in Uttar Pradesh.,rule_based,2.1,1.0,Minutes of the meeting of CWWG as on 11.05.2026_p1_c8,VERIFIED
966,Rice,Tamil Nadu,State-wide,2026-05-11,5,Harvesting,Rice In Tamil Nadu Has 89% Harvested,None,,,1,Minutes of the meeting of CWWG as on 11.05.2026.pdf,0.9,Rice in Tamil Nadu has 89% harvested.,rule_based,2.1,1.0,Minutes of the meeting of CWWG as on 11.05.2026_p1_c9,VERIFIED
967,Rice,Kerala,State-wide,2026-05-11,5,Harvesting,Rice In Kerala Has 97% Harvested,None,,,1,Minutes of the meeting of CWWG as on 11.05.2026.pdf,0.9,Rice in Kerala has 97% harvested.,rule_based,2.1,1.0,Minutes of the meeting of CWWG as on 11.05.2026_p1_c10,VERIFIED
968,Rice,Andhra Pradesh,State-wide,2026-05-11,5,Harvesting,Rice In Andhra Pradesh Has 70% Harvested,None,,,1,Minutes of the meeting of CWWG as on 11.05.2026.pdf,0.9,Rice in Andhra Pradesh has 70% harvested.,rule_based,2.1,1.0,Minutes of the meeting of CWWG as on 11.05.2026_p1_c11,VERIFIED
969,Rice,Telangana,State-wide,2026-05-11,5,Harvesting,Rice In Telangana Has 50% Harvested,None,,,1,Minutes of the meeting of CWWG as on 11.05.2026.pdf,0.9,Rice in Telangana has 50% harvested.,rule_based,2.1,1.0,Minutes of the meeting of CWWG as on 11.05.2026_p1_c12,VERIFIED
970,Sorghum (Jowar),Telangana,State-wide,2026-05-11,5,Harvesting,None,None,,,1,Minutes of the meeting of CWWG as on 11.05.2026.pdf,0.9,3 Pulses 140.42 139.55 100.00 a Gram 100.99 96.20 100.00 100% Harvesting has been completed in all states. b Lentil 15.13 18.12 100.00 100% Harvesting has been completed in all states. e Urdbean * 6.16 6.06 100.00 100% Harvesting has been completed in all states. f Moongbean * 1.41 0.99 100.00 100% Harvesting has been completed in all states. h Other Pulses $ 16.73 20.57 100.00 100% Harvesting has been completed in all states. 4 Shri Anna & Coarse cereals 55.33 60.93 98.02,rule_based,2.1,1.0,Minutes of the meeting of CWWG as on 11.05.2026_p1_c13,VERIFIED
971,Sorghum (Jowar),Karnataka,State-wide,2026-05-11,5,Harvesting,Sorghum (Jowar) Is 100% Harvested In Karnataka,None,,,1,Minutes of the meeting of CWWG as on 11.05.2026.pdf,0.9,Sorghum (Jowar) is 100% harvested in Karnataka.,rule_based,2.1,1.0,Minutes of the meeting of CWWG as on 11.05.2026_p1_c14,VERIFIED
972,Sorghum (Jowar),Maharashtra,State-wide,2026-05-11,5,Harvesting,Sorghum (Jowar) Is 100% Harvested In Maharashtra,None,,,1,Minutes of the meeting of CWWG as on 11.05.2026.pdf,0.9,Sorghum (Jowar) is 100% harvested in Maharashtra.,rule_based,2.1,1.0,Minutes of the meeting of CWWG as on 11.05.2026_p1_c15,VERIFIED
973,Sorghum (Jowar),Tamil Nadu,State-wide,2026-05-11,5,Harvesting,Sorghum (Jowar) Is 100% Harvested In Tamil Nadu,None,,,1,Minutes of the meeting of CWWG as on 11.05.2026.pdf,0.9,Sorghum (Jowar) is 100% harvested in Tamil Nadu.,rule_based,2.1,1.0,Minutes of the meeting of CWWG as on 11.05.2026_p1_c16,VERIFIED
974,Sorghum (Jowar),Gujarat,State-wide,2026-05-11,5,Harvesting,Sorghum (Jowar) Is 100% Harvested In Gujarat,None,,,1,Minutes of the meeting of CWWG as on 11.05.2026.pdf,0.9,Sorghum (Jowar) is 100% harvested in Gujarat.,rule_based,2.1,1.0,Minutes of the meeting of CWWG as on 11.05.2026_p1_c17,VERIFIED
975,Sorghum (Jowar),Telangana,State-wide,2026-05-11,5,Harvesting,Sorghum (Jowar) In Telangana Has 98% Harvested,None,,,1,Minutes of the meeting of CWWG as on 11.05.2026.pdf,0.9,Sorghum (Jowar) in Telangana has 98% harvested.,rule_based,2.1,1.0,Minutes of the meeting of CWWG as on 11.05.2026_p1_c18,VERIFIED
976,Sorghum (Jowar),Andhra Pradesh,State-wide,2026-05-11,5,Harvesting,Sorghum (Jowar) In Andhra Pradesh Has 96% Harvested,None,,,1,Minutes of the meeting of CWWG as on 11.05.2026.pdf,0.9,Sorghum (Jowar) in Andhra Pradesh has 96% harvested.,rule_based,2.1,1.0,Minutes of the meeting of CWWG as on 11.05.2026_p1_c19,VERIFIED
977,Maize,Karnataka,State-wide,2026-05-11,5,Harvesting,Maize Is 100% Harvested In Karnataka,None,,,1,Minutes of the meeting of CWWG as on 11.05.2026.pdf,0.9,Maize is 100% harvested in Karnataka.,rule_based,2.1,1.0,Minutes of the meeting of CWWG as on 11.05.2026_p1_c20,VERIFIED
978,Maize,Maharashtra,State-wide,2026-05-11,5,Harvesting,Maize Is 100% Harvested In Maharashtra,None,,,1,Minutes of the meeting of CWWG as on 11.05.2026.pdf,0.9,Maize is 100% harvested in Maharashtra.,rule_based,2.1,1.0,Minutes of the meeting of CWWG as on 11.05.2026_p1_c21,VERIFIED
979,Maize,Tamil Nadu,State-wide,2026-05-11,5,Harvesting,Maize Is 100% Harvested In Tamil Nadu,None,,,1,Minutes of the meeting of CWWG as on 11.05.2026.pdf,0.9,Maize is 100% harvested in Tamil Nadu.,rule_based,2.1,1.0,Minutes of the meeting of CWWG as on 11.05.2026_p1_c22,VERIFIED
980,Maize,Gujarat,State-wide,2026-05-11,5,Harvesting,Maize Is 100% Harvested In Gujarat,None,,,1,Minutes of the meeting of CWWG as on 11.05.2026.pdf,0.9,Maize is 100% harvested in Gujarat.,rule_based,2.1,1.0,Minutes of the meeting of CWWG as on 11.05.2026_p1_c23,VERIFIED
981,Maize,Uttar Pradesh,State-wide,2026-05-11,5,Harvesting,Maize Is 100% Harvested In Uttar Pradesh,None,,,1,Minutes of the meeting of CWWG as on 11.05.2026.pdf,0.9,Maize is 100% harvested in Uttar Pradesh.,rule_based,2.1,1.0,Minutes of the meeting of CWWG as on 11.05.2026_p1_c24,VERIFIED
982,Maize,Andhra Pradesh,State-wide,2026-05-11,5,Harvesting,Maize In Andhra Pradesh Has 85% Harvested,None,,,1,Minutes of the meeting of CWWG as on 11.05.2026.pdf,0.9,Maize in Andhra Pradesh has 85% harvested.,rule_based,2.1,1.0,Minutes of the meeting of CWWG as on 11.05.2026_p1_c25,VERIFIED
983,Maize,Bihar,State-wide,2026-05-11,5,Harvesting,Maize In Bihar Has 95% Harvested,None,,,1,Minutes of the meeting of CWWG as on 11.05.2026.pdf,0.9,Maize in Bihar has 95% harvested.,rule_based,2.1,1.0,Minutes of the meeting of CWWG as on 11.05.2026_p1_c26,VERIFIED
984,Maize,Chhattisgarh,State-wide,2026-05-11,5,Harvesting,Maize In Chhattisgarh Has 95% Harvested,None,,,1,Minutes of the meeting of CWWG as on 11.05.2026.pdf,0.9,Maize in Chhattisgarh has 95% harvested.,rule_based,2.1,1.0,Minutes of the meeting of CWWG as on 11.05.2026_p1_c27,VERIFIED
985,Maize,Haryana,State-wide,2026-05-11,5,Harvesting,Maize Is 100% Harvested In Haryana,None,,,1,Minutes of the meeting of CWWG as on 11.05.2026.pdf,0.9,Maize is 100% harvested in Haryana.,rule_based,2.1,1.0,Minutes of the meeting of CWWG as on 11.05.2026_p1_c29,VERIFIED
986,Maize,Rajasthan,State-wide,2026-05-11,5,Harvesting,Maize Is 100% Harvested In Rajasthan,None,,,1,Minutes of the meeting of CWWG as on 11.05.2026.pdf,0.9,Maize is 100% harvested in Rajasthan.,rule_based,2.1,1.0,Minutes of the meeting of CWWG as on 11.05.2026_p1_c30,VERIFIED
987,Maize,Bihar,State-wide,2026-05-11,5,Harvesting,Maize Is 100% Harvested In Bihar,None,,,1,Minutes of the meeting of CWWG as on 11.05.2026.pdf,0.9,Maize is 100% harvested in Bihar.,rule_based,2.1,1.0,Minutes of the meeting of CWWG as on 11.05.2026_p1_c31,VERIFIED
988,Maize,Madhya Pradesh,State-wide,2026-05-11,5,Harvesting,Maize Is 100% Harvested In Madhya Pradesh,None,,,1,Minutes of the meeting of CWWG as on 11.05.2026.pdf,0.9,Maize is 100% harvested in Madhya Pradesh.,rule_based,2.1,1.0,Minutes of the meeting of CWWG as on 11.05.2026_p1_c32,VERIFIED
989,Maize,Chhattisgarh,State-wide,2026-05-11,5,Harvesting,Maize Is 100% Harvested In Chhattisgarh,None,,,1,Minutes of the meeting of CWWG as on 11.05.2026.pdf,0.9,Maize is 100% harvested in Chhattisgarh.,rule_based,2.1,1.0,Minutes of the meeting of CWWG as on 11.05.2026_p1_c33,VERIFIED
990,Maize,Punjab,State-wide,2026-05-11,5,Harvesting,Maize In Punjab Has 97% Harvested,None,,,1,Minutes of the meeting of CWWG as on 11.05.2026.pdf,0.9,Maize in Punjab has 97% harvested.,rule_based,2.1,1.0,Minutes of the meeting of CWWG as on 11.05.2026_p1_c34,VERIFIED
991,Maize,Uttar Pradesh,State-wide,2026-05-11,5,Harvesting,Maize In Uttar Pradesh Has 95% Harvested,None,,,1,Minutes of the meeting of CWWG as on 11.05.2026.pdf,0.9,Maize in Uttar Pradesh has 95% harvested.,rule_based,2.1,1.0,Minutes of the meeting of CWWG as on 11.05.2026_p1_c35,VERIFIED
992,Groundnut,Uttar Pradesh,State-wide,2026-05-11,5,Harvesting,None,None,,,1,Minutes of the meeting of CWWG as on 11.05.2026.pdf,0.9,5 Oilseeds 86.78 97.19 99.87 a Rapeseed & Mustard 79.17 89.36 100.00 100% harvested in all states.,rule_based,2.1,1.0,Minutes of the meeting of CWWG as on 11.05.2026_p1_c36,VERIFIED
993,Groundnut,Odisha,State-wide,2026-05-11,5,Harvesting,Groundnut Is 100% Harvested In Odisha,None,,,1,Minutes of the meeting of CWWG as on 11.05.2026.pdf,0.9,Groundnut is 100% harvested in Odisha.,rule_based,2.1,1.0,Minutes of the meeting of CWWG as on 11.05.2026_p1_c37,VERIFIED
994,Groundnut,Karnataka,State-wide,2026-05-11,5,Harvesting,Groundnut Is 100% Harvested In Karnataka,None,,,1,Minutes of the meeting of CWWG as on 11.05.2026.pdf,0.9,Groundnut is 100% harvested in Karnataka.,rule_based,2.1,1.0,Minutes of the meeting of CWWG as on 11.05.2026_p1_c38,VERIFIED
995,Groundnut,Andhra Pradesh,State-wide,2026-05-11,5,Harvesting,Groundnut Is 100% Harvested In Andhra Pradesh,None,,,1,Minutes of the meeting of CWWG as on 11.05.2026.pdf,0.9,Groundnut is 100% harvested in Andhra Pradesh.,rule_based,2.1,1.0,Minutes of the meeting of CWWG as on 11.05.2026_p1_c39,VERIFIED
996,Groundnut,Kerala,State-wide,2026-05-11,5,Harvesting,Groundnut Is 100% Harvested In Kerala,None,,,1,Minutes of the meeting of CWWG as on 11.05.2026.pdf,0.9,Groundnut is 100% harvested in Kerala.,rule_based,2.1,1.0,Minutes of the meeting of CWWG as on 11.05.2026_p1_c40,VERIFIED
997,Groundnut,West Bengal,State-wide,2026-05-11,5,Harvesting,Groundnut Is 100% Harvested In West Bengal,None,,,1,Minutes of the meeting of CWWG as on 11.05.2026.pdf,0.9,Groundnut is 100% harvested in West Bengal.,rule_based,2.1,1.0,Minutes of the meeting of CWWG as on 11.05.2026_p1_c41,VERIFIED
998,Groundnut,Bihar,State-wide,2026-05-11,5,Harvesting,Groundnut Is 100% Harvested In Bihar,None,,,1,Minutes of the meeting of CWWG as on 11.05.2026.pdf,0.9,Groundnut is 100% harvested in Bihar.,rule_based,2.1,1.0,Minutes of the meeting of CWWG as on 11.05.2026_p1_c42,VERIFIED
999,Groundnut,Telangana,State-wide,2026-05-11,5,Harvesting,Groundnut Is 100% Harvested In Telangana,None,,,1,Minutes of the meeting of CWWG as on 11.05.2026.pdf,0.9,Groundnut is 100% harvested in Telangana.,rule_based,2.1,1.0,Minutes of the meeting of CWWG as on 11.05.2026_p1_c43,VERIFIED
1000,Groundnut,Tamil Nadu,State-wide,2026-05-11,5,Harvesting,Groundnut In Tamil Nadu Has 90% Harvested,None,,,1,Minutes of the meeting of CWWG as on 11.05.2026.pdf,0.9,Groundnut in Tamil Nadu has 90% harvested.,rule_based,2.1,1.0,Minutes of the meeting of CWWG as on 11.05.2026_p1_c44,VERIFIED
1001,Groundnut,Tamil Nadu,State-wide,2026-05-11,5,Harvesting,None,None,,,1,Minutes of the meeting of CWWG as on 11.05.2026.pdf,0.9,harvested. ---- ---------------- -------- -------- -------- -------------------------------------------------------,rule_based,2.1,1.0,Minutes of the meeting of CWWG as on 11.05.2026_p1_c45,VERIFIED
1002,Sesame (Sesamum),Telangana,State-wide,2026-05-11,5,Harvesting,None,None,,,1,Minutes of the meeting of CWWG as on 11.05.2026.pdf,0.9,d Sunflower * 0.79 0.70 100.00 100% harvested in all states.,rule_based,2.1,1.0,Minutes of the meeting of CWWG as on 11.05.2026_p1_c47,VERIFIED
1003,Sesame (Sesamum),Tamil Nadu,State-wide,2026-05-11,5,Harvesting,Sesame (Sesamum) Is 100% Harvested In Tamil Nadu,None,,,1,Minutes of the meeting of CWWG as on 11.05.2026.pdf,0.9,Sesame (Sesamum) is 100% harvested in Tamil Nadu.,rule_based,2.1,1.0,Minutes of the meeting of CWWG as on 11.05.2026_p1_c48,VERIFIED
1004,Oilseeds,Tamil Nadu,State-wide,2026-05-11,5,Harvesting,None,None,,,1,Minutes of the meeting of CWWG as on 11.05.2026.pdf,0.9,"f Linseed 1.93 1.99 100.00 100% harvested in all states. g Other Oilseeds 0.00 0.40 100.00 Harvesting is going on in afull swing. Total Crops 637.81 680.18 96.36 Source: Crops Division, DoA&amp;FW.",rule_based,2.1,1.0,Minutes of the meeting of CWWG as on 11.05.2026_p1_c49,VERIFIED
771,Rice,All India,State-wide,2026-05-04,5,Sowing,None,None,,,1,Minutes of the meeting of CWWG as on 04.05.2026.pdf,0.9," As on May 01, 2026, the area sown under summer crops is 81.60 lakh ha as compared to 79.00 lakh ha during the corresponding period of last year. Of this, area of 31.05 lakh ha has been sown under Rice this year.
-",rule_based,2.1,1.0,Minutes of the meeting of CWWG as on 04.05.2026_p1_c1,VERIFIED
772,Rice,All India,State-wide,2026-05-04,5,Harvesting,"As On 01.05.2026, 95.25% Of Area Has Been Harvested For Rabi Crops All Over India. 100% Area Of Pulses Has Been Completed; 99.87% Area Of Oilseeds Majorly In Rapeseed &Amp; Mustard (100%); 96.22% Area Of Shri Anna Cum Coarse Cereals Majorly In Jowar (98.86%), 59.32% Area Of Rice And 97.00% Area Of Wheat Has Been Harvested For Rabi Crops 2025-26",None,,,1,Minutes of the meeting of CWWG as on 04.05.2026.pdf,0.9,"As on 01.05.2026, 95.25% of area has been harvested for Rabi crops all over India. 100% area of Pulses has been completed; 99.87% area of Oilseeds majorly in Rapeseed &amp; Mustard (100%); 96.22% area of Shri Anna cum Coarse Cereals majorly in Jowar (98.86%), 59.32% area of Rice and 97.00% area of Wheat has been harvested for rabi crops 2025-26.",rule_based,2.1,1.0,Minutes of the meeting of CWWG as on 04.05.2026_p1_c2,VERIFIED
773,Rice,All India,State-wide,2026-05-04,5,Active Growth,None,None,,,1,Minutes of the meeting of CWWG as on 04.05.2026.pdf,0.9,"b) Fertilizers: The fertilizer supply remains stable across all products.
4. Pests &amp; Diseases : The overall intensity of pests and diseases remained below the Economic Threshold Level.",rule_based,2.1,1.0,Minutes of the meeting of CWWG as on 04.05.2026_p1_c3,VERIFIED
774,Crop,Odisha,State-wide,2026-05-04,5,Active Growth,"Low  Probability  Of  Heatwave  Conditions  Likely  During  Some  Days  Of  Week  2  Over  Rajasthan  &Amp; Vidarbha,  And  Adjoining  Southern  Parts  Of  Madhya  Pradesh  And  Chhattisgarh.  Above-Normal Maximum Temperatures (+1.6 To +3.0°C) Are Likely Over Many Parts Of Rajasthan And Gujarat, Along The  West  Coast,  And  Over  Odisha  &Amp;  Coastal  Andhra  Pradesh  On  The  East  Coast.  Below-Normal Maximum Temperatures (-1.6 To",None,,,1,Minutes of the meeting of CWWG as on 04.05.2026.pdf,0.9," Low Probability of Heatwave conditions likely during some days of week 2 over Rajasthan &amp; Vidarbha, and adjoining southern parts of Madhya Pradesh and Chhattisgarh. Above-normal maximum temperatures (+1.6 to +3.0°C) are likely over many parts of Rajasthan and Gujarat, along the west coast, and over Odisha &amp; Coastal Andhra Pradesh on the east coast. Below-normal maximum temperatures (-1.6 to",rule_based,2.1,1.0,Minutes of the meeting of CWWG as on 04.05.2026_p1_c4,VERIFIED
775,Crop,West Bengal,State-wide,2026-05-04,5,Active Growth,"0°C) Are Likely Over Parts Of Bihar, Jharkhand, And Gangetic West Bengal. Near-Normal Weekly Maximum Temperatures Are Likely Over The Rest Of The Country",None,,,1,Minutes of the meeting of CWWG as on 04.05.2026.pdf,0.9,"3.0°C) are likely over parts of Bihar, Jharkhand, and Gangetic West Bengal. Near-normal weekly maximum temperatures are likely over the rest of the country.",rule_based,2.1,1.0,Minutes of the meeting of CWWG as on 04.05.2026_p1_c5,VERIFIED
776,Oilseeds,West Bengal,State-wide,2026-05-04,5,Sowing,None,None,,,1,Minutes of the meeting of CWWG as on 04.05.2026.pdf,0.9," Rice : About 31.05 lakh ha area coverage under Summer Rice has been reported as compared to 32.42 lakh ha during the corresponding period of last year.
-
Pulses : About 23.49 lakh ha area coverage has been reported compared to 22.76 lakh ha during the corresponding period of last year.
-
Oilseeds : About 11.04 lakh ha area coverage has been reported compared to 9.58 lakh ha during the corresponding period of last year. Progress of Area coverage under Summer crops as on 01.05.2026 Progress of Area coverage under Summer crops as on 01.05.2026 Progress of Area coverage under Summer crops as on 01.05.2026 Progress of Area coverage under Summer crops as on 01.05.2026 Progress of Area coverage under Summer crops as on 01.05.2026 Progress of Area coverage under Summer crops as on 01.05.2026 Progress of Area coverage under Summer crops as on 01.05.2026 ----------------------------------------------------------------- ----------------------------------------------------------------- ----------------------------------------------------------------- ----------------------------------------------------------------- ----------------------------------------------------------------- ----------------------------------------------------------------- ------------------------------------------------------------------------------ Sl. No. Crops Normal Summer Area (DES)* Final Summer Area 2025 Area Sown Area Sown ( In lakh hectare) Increase/ Decrease over corresponding period of Last year Sl. No. Crops Normal Summer Area (DES)* Final Summer Area 2025 Current Year (2026) Corresponding period of Last Year (2025) ( In lakh hectare) Increase/ Decrease over corresponding period of Last year 1 Rice 31.49 33.28 31.05 32.42 1.36 2 Pulses 23.40 27.07 23.49 22.76 0.73 a Greengram 20.44 23.49 18.99 19.00 0.01 b Blackgram 2.96 3.26 4.20 3.58 0.62 c Other Pulses 0.00 0.30 0.19 0.11 3 Shree Anna cum Coarse Cereals 12.08 14.06 16.01 14.25 1.77 a Jowar 0.34 0.36 0.37 0.36 0.01 b Bajra 4.43 5.20 5.40 5.20 0.20 c Ragi 0.31 0.22 0.16 0.06 d Small Millets 0.02 0.03 0.03 0.00 e Maize 6.98 8.50 10.00 8.50 1.50 4 Oilseeds 8.40 9.51 11.04 9.58 1.47 a Groundnut 3.40 4.20 5.51 4.20 1.31 b Sunflower 0.34 0.35 0.39 0.35 0.04 ------------------------------------------------------------------------------ ------------------------------------------------------------------------------ ------------------------------------------------------------------------------ ------------------------------------------------------------------------------ ------------------------------------------------------------------------------ ------------------------------------------------------------------------------ ------------------------------------------------------------------------------ c Sesamum 4.66 4.96 5.07 4.96 0.11 d Other Oilseeds 0.00 0.07 0.06 0.00 Total Total 75.37 83.92 81.59 79.00 2.60 * Normal area from 2022-23 to 2024-25. Source: Crop Division, DoA&FW, MoA&FW * Normal area from 2022-23 to 2024-25. Source: Crop Division, DoA&FW, MoA&FW * Normal area from 2022-23 to 2024-25. Source: Crop Division, DoA&FW, MoA&FW * Normal area from 2022-23 to 2024-25. Source: Crop Division, DoA&FW, MoA&FW * Normal area from 2022-23 to 2024-25. Source: Crop Division, DoA&FW, MoA&FW * Normal area from 2022-23 to 2024-25. Source: Crop Division, DoA&FW, MoA&FW * Normal area from 2022-23 to 2024-25. Source: Crop Division, DoA&FW, MoA&FW",rule_based,2.1,1.0,Minutes of the meeting of CWWG as on 04.05.2026_p1_c6,VERIFIED
777,Wheat,West Bengal,State-wide,2026-05-04,5,Active Growth,None,None,,,1,Minutes of the meeting of CWWG as on 04.05.2026.pdf,0.7,(Area in lakh ha.) ---------- ---------------------------- --------------------- -------------------------------- -------------------- -------------------------------------------------------------------------------------------------------------------------------------------------------,rule_based,2.1,1.0,Minutes of the meeting of CWWG as on 04.05.2026_p1_c7,VERIFIED
778,Wheat,Bihar,State-wide,2026-05-04,5,Harvesting,Wheat In Bihar Has 98% Harvested,None,,,1,Minutes of the meeting of CWWG as on 04.05.2026.pdf,0.9,Wheat in Bihar has 98% harvested.,rule_based,2.1,1.0,Minutes of the meeting of CWWG as on 04.05.2026_p1_c8,VERIFIED
779,Wheat,Jharkhand,State-wide,2026-05-04,5,Harvesting,Wheat In Jharkhand Has 98% Harvested,None,,,1,Minutes of the meeting of CWWG as on 04.05.2026.pdf,0.9,Wheat in Jharkhand has 98% harvested.,rule_based,2.1,1.0,Minutes of the meeting of CWWG as on 04.05.2026_p1_c9,VERIFIED
780,Wheat,Uttarakhand,State-wide,2026-05-04,5,Harvesting,Wheat In Uttarakhand Has 90% Harvested,None,,,1,Minutes of the meeting of CWWG as on 04.05.2026.pdf,0.9,Wheat in Uttarakhand has 90% harvested.,rule_based,2.1,1.0,Minutes of the meeting of CWWG as on 04.05.2026_p1_c10,VERIFIED
781,Rice,Tamil Nadu,State-wide,2026-05-04,5,Harvesting,Rice In Tamil Nadu Has 88% Harvested,None,,,1,Minutes of the meeting of CWWG as on 04.05.2026.pdf,0.9,Rice in Tamil Nadu has 88% harvested.,rule_based,2.1,1.0,Minutes of the meeting of CWWG as on 04.05.2026_p1_c11,VERIFIED
782,Rice,Kerala,State-wide,2026-05-04,5,Harvesting,Rice In Kerala Has 95% Harvested,None,,,1,Minutes of the meeting of CWWG as on 04.05.2026.pdf,0.9,Rice in Kerala has 95% harvested.,rule_based,2.1,1.0,Minutes of the meeting of CWWG as on 04.05.2026_p1_c12,VERIFIED
783,Rice,Tripura,State-wide,2026-05-04,5,Harvesting,Rice In Tripura Has 80% Harvested,None,,,1,Minutes of the meeting of CWWG as on 04.05.2026.pdf,0.9,Rice in Tripura has 80% harvested.,rule_based,2.1,1.0,Minutes of the meeting of CWWG as on 04.05.2026_p1_c13,VERIFIED
784,Rice,Andhra Pradesh,State-wide,2026-05-04,5,Harvesting,Rice In Andhra Pradesh Has 65% Harvested,None,,,1,Minutes of the meeting of CWWG as on 04.05.2026.pdf,0.9,Rice in Andhra Pradesh has 65% harvested.,rule_based,2.1,1.0,Minutes of the meeting of CWWG as on 04.05.2026_p1_c14,VERIFIED
785,Rice,Telangana,State-wide,2026-05-04,5,Harvesting,Rice In Telangana Has 40% Harvested,None,,,1,Minutes of the meeting of CWWG as on 04.05.2026.pdf,0.9,Rice in Telangana has 40% harvested.,rule_based,2.1,1.0,Minutes of the meeting of CWWG as on 04.05.2026_p1_c15,VERIFIED
786,Maize,Telangana,State-wide,2026-05-04,5,Harvesting,None,None,,,1,Minutes of the meeting of CWWG as on 04.05.2026.pdf,0.9,3 Pulses 140.42 139.55 100.00 100% Harvesting has been completed in all states. a Gram 100.99 96.20 100.00 100% Harvesting has been completed in all states. b Lentil 15.13 18.12 100.00 100% Harvesting has been completed in all states. e Urdbean * 6.16 6.06 100.00 100% Harvesting has been completed in all states. f Moongbean * 1.41 0.99 100.00 100% Harvesting has been completed in all states. h Other Pulses $ 16.73 20.57 100.00 100% Harvesting has been completed in all states.,rule_based,2.1,1.0,Minutes of the meeting of CWWG as on 04.05.2026_p1_c16,VERIFIED
787,Maize,Telangana,State-wide,2026-05-04,5,Harvesting,None,None,,,1,Minutes of the meeting of CWWG as on 04.05.2026.pdf,0.9,"4 Shri Anna & Coarse cereals 55.33 60.93 96.22 Overall around 82% area has been harvested mainly in Jowar (98%), Maize (93%), Barley (84%), etc has already been harvested.",rule_based,2.1,1.0,Minutes of the meeting of CWWG as on 04.05.2026_p1_c17,VERIFIED
788,Sorghum (Jowar),Karnataka,State-wide,2026-05-04,5,Harvesting,Sorghum (Jowar) Is 100% Harvested In Karnataka,None,,,1,Minutes of the meeting of CWWG as on 04.05.2026.pdf,0.9,Sorghum (Jowar) is 100% harvested in Karnataka.,rule_based,2.1,1.0,Minutes of the meeting of CWWG as on 04.05.2026_p1_c18,VERIFIED
789,Sorghum (Jowar),Maharashtra,State-wide,2026-05-04,5,Harvesting,Sorghum (Jowar) Is 100% Harvested In Maharashtra,None,,,1,Minutes of the meeting of CWWG as on 04.05.2026.pdf,0.9,Sorghum (Jowar) is 100% harvested in Maharashtra.,rule_based,2.1,1.0,Minutes of the meeting of CWWG as on 04.05.2026_p1_c19,VERIFIED
790,Sorghum (Jowar),Tamil Nadu,State-wide,2026-05-04,5,Harvesting,Sorghum (Jowar) Is 100% Harvested In Tamil Nadu,None,,,1,Minutes of the meeting of CWWG as on 04.05.2026.pdf,0.9,Sorghum (Jowar) is 100% harvested in Tamil Nadu.,rule_based,2.1,1.0,Minutes of the meeting of CWWG as on 04.05.2026_p1_c20,VERIFIED
791,Sorghum (Jowar),Gujarat,State-wide,2026-05-04,5,Harvesting,Sorghum (Jowar) Is 100% Harvested In Gujarat,None,,,1,Minutes of the meeting of CWWG as on 04.05.2026.pdf,0.9,Sorghum (Jowar) is 100% harvested in Gujarat.,rule_based,2.1,1.0,Minutes of the meeting of CWWG as on 04.05.2026_p1_c21,VERIFIED
792,Sorghum (Jowar),Telangana,State-wide,2026-05-04,5,Harvesting,Sorghum (Jowar) In Telangana Has 89% Harvested,None,,,1,Minutes of the meeting of CWWG as on 04.05.2026.pdf,0.9,Sorghum (Jowar) in Telangana has 89% harvested.,rule_based,2.1,1.0,Minutes of the meeting of CWWG as on 04.05.2026_p1_c22,VERIFIED
793,Sorghum (Jowar),Andhra Pradesh,State-wide,2026-05-04,5,Harvesting,Sorghum (Jowar) In Andhra Pradesh Has 77% Harvested,None,,,1,Minutes of the meeting of CWWG as on 04.05.2026.pdf,0.9,Sorghum (Jowar) in Andhra Pradesh has 77% harvested.,rule_based,2.1,1.0,Minutes of the meeting of CWWG as on 04.05.2026_p1_c23,VERIFIED
794,Maize,Karnataka,State-wide,2026-05-04,5,Harvesting,Maize Is 100% Harvested In Karnataka,None,,,1,Minutes of the meeting of CWWG as on 04.05.2026.pdf,0.9,Maize is 100% harvested in Karnataka.,rule_based,2.1,1.0,Minutes of the meeting of CWWG as on 04.05.2026_p1_c24,VERIFIED
795,Maize,Maharashtra,State-wide,2026-05-04,5,Harvesting,Maize Is 100% Harvested In Maharashtra,None,,,1,Minutes of the meeting of CWWG as on 04.05.2026.pdf,0.9,Maize is 100% harvested in Maharashtra.,rule_based,2.1,1.0,Minutes of the meeting of CWWG as on 04.05.2026_p1_c25,VERIFIED
796,Maize,Gujarat,State-wide,2026-05-04,5,Harvesting,Maize Is 100% Harvested In Gujarat,None,,,1,Minutes of the meeting of CWWG as on 04.05.2026.pdf,0.9,Maize is 100% harvested in Gujarat.,rule_based,2.1,1.0,Minutes of the meeting of CWWG as on 04.05.2026_p1_c26,VERIFIED
797,Maize,Andhra Pradesh,State-wide,2026-05-04,5,Harvesting,Maize In Andhra Pradesh Has 75% Harvested,None,,,1,Minutes of the meeting of CWWG as on 04.05.2026.pdf,0.9,Maize in Andhra Pradesh has 75% harvested.,rule_based,2.1,1.0,Minutes of the meeting of CWWG as on 04.05.2026_p1_c27,VERIFIED
798,Maize,Bihar,State-wide,2026-05-04,5,Harvesting,Maize In Bihar Has 95% Harvested,None,,,1,Minutes of the meeting of CWWG as on 04.05.2026.pdf,0.9,Maize in Bihar has 95% harvested.,rule_based,2.1,1.0,Minutes of the meeting of CWWG as on 04.05.2026_p1_c28,VERIFIED
799,Maize,Chhattisgarh,State-wide,2026-05-04,5,Harvesting,Maize In Chhattisgarh Has 95% Harvested,None,,,1,Minutes of the meeting of CWWG as on 04.05.2026.pdf,0.9,Maize in Chhattisgarh has 95% harvested.,rule_based,2.1,1.0,Minutes of the meeting of CWWG as on 04.05.2026_p1_c29,VERIFIED
800,Maize,Haryana,State-wide,2026-05-04,5,Harvesting,Maize Is 100% Harvested In Haryana,None,,,1,Minutes of the meeting of CWWG as on 04.05.2026.pdf,0.9,Maize is 100% harvested in Haryana.,rule_based,2.1,1.0,Minutes of the meeting of CWWG as on 04.05.2026_p1_c31,VERIFIED
801,Maize,Rajasthan,State-wide,2026-05-04,5,Harvesting,Maize Is 100% Harvested In Rajasthan,None,,,1,Minutes of the meeting of CWWG as on 04.05.2026.pdf,0.9,Maize is 100% harvested in Rajasthan.,rule_based,2.1,1.0,Minutes of the meeting of CWWG as on 04.05.2026_p1_c32,VERIFIED
802,Maize,Bihar,State-wide,2026-05-04,5,Harvesting,Maize Is 100% Harvested In Bihar,None,,,1,Minutes of the meeting of CWWG as on 04.05.2026.pdf,0.9,Maize is 100% harvested in Bihar.,rule_based,2.1,1.0,Minutes of the meeting of CWWG as on 04.05.2026_p1_c33,VERIFIED
803,Maize,Madhya Pradesh,State-wide,2026-05-04,5,Harvesting,Maize Is 100% Harvested In Madhya Pradesh,None,,,1,Minutes of the meeting of CWWG as on 04.05.2026.pdf,0.9,Maize is 100% harvested in Madhya Pradesh.,rule_based,2.1,1.0,Minutes of the meeting of CWWG as on 04.05.2026_p1_c34,VERIFIED
804,Maize,Chhattisgarh,State-wide,2026-05-04,5,Harvesting,Maize Is 100% Harvested In Chhattisgarh,None,,,1,Minutes of the meeting of CWWG as on 04.05.2026.pdf,0.9,Maize is 100% harvested in Chhattisgarh.,rule_based,2.1,1.0,Minutes of the meeting of CWWG as on 04.05.2026_p1_c35,VERIFIED
805,Maize,Punjab,State-wide,2026-05-04,5,Harvesting,Maize In Punjab Has 97% Harvested,None,,,1,Minutes of the meeting of CWWG as on 04.05.2026.pdf,0.9,Maize in Punjab has 97% harvested.,rule_based,2.1,1.0,Minutes of the meeting of CWWG as on 04.05.2026_p1_c36,VERIFIED
806,Maize,Uttar Pradesh,State-wide,2026-05-04,5,Harvesting,Maize In Uttar Pradesh Has 95% Harvested,None,,,1,Minutes of the meeting of CWWG as on 04.05.2026.pdf,0.9,Maize in Uttar Pradesh has 95% harvested.,rule_based,2.1,1.0,Minutes of the meeting of CWWG as on 04.05.2026_p1_c37,VERIFIED
807,Groundnut,Uttar Pradesh,State-wide,2026-05-04,5,Harvesting,None,None,,,1,Minutes of the meeting of CWWG as on 04.05.2026.pdf,0.9,"5 Oilseeds 86.78 97.19 99.87 Overall around 98% area has been harvested mainly in Rapeseed & Mustard (100%), Groundnut (45%), Safflower (83%), Sunflower (89%), Linseed (99%), etc has already been harvested.",rule_based,2.1,1.0,Minutes of the meeting of CWWG as on 04.05.2026_p1_c38,VERIFIED
808,Groundnut,Uttar Pradesh,State-wide,2026-05-04,5,Harvesting,None,None,,,1,Minutes of the meeting of CWWG as on 04.05.2026.pdf,0.9,----- -------------------- --------- --------- --------- ------------------------------------------------------------------------------------------------------------------------------------------------------------------------------------- a Rapeseed & Mustard 79.17 89.36 100.00 100% harvested in all states.,rule_based,2.1,1.0,Minutes of the meeting of CWWG as on 04.05.2026_p1_c39,VERIFIED
809,Groundnut,Odisha,State-wide,2026-05-04,5,Harvesting,Groundnut Is 100% Harvested In Odisha,None,,,1,Minutes of the meeting of CWWG as on 04.05.2026.pdf,0.9,Groundnut is 100% harvested in Odisha.,rule_based,2.1,1.0,Minutes of the meeting of CWWG as on 04.05.2026_p1_c40,VERIFIED
810,Groundnut,Karnataka,State-wide,2026-05-04,5,Harvesting,Groundnut Is 100% Harvested In Karnataka,None,,,1,Minutes of the meeting of CWWG as on 04.05.2026.pdf,0.9,Groundnut is 100% harvested in Karnataka.,rule_based,2.1,1.0,Minutes of the meeting of CWWG as on 04.05.2026_p1_c41,VERIFIED
811,Groundnut,Andhra Pradesh,State-wide,2026-05-04,5,Harvesting,Groundnut Is 100% Harvested In Andhra Pradesh,None,,,1,Minutes of the meeting of CWWG as on 04.05.2026.pdf,0.9,Groundnut is 100% harvested in Andhra Pradesh.,rule_based,2.1,1.0,Minutes of the meeting of CWWG as on 04.05.2026_p1_c42,VERIFIED
812,Groundnut,Kerala,State-wide,2026-05-04,5,Harvesting,Groundnut Is 100% Harvested In Kerala,None,,,1,Minutes of the meeting of CWWG as on 04.05.2026.pdf,0.9,Groundnut is 100% harvested in Kerala.,rule_based,2.1,1.0,Minutes of the meeting of CWWG as on 04.05.2026_p1_c43,VERIFIED
813,Groundnut,West Bengal,State-wide,2026-05-04,5,Harvesting,Groundnut Is 100% Harvested In West Bengal,None,,,1,Minutes of the meeting of CWWG as on 04.05.2026.pdf,0.9,Groundnut is 100% harvested in West Bengal.,rule_based,2.1,1.0,Minutes of the meeting of CWWG as on 04.05.2026_p1_c44,VERIFIED
814,Groundnut,Bihar,State-wide,2026-05-04,5,Harvesting,Groundnut Is 100% Harvested In Bihar,None,,,1,Minutes of the meeting of CWWG as on 04.05.2026.pdf,0.9,Groundnut is 100% harvested in Bihar.,rule_based,2.1,1.0,Minutes of the meeting of CWWG as on 04.05.2026_p1_c45,VERIFIED
815,Groundnut,Telangana,State-wide,2026-05-04,5,Harvesting,Groundnut Is 100% Harvested In Telangana,None,,,1,Minutes of the meeting of CWWG as on 04.05.2026.pdf,0.9,Groundnut is 100% harvested in Telangana.,rule_based,2.1,1.0,Minutes of the meeting of CWWG as on 04.05.2026_p1_c46,VERIFIED
816,Groundnut,Tamil Nadu,State-wide,2026-05-04,5,Harvesting,Groundnut In Tamil Nadu Has 90% Harvested,None,,,1,Minutes of the meeting of CWWG as on 04.05.2026.pdf,0.9,Groundnut in Tamil Nadu has 90% harvested.,rule_based,2.1,1.0,Minutes of the meeting of CWWG as on 04.05.2026_p1_c47,VERIFIED
817,Sesame (Sesamum),Telangana,State-wide,2026-05-04,5,Harvesting,None,None,,,1,Minutes of the meeting of CWWG as on 04.05.2026.pdf,0.9,d Sunflower * 0.79 0.70 97.63 100% harvested in all states.,rule_based,2.1,1.0,Minutes of the meeting of CWWG as on 04.05.2026_p1_c49,VERIFIED
818,Sesame (Sesamum),Tamil Nadu,State-wide,2026-05-04,5,Harvesting,Sesame (Sesamum) Is 100% Harvested In Tamil Nadu,None,,,1,Minutes of the meeting of CWWG as on 04.05.2026.pdf,0.9,Sesame (Sesamum) is 100% harvested in Tamil Nadu.,rule_based,2.1,1.0,Minutes of the meeting of CWWG as on 04.05.2026_p1_c50,VERIFIED
819,Oilseeds,Tamil Nadu,State-wide,2026-05-04,5,Harvesting,None,None,,,1,Minutes of the meeting of CWWG as on 04.05.2026.pdf,0.9,"f Linseed 1.93 1.99 100.00 100% harvested in all states. g Other Oilseeds 0.00 0.40 99.11 Harvesting is going on in afull swing. Total Crops 637.81 680.18 95.25 Source: Crops Division, DoA&amp;FW.",rule_based,2.1,1.0,Minutes of the meeting of CWWG as on 04.05.2026_p1_c51,VERIFIED
1291,Rice,All India,State-wide,2026-04-27,4,Sowing,None,None,,,1,Minutes of the meeting of CWWG as on 27.04.2026.pdf,0.9," As on April 24, 2026, the area sown under summer crops is 72.30 lakh ha as compared to 70.19 lakh ha during the corresponding period of last year. Of this, area of 30.68 lakh ha has been sown under Rice this year.
-",rule_based,2.1,1.0,Minutes of the meeting of CWWG as on 27.04.2026_p1_c1,VERIFIED
1292,Rice,All India,State-wide,2026-04-27,4,Harvesting,"As On 24.04.2026, 92.62% Of Area Has Been Harvested For Rabi Crops All Over  India. Approximately 99.58%  Area  Of  Pulses  Mainly  In  Gram  (100%),  Urdbean  (99%)  &Amp;  Moong  (86%);  99.50%  Area  Of Oilseeds  Majorly  In  Rapeseed  &Amp;  Mustard  (100%);  92.43%  Area  Of  Shri  Anna  Cum  Coarse  Cereals Majorly In Jowar (96.97%), 47.89% Area Of Rice And 94.00% Area Of Wheat Has Been Harvested For Rabi Crops 2025-26",None,,,1,Minutes of the meeting of CWWG as on 27.04.2026.pdf,0.9,"As on 24.04.2026, 92.62% of area has been harvested for Rabi crops all over India. Approximately 99.58% area of Pulses mainly in Gram (100%), Urdbean (99%) &amp; Moong (86%); 99.50% area of Oilseeds majorly in Rapeseed &amp; Mustard (100%); 92.43% area of Shri Anna cum Coarse Cereals majorly in Jowar (96.97%), 47.89% area of Rice and 94.00% area of Wheat has been harvested for Rabi crops 2025-26.",rule_based,2.1,1.0,Minutes of the meeting of CWWG as on 27.04.2026_p1_c2,VERIFIED
1293,Crop,Odisha,State-wide,2026-04-27,4,Active Growth,"Appreciably Above Normal (+3.1 To +5.0°C) Maximum Temperatures Are Likely Over Parts Of Jammu &Amp; Kashmir,  Punjab,  Haryana,  Rajasthan,  Madhya  Pradesh,  Uttar  Pradesh,  Bihar,  Jharkhand,  Odisha, Gangetic West Bengal, Chhattisgarh, Vidarbha, Rayalaseema, Telangana &Amp; Kerala; Normal To Abovenormal Maximum Temperatures Are Likely Over Most Parts Of The Country During The Week",None,,,1,Minutes of the meeting of CWWG as on 27.04.2026.pdf,0.9," Appreciably above normal (+3.1 to +5.0°C) maximum temperatures are likely over parts of Jammu &amp; Kashmir, Punjab, Haryana, Rajasthan, Madhya Pradesh, Uttar Pradesh, Bihar, Jharkhand, Odisha, Gangetic West Bengal, Chhattisgarh, Vidarbha, Rayalaseema, Telangana &amp; Kerala; normal to abovenormal maximum temperatures are likely over most parts of the country during the week.",rule_based,2.1,1.0,Minutes of the meeting of CWWG as on 27.04.2026_p1_c3,VERIFIED
1294,Crop,Odisha,State-wide,2026-04-27,4,Active Growth,"Low  Probability  Of  Heatwave  Conditions  Likely  During  Some  Days  Of  The  Week  Over  Rajasthan  &Amp; Adjoining Punjab &Amp; Haryana, Uttar Pradesh, Madhya Pradesh, Chhattisgarh, Odisha, &Amp; Vidarbha. Appreciably Above Normal Maximum Temperatures Are Likely Over Some Parts Of Jammu &Amp; Kashmir, And Above-Normal Maximum Temperatures (+1.6 To +3.0°C) Are Likely Over Most Parts Of Northwest &Amp; Central India, And Many Parts Of The East &Amp; Northeast, And The West Coast Of India. Near-Normal Weekly Maximum Temperatures Are Likely In Isolated Places Over The Rest Of The Country",None,,,1,Minutes of the meeting of CWWG as on 27.04.2026.pdf,0.9," Low Probability of Heatwave conditions likely during some days of the week over Rajasthan &amp; adjoining Punjab &amp; Haryana, Uttar Pradesh, Madhya Pradesh, Chhattisgarh, Odisha, &amp; Vidarbha. Appreciably above normal maximum temperatures are likely over some parts of Jammu &amp; Kashmir, and above-normal maximum temperatures (+1.6 to +3.0°C) are likely over most parts of Northwest &amp; Central India, and many parts of the East &amp; Northeast, and the West coast of India. Near-normal weekly maximum temperatures are likely in isolated places over the rest of the country.",rule_based,2.1,1.0,Minutes of the meeting of CWWG as on 27.04.2026_p1_c4,VERIFIED
1295,Oilseeds,Odisha,State-wide,2026-04-27,4,Sowing,None,None,,,1,Minutes of the meeting of CWWG as on 27.04.2026.pdf,0.9," Rice : About 30.68 lakh ha area coverage under Summer Rice has been reported as compared to 32.31 lakh ha during the corresponding period of last year.
-
Pulses : About 17.19 lakh ha area coverage has been reported compared to 15.93 lakh ha during the corresponding period of last year.
-
Oilseeds : About 9.21 lakh ha area coverage has been reported compared to 7.71 lakh ha during the corresponding period of last year. Progress of Area coverage under Summer crops as on 24.04.2026 (In lakh hectare) Progress of Area coverage under Summer crops as on 24.04.2026 (In lakh hectare) Progress of Area coverage under Summer crops as on 24.04.2026 (In lakh hectare) Progress of Area coverage under Summer crops as on 24.04.2026 (In lakh hectare) Progress of Area coverage under Summer crops as on 24.04.2026 (In lakh hectare) Progress of Area coverage under Summer crops as on 24.04.2026 (In lakh hectare) Progress of Area coverage under Summer crops as on 24.04.2026 (In lakh hectare) ----------------------------------------------------------------------------------- ----------------------------------------------------------------------------------- ----------------------------------------------------------------------------------- ----------------------------------------------------------------------------------- ----------------------------------------------------------------------------------- ----------------------------------------------------------------------------------- ----------------------------------------------------------------------------------- Sl. No. Crops Normal Summer Area (DES)* Final Summer Area 2025 Area Sown Area Sown Increase/ Decrease over corresponding period of Last year Sl. No. Crops Normal Summer Area (DES)* Final Summer Area 2025 Current Year (2026) Corresponding period of Last Year (2025) Increase/ Decrease over corresponding period of Last year 1 Rice 31.49 33.28 30.68 32.31 1.63 2 Pulses 23.40 27.07 17.19 15.93 1.26 a Greengram 20.44 23.49 13.17 12.99 0.18 b Blackgram 2.96 3.26 3.72 2.75 0.96 c Other Pulses 0.00 0.30 0.18 0.12 3 Shree Anna cum Coarse Cereals 12.08 14.06 15.21 14.25 0.97 a Jowar 0.34 0.36 0.37 0.36 0.01 b Bajra 4.43 5.20 5.10 5.20 0.10 c Ragi 0.31 0.22 0.16 0.06 d Small Millets 0.02 0.03 0.03 0.00 e Maize 6.98 8.50 9.50 8.50 1.00 4 Oilseeds 8.40 9.51 9.21 7.71 1.50 a Groundnut 3.40 4.20 5.51 4.20 1.31 b Sunflower 0.34 0.35 0.39 0.35 0.04 c Sesamum 4.66 4.96 3.25 3.09 0.16 d Other Oilseeds 0.00 0.06 0.06 0.01 Total Total 75.37 83.92 72.30 70.19 2.11 * Normal area from 2022-23 to 2024-25.
Source: Crop Division, DoA&amp;FW, MoA&amp;FW",rule_based,2.1,1.0,Minutes of the meeting of CWWG as on 27.04.2026_p1_c5,VERIFIED
1296,Wheat,Odisha,State-wide,2026-04-27,4,Active Growth,None,None,,,1,Minutes of the meeting of CWWG as on 27.04.2026.pdf,0.7,(Area in lakh ha.) ---------- ---------------------------- --------------------- -------------------------------- -------------------- -------------------------------------------------------------------------------------------------------------------------------------------------------------------------------------------,rule_based,2.1,1.0,Minutes of the meeting of CWWG as on 27.04.2026_p1_c6,VERIFIED
1297,Wheat,Punjab,State-wide,2026-04-27,4,Harvesting,Wheat In Punjab Has 55% Harvested,None,,,1,Minutes of the meeting of CWWG as on 27.04.2026.pdf,0.9,Wheat in Punjab has 55% harvested.,rule_based,2.1,1.0,Minutes of the meeting of CWWG as on 27.04.2026_p1_c7,VERIFIED
1298,Wheat,Haryana,State-wide,2026-04-27,4,Harvesting,Wheat In Haryana Has 95% Harvested,None,,,1,Minutes of the meeting of CWWG as on 27.04.2026.pdf,0.9,Wheat in Haryana has 95% harvested.,rule_based,2.1,1.0,Minutes of the meeting of CWWG as on 27.04.2026_p1_c8,VERIFIED
1299,Wheat,Uttar Pradesh,State-wide,2026-04-27,4,Harvesting,Wheat In Uttar Pradesh Has 82% Harvested,None,,,1,Minutes of the meeting of CWWG as on 27.04.2026.pdf,0.9,Wheat in Uttar Pradesh has 82% harvested.,rule_based,2.1,1.0,Minutes of the meeting of CWWG as on 27.04.2026_p1_c9,VERIFIED
1300,Wheat,Bihar,State-wide,2026-04-27,4,Harvesting,Wheat In Bihar Has 90% Harvested,None,,,1,Minutes of the meeting of CWWG as on 27.04.2026.pdf,0.9,Wheat in Bihar has 90% harvested.,rule_based,2.1,1.0,Minutes of the meeting of CWWG as on 27.04.2026_p1_c10,VERIFIED
1301,Rice,Tamil Nadu,State-wide,2026-04-27,4,Harvesting,Rice In Tamil Nadu Has 88% Harvested,None,,,1,Minutes of the meeting of CWWG as on 27.04.2026.pdf,0.9,Rice in Tamil Nadu has 88% harvested.,rule_based,2.1,1.0,Minutes of the meeting of CWWG as on 27.04.2026_p1_c11,VERIFIED
1302,Rice,Kerala,State-wide,2026-04-27,4,Harvesting,Rice In Kerala Has 95% Harvested,None,,,1,Minutes of the meeting of CWWG as on 27.04.2026.pdf,0.9,Rice in Kerala has 95% harvested.,rule_based,2.1,1.0,Minutes of the meeting of CWWG as on 27.04.2026_p1_c12,VERIFIED
1303,Rice,Tripura,State-wide,2026-04-27,4,Harvesting,Rice In Tripura Has 60% Harvested,None,,,1,Minutes of the meeting of CWWG as on 27.04.2026.pdf,0.9,Rice in Tripura has 60% harvested.,rule_based,2.1,1.0,Minutes of the meeting of CWWG as on 27.04.2026_p1_c13,VERIFIED
1304,Rice,Andhra Pradesh,State-wide,2026-04-27,4,Harvesting,Rice In Andhra Pradesh Has 45% Harvested,None,,,1,Minutes of the meeting of CWWG as on 27.04.2026.pdf,0.9,Rice in Andhra Pradesh has 45% harvested.,rule_based,2.1,1.0,Minutes of the meeting of CWWG as on 27.04.2026_p1_c14,VERIFIED
1305,Rice,Telangana,State-wide,2026-04-27,4,Harvesting,Rice In Telangana Has 25% Harvested,None,,,1,Minutes of the meeting of CWWG as on 27.04.2026.pdf,0.9,Rice in Telangana has 25% harvested.,rule_based,2.1,1.0,Minutes of the meeting of CWWG as on 27.04.2026_p1_c15,VERIFIED
1306,Green Gram (Moong),Telangana,State-wide,2026-04-27,4,Harvesting,None,None,,,1,Minutes of the meeting of CWWG as on 27.04.2026.pdf,0.9,"3 Pulses 140.42 139.55 99.58 Overall around 97% area has been harvested mainly in Gram (98%), Lentil (94%), Urdbean (98%), Moongbean (82%), etc has already been harvested.",rule_based,2.1,1.0,Minutes of the meeting of CWWG as on 27.04.2026_p1_c16,VERIFIED
1307,Bengal Gram (Gram/Chickpea),Maharashtra,State-wide,2026-04-27,4,Harvesting,Bengal Gram (Gram/Chickpea) Is 100% Harvested In Maharashtra,None,,,1,Minutes of the meeting of CWWG as on 27.04.2026.pdf,0.9,Bengal Gram (Gram/Chickpea) is 100% harvested in Maharashtra.,rule_based,2.1,1.0,Minutes of the meeting of CWWG as on 27.04.2026_p1_c17,VERIFIED
1308,Bengal Gram (Gram/Chickpea),Andhra Pradesh,State-wide,2026-04-27,4,Harvesting,Bengal Gram (Gram/Chickpea) Is 100% Harvested In Andhra Pradesh,None,,,1,Minutes of the meeting of CWWG as on 27.04.2026.pdf,0.9,Bengal Gram (Gram/Chickpea) is 100% harvested in Andhra Pradesh.,rule_based,2.1,1.0,Minutes of the meeting of CWWG as on 27.04.2026_p1_c18,VERIFIED
1309,Bengal Gram (Gram/Chickpea),Gujarat,State-wide,2026-04-27,4,Harvesting,Bengal Gram (Gram/Chickpea) Is 100% Harvested In Gujarat,None,,,1,Minutes of the meeting of CWWG as on 27.04.2026.pdf,0.9,Bengal Gram (Gram/Chickpea) is 100% harvested in Gujarat.,rule_based,2.1,1.0,Minutes of the meeting of CWWG as on 27.04.2026_p1_c19,VERIFIED
1310,Bengal Gram (Gram/Chickpea),Rajasthan,State-wide,2026-04-27,4,Harvesting,Bengal Gram (Gram/Chickpea) Is 100% Harvested In Rajasthan,None,,,1,Minutes of the meeting of CWWG as on 27.04.2026.pdf,0.9,Bengal Gram (Gram/Chickpea) is 100% harvested in Rajasthan.,rule_based,2.1,1.0,Minutes of the meeting of CWWG as on 27.04.2026_p1_c20,VERIFIED
1311,Bengal Gram (Gram/Chickpea),West Bengal,State-wide,2026-04-27,4,Harvesting,Bengal Gram (Gram/Chickpea) Is 100% Harvested In West Bengal,None,,,1,Minutes of the meeting of CWWG as on 27.04.2026.pdf,0.9,Bengal Gram (Gram/Chickpea) is 100% harvested in West Bengal.,rule_based,2.1,1.0,Minutes of the meeting of CWWG as on 27.04.2026_p1_c21,VERIFIED
1312,Bengal Gram (Gram/Chickpea),Chhattisgarh,State-wide,2026-04-27,4,Harvesting,Bengal Gram (Gram/Chickpea) Is 100% Harvested In Chhattisgarh,None,,,1,Minutes of the meeting of CWWG as on 27.04.2026.pdf,0.9,Bengal Gram (Gram/Chickpea) is 100% harvested in Chhattisgarh.,rule_based,2.1,1.0,Minutes of the meeting of CWWG as on 27.04.2026_p1_c22,VERIFIED
1313,Bengal Gram (Gram/Chickpea),Telangana,State-wide,2026-04-27,4,Harvesting,Bengal Gram (Gram/Chickpea) Is 100% Harvested In Telangana,None,,,1,Minutes of the meeting of CWWG as on 27.04.2026.pdf,0.9,Bengal Gram (Gram/Chickpea) is 100% harvested in Telangana.,rule_based,2.1,1.0,Minutes of the meeting of CWWG as on 27.04.2026_p1_c23,VERIFIED
1314,Bengal Gram (Gram/Chickpea),Karnataka,State-wide,2026-04-27,4,Harvesting,Bengal Gram (Gram/Chickpea) In Karnataka Has 95% Harvested,None,,,1,Minutes of the meeting of CWWG as on 27.04.2026.pdf,0.9,Bengal Gram (Gram/Chickpea) in Karnataka has 95% harvested.,rule_based,2.1,1.0,Minutes of the meeting of CWWG as on 27.04.2026_p1_c24,VERIFIED
1315,Bengal Gram (Gram/Chickpea),Madhya Pradesh,State-wide,2026-04-27,4,Harvesting,Bengal Gram (Gram/Chickpea) In Madhya Pradesh Has 90% Harvested,None,,,1,Minutes of the meeting of CWWG as on 27.04.2026.pdf,0.9,Bengal Gram (Gram/Chickpea) in Madhya Pradesh has 90% harvested.,rule_based,2.1,1.0,Minutes of the meeting of CWWG as on 27.04.2026_p1_c25,VERIFIED
1316,Bengal Gram (Gram/Chickpea),Uttar Pradesh,State-wide,2026-04-27,4,Harvesting,Bengal Gram (Gram/Chickpea) In Uttar Pradesh Has 98% Harvested,None,,,1,Minutes of the meeting of CWWG as on 27.04.2026.pdf,0.9,Bengal Gram (Gram/Chickpea) in Uttar Pradesh has 98% harvested.,rule_based,2.1,1.0,Minutes of the meeting of CWWG as on 27.04.2026_p1_c26,VERIFIED
1317,Lentil (Masur),West Bengal,State-wide,2026-04-27,4,Harvesting,Lentil (Masur) Is 100% Harvested In West Bengal,None,,,1,Minutes of the meeting of CWWG as on 27.04.2026.pdf,0.9,Lentil (Masur) is 100% harvested in West Bengal.,rule_based,2.1,1.0,Minutes of the meeting of CWWG as on 27.04.2026_p1_c27,VERIFIED
1318,Lentil (Masur),Uttar Pradesh,State-wide,2026-04-27,4,Harvesting,Lentil (Masur) Is 100% Harvested In Uttar Pradesh,None,,,1,Minutes of the meeting of CWWG as on 27.04.2026.pdf,0.9,Lentil (Masur) is 100% harvested in Uttar Pradesh.,rule_based,2.1,1.0,Minutes of the meeting of CWWG as on 27.04.2026_p1_c28,VERIFIED
1319,Lentil (Masur),Chhattisgarh,State-wide,2026-04-27,4,Harvesting,Lentil (Masur) Is 100% Harvested In Chhattisgarh,None,,,1,Minutes of the meeting of CWWG as on 27.04.2026.pdf,0.9,Lentil (Masur) is 100% harvested in Chhattisgarh.,rule_based,2.1,1.0,Minutes of the meeting of CWWG as on 27.04.2026_p1_c29,VERIFIED
1320,Lentil (Masur),Assam,State-wide,2026-04-27,4,Harvesting,Lentil (Masur) Is 100% Harvested In Assam,None,,,1,Minutes of the meeting of CWWG as on 27.04.2026.pdf,0.9,Lentil (Masur) is 100% harvested in Assam.,rule_based,2.1,1.0,Minutes of the meeting of CWWG as on 27.04.2026_p1_c30,VERIFIED
1321,Lentil (Masur),Madhya Pradesh,State-wide,2026-04-27,4,Harvesting,Lentil (Masur) In Madhya Pradesh Has 95% Harvested,None,,,1,Minutes of the meeting of CWWG as on 27.04.2026.pdf,0.9,Lentil (Masur) in Madhya Pradesh has 95% harvested.,rule_based,2.1,1.0,Minutes of the meeting of CWWG as on 27.04.2026_p1_c31,VERIFIED
1322,Lentil (Masur),Bihar,State-wide,2026-04-27,4,Harvesting,Lentil (Masur) In Bihar Has 75% Harvested,None,,,1,Minutes of the meeting of CWWG as on 27.04.2026.pdf,0.9,Lentil (Masur) in Bihar has 75% harvested.,rule_based,2.1,1.0,Minutes of the meeting of CWWG as on 27.04.2026_p1_c32,VERIFIED
1323,Lentil (Masur),Andhra Pradesh,State-wide,2026-04-27,4,Harvesting,Lentil (Masur) Is 100% Harvested In Andhra Pradesh,None,,,1,Minutes of the meeting of CWWG as on 27.04.2026.pdf,0.9,Lentil (Masur) is 100% harvested in Andhra Pradesh.,rule_based,2.1,1.0,Minutes of the meeting of CWWG as on 27.04.2026_p1_c33,VERIFIED
1324,Lentil (Masur),Tamil Nadu,State-wide,2026-04-27,4,Harvesting,Lentil (Masur) Is 100% Harvested In Tamil Nadu,None,,,1,Minutes of the meeting of CWWG as on 27.04.2026.pdf,0.9,Lentil (Masur) is 100% harvested in Tamil Nadu.,rule_based,2.1,1.0,Minutes of the meeting of CWWG as on 27.04.2026_p1_c34,VERIFIED
1325,Lentil (Masur),Chhattisgarh,State-wide,2026-04-27,4,Harvesting,Lentil (Masur) In Chhattisgarh Has 40% Harvested,None,,,1,Minutes of the meeting of CWWG as on 27.04.2026.pdf,0.9,Lentil (Masur) in Chhattisgarh has 40% harvested.,rule_based,2.1,1.0,Minutes of the meeting of CWWG as on 27.04.2026_p1_c35,VERIFIED
1326,Green Gram (Moong),Andhra Pradesh,State-wide,2026-04-27,4,Harvesting,Green Gram (Moong) Is 100% Harvested In Andhra Pradesh,None,,,1,Minutes of the meeting of CWWG as on 27.04.2026.pdf,0.9,Green Gram (Moong) is 100% harvested in Andhra Pradesh.,rule_based,2.1,1.0,Minutes of the meeting of CWWG as on 27.04.2026_p1_c36,VERIFIED
1327,Green Gram (Moong),Tamil Nadu,State-wide,2026-04-27,4,Harvesting,Green Gram (Moong) Is 100% Harvested In Tamil Nadu,None,,,1,Minutes of the meeting of CWWG as on 27.04.2026.pdf,0.9,Green Gram (Moong) is 100% harvested in Tamil Nadu.,rule_based,2.1,1.0,Minutes of the meeting of CWWG as on 27.04.2026_p1_c37,VERIFIED
1328,Green Gram (Moong),Chhattisgarh,State-wide,2026-04-27,4,Harvesting,Green Gram (Moong) In Chhattisgarh Has 10% Harvested,None,,,1,Minutes of the meeting of CWWG as on 27.04.2026.pdf,0.9,Green Gram (Moong) in Chhattisgarh has 10% harvested.,rule_based,2.1,1.0,Minutes of the meeting of CWWG as on 27.04.2026_p1_c38,VERIFIED
1329,Maize,Chhattisgarh,State-wide,2026-04-27,4,Harvesting,None,None,,,1,Minutes of the meeting of CWWG as on 27.04.2026.pdf,0.9,h Other Pulses $ 16.73 20.57 100.00 Harvesting has been almost completed.,rule_based,2.1,1.0,Minutes of the meeting of CWWG as on 27.04.2026_p1_c39,VERIFIED
1330,Maize,Chhattisgarh,State-wide,2026-04-27,4,Harvesting,None,None,,,1,Minutes of the meeting of CWWG as on 27.04.2026.pdf,0.9,"4 Shri Anna & Coarse cereals 55.33 60.93 92.43 Overall around 82% area has been harvested mainly in Jowar (91%), Maize (73%), Barley (84%), etc has already been harvested.",rule_based,2.1,1.0,Minutes of the meeting of CWWG as on 27.04.2026_p1_c40,VERIFIED
1331,Sorghum (Jowar),Karnataka,State-wide,2026-04-27,4,Harvesting,Sorghum (Jowar) Is 100% Harvested In Karnataka,None,,,1,Minutes of the meeting of CWWG as on 27.04.2026.pdf,0.9,Sorghum (Jowar) is 100% harvested in Karnataka.,rule_based,2.1,1.0,Minutes of the meeting of CWWG as on 27.04.2026_p1_c41,VERIFIED
1332,Sorghum (Jowar),Maharashtra,State-wide,2026-04-27,4,Harvesting,Sorghum (Jowar) Is 100% Harvested In Maharashtra,None,,,1,Minutes of the meeting of CWWG as on 27.04.2026.pdf,0.9,Sorghum (Jowar) is 100% harvested in Maharashtra.,rule_based,2.1,1.0,Minutes of the meeting of CWWG as on 27.04.2026_p1_c42,VERIFIED
1333,Sorghum (Jowar),Tamil Nadu,State-wide,2026-04-27,4,Harvesting,Sorghum (Jowar) Is 100% Harvested In Tamil Nadu,None,,,1,Minutes of the meeting of CWWG as on 27.04.2026.pdf,0.9,Sorghum (Jowar) is 100% harvested in Tamil Nadu.,rule_based,2.1,1.0,Minutes of the meeting of CWWG as on 27.04.2026_p1_c43,VERIFIED
1334,Sorghum (Jowar),Gujarat,State-wide,2026-04-27,4,Harvesting,Sorghum (Jowar) Is 100% Harvested In Gujarat,None,,,1,Minutes of the meeting of CWWG as on 27.04.2026.pdf,0.9,Sorghum (Jowar) is 100% harvested in Gujarat.,rule_based,2.1,1.0,Minutes of the meeting of CWWG as on 27.04.2026_p1_c44,VERIFIED
1335,Sorghum (Jowar),Telangana,State-wide,2026-04-27,4,Harvesting,Sorghum (Jowar) In Telangana Has 65% Harvested,None,,,1,Minutes of the meeting of CWWG as on 27.04.2026.pdf,0.9,Sorghum (Jowar) in Telangana has 65% harvested.,rule_based,2.1,1.0,Minutes of the meeting of CWWG as on 27.04.2026_p1_c45,VERIFIED
1336,Sorghum (Jowar),Andhra Pradesh,State-wide,2026-04-27,4,Harvesting,Sorghum (Jowar) In Andhra Pradesh Has 45% Harvested,None,,,1,Minutes of the meeting of CWWG as on 27.04.2026.pdf,0.9,Sorghum (Jowar) in Andhra Pradesh has 45% harvested.,rule_based,2.1,1.0,Minutes of the meeting of CWWG as on 27.04.2026_p1_c46,VERIFIED
1337,Maize,Maharashtra,State-wide,2026-04-27,4,Harvesting,Maize Is 100% Harvested In Maharashtra,None,,,1,Minutes of the meeting of CWWG as on 27.04.2026.pdf,0.9,Maize is 100% harvested in Maharashtra.,rule_based,2.1,1.0,Minutes of the meeting of CWWG as on 27.04.2026_p1_c47,VERIFIED
1338,Maize,Gujarat,State-wide,2026-04-27,4,Harvesting,Maize Is 100% Harvested In Gujarat,None,,,1,Minutes of the meeting of CWWG as on 27.04.2026.pdf,0.9,Maize is 100% harvested in Gujarat.,rule_based,2.1,1.0,Minutes of the meeting of CWWG as on 27.04.2026_p1_c48,VERIFIED
1339,Maize,Telangana,State-wide,2026-04-27,4,Harvesting,Maize Is 100% Harvested In Telangana,None,,,1,Minutes of the meeting of CWWG as on 27.04.2026.pdf,0.9,Maize is 100% harvested in Telangana.,rule_based,2.1,1.0,Minutes of the meeting of CWWG as on 27.04.2026_p1_c49,VERIFIED
1340,Maize,Andhra Pradesh,State-wide,2026-04-27,4,Harvesting,Maize In Andhra Pradesh Has 59% Harvested,None,,,1,Minutes of the meeting of CWWG as on 27.04.2026.pdf,0.9,Maize in Andhra Pradesh has 59% harvested.,rule_based,2.1,1.0,Minutes of the meeting of CWWG as on 27.04.2026_p1_c50,VERIFIED
1341,Maize,Bihar,State-wide,2026-04-27,4,Harvesting,Maize In Bihar Has 85% Harvested,None,,,1,Minutes of the meeting of CWWG as on 27.04.2026.pdf,0.9,Maize in Bihar has 85% harvested.,rule_based,2.1,1.0,Minutes of the meeting of CWWG as on 27.04.2026_p1_c51,VERIFIED
1342,Maize,Chhattisgarh,State-wide,2026-04-27,4,Harvesting,Maize In Chhattisgarh Has 89% Harvested,None,,,1,Minutes of the meeting of CWWG as on 27.04.2026.pdf,0.9,Maize in Chhattisgarh has 89% harvested.,rule_based,2.1,1.0,Minutes of the meeting of CWWG as on 27.04.2026_p1_c52,VERIFIED
1343,Maize,Karnataka,State-wide,2026-04-27,4,Harvesting,Maize In Karnataka Has 95% Harvested,None,,,1,Minutes of the meeting of CWWG as on 27.04.2026.pdf,0.9,Maize in Karnataka has 95% harvested.,rule_based,2.1,1.0,Minutes of the meeting of CWWG as on 27.04.2026_p1_c53,VERIFIED
1344,Maize,Rajasthan,State-wide,2026-04-27,4,Harvesting,Maize Is 100% Harvested In Rajasthan,None,,,1,Minutes of the meeting of CWWG as on 27.04.2026.pdf,0.9,Maize is 100% harvested in Rajasthan.,rule_based,2.1,1.0,Minutes of the meeting of CWWG as on 27.04.2026_p1_c55,VERIFIED
1345,Maize,Madhya Pradesh,State-wide,2026-04-27,4,Harvesting,Maize Is 100% Harvested In Madhya Pradesh,None,,,1,Minutes of the meeting of CWWG as on 27.04.2026.pdf,0.9,Maize is 100% harvested in Madhya Pradesh.,rule_based,2.1,1.0,Minutes of the meeting of CWWG as on 27.04.2026_p1_c56,VERIFIED
1346,Maize,Bihar,State-wide,2026-04-27,4,Harvesting,Maize In Bihar Has 82% Harvested,None,,,1,Minutes of the meeting of CWWG as on 27.04.2026.pdf,0.9,Maize in Bihar has 82% harvested.,rule_based,2.1,1.0,Minutes of the meeting of CWWG as on 27.04.2026_p1_c57,VERIFIED
1347,Maize,Chhattisgarh,State-wide,2026-04-27,4,Harvesting,Maize In Chhattisgarh Has 67% Harvested,None,,,1,Minutes of the meeting of CWWG as on 27.04.2026.pdf,0.9,Maize in Chhattisgarh has 67% harvested.,rule_based,2.1,1.0,Minutes of the meeting of CWWG as on 27.04.2026_p1_c58,VERIFIED
1348,Maize,Uttar Pradesh,State-wide,2026-04-27,4,Harvesting,Maize In Uttar Pradesh Has 92% Harvested,None,,,1,Minutes of the meeting of CWWG as on 27.04.2026.pdf,0.9,Maize in Uttar Pradesh has 92% harvested.,rule_based,2.1,1.0,Minutes of the meeting of CWWG as on 27.04.2026_p1_c59,VERIFIED
1349,Groundnut,Uttar Pradesh,State-wide,2026-04-27,4,Harvesting,None,None,,,1,Minutes of the meeting of CWWG as on 27.04.2026.pdf,0.9,"5 Oilseeds 86.78 97.19 99.50 Overall around 98% area has been harvested mainly in Rapeseed & Mustard (100%), Groundnut (45%), Safflower (83%), Sunflower (89%), Linseed (99%), etc has already been harvested.",rule_based,2.1,1.0,Minutes of the meeting of CWWG as on 27.04.2026_p1_c60,VERIFIED
1350,Groundnut,Uttar Pradesh,State-wide,2026-04-27,4,Harvesting,None,None,,,1,Minutes of the meeting of CWWG as on 27.04.2026.pdf,0.9,a Rapeseed & Mustard 79.17 89.36 100.00 100% harvested in all states.,rule_based,2.1,1.0,Minutes of the meeting of CWWG as on 27.04.2026_p1_c61,VERIFIED
1351,Groundnut,Bihar,State-wide,2026-04-27,4,Harvesting,Groundnut Is 100% Harvested In Bihar,None,,,1,Minutes of the meeting of CWWG as on 27.04.2026.pdf,0.9,Groundnut is 100% harvested in Bihar.,rule_based,2.1,1.0,Minutes of the meeting of CWWG as on 27.04.2026_p1_c62,VERIFIED
1352,Groundnut,Tamil Nadu,State-wide,2026-04-27,4,Harvesting,Groundnut In Tamil Nadu Has 75% Harvested,None,,,1,Minutes of the meeting of CWWG as on 27.04.2026.pdf,0.9,Groundnut in Tamil Nadu has 75% harvested.,rule_based,2.1,1.0,Minutes of the meeting of CWWG as on 27.04.2026_p1_c63,VERIFIED
1353,Groundnut,Andhra Pradesh,State-wide,2026-04-27,4,Harvesting,Groundnut In Andhra Pradesh Has 90% Harvested,None,,,1,Minutes of the meeting of CWWG as on 27.04.2026.pdf,0.9,Groundnut in Andhra Pradesh has 90% harvested.,rule_based,2.1,1.0,Minutes of the meeting of CWWG as on 27.04.2026_p1_c64,VERIFIED
1354,Groundnut,Karnataka,State-wide,2026-04-27,4,Harvesting,Groundnut In Karnataka Has 90% Harvested,None,,,1,Minutes of the meeting of CWWG as on 27.04.2026.pdf,0.9,Groundnut in Karnataka has 90% harvested.,rule_based,2.1,1.0,Minutes of the meeting of CWWG as on 27.04.2026_p1_c65,VERIFIED
1355,Groundnut,Karnataka,State-wide,2026-04-27,4,Harvesting,None,None,,,1,Minutes of the meeting of CWWG as on 27.04.2026.pdf,0.9,already been harvested. ---- ---------------- -------- -------- -------- -----------------------------------------------------------------------------------------------------------------------------------------------------------------------------------------,rule_based,2.1,1.0,Minutes of the meeting of CWWG as on 27.04.2026_p1_c66,VERIFIED
1356,Groundnut,Telangana,State-wide,2026-04-27,4,Harvesting,Groundnut Is 100% Harvested In Telangana,None,,,1,Minutes of the meeting of CWWG as on 27.04.2026.pdf,0.9,Groundnut is 100% harvested in Telangana.,rule_based,2.1,1.0,Minutes of the meeting of CWWG as on 27.04.2026_p1_c67,VERIFIED
1357,Sunflower,Karnataka,State-wide,2026-04-27,4,Harvesting,Sunflower Is 100% Harvested In Karnataka,None,,,1,Minutes of the meeting of CWWG as on 27.04.2026.pdf,0.9,Sunflower is 100% harvested in Karnataka.,rule_based,2.1,1.0,Minutes of the meeting of CWWG as on 27.04.2026_p1_c68,VERIFIED
1358,Sunflower,West Bengal,State-wide,2026-04-27,4,Harvesting,Sunflower Is 100% Harvested In West Bengal,None,,,1,Minutes of the meeting of CWWG as on 27.04.2026.pdf,0.9,Sunflower is 100% harvested in West Bengal.,rule_based,2.1,1.0,Minutes of the meeting of CWWG as on 27.04.2026_p1_c69,VERIFIED
1359,Sunflower,Bihar,State-wide,2026-04-27,4,Harvesting,Sunflower Is 100% Harvested In Bihar,None,,,1,Minutes of the meeting of CWWG as on 27.04.2026.pdf,0.9,Sunflower is 100% harvested in Bihar.,rule_based,2.1,1.0,Minutes of the meeting of CWWG as on 27.04.2026_p1_c70,VERIFIED
1360,Sunflower,Jharkhand,State-wide,2026-04-27,4,Harvesting,Sunflower Is 100% Harvested In Jharkhand,None,,,1,Minutes of the meeting of CWWG as on 27.04.2026.pdf,0.9,Sunflower is 100% harvested in Jharkhand.,rule_based,2.1,1.0,Minutes of the meeting of CWWG as on 27.04.2026_p1_c71,VERIFIED
1361,Sunflower,Andhra Pradesh,State-wide,2026-04-27,4,Harvesting,Sunflower In Andhra Pradesh Has 95% Harvested,None,,,1,Minutes of the meeting of CWWG as on 27.04.2026.pdf,0.9,Sunflower in Andhra Pradesh has 95% harvested.,rule_based,2.1,1.0,Minutes of the meeting of CWWG as on 27.04.2026_p1_c72,VERIFIED
1362,Sesame (Sesamum),Odisha,State-wide,2026-04-27,4,Harvesting,Sesame (Sesamum) Is 100% Harvested In Odisha,None,,,1,Minutes of the meeting of CWWG as on 27.04.2026.pdf,0.9,Sesame (Sesamum) is 100% harvested in Odisha.,rule_based,2.1,1.0,Minutes of the meeting of CWWG as on 27.04.2026_p1_c73,VERIFIED
1363,Sesame (Sesamum),Karnataka,State-wide,2026-04-27,4,Harvesting,Sesame (Sesamum) Is 100% Harvested In Karnataka,None,,,1,Minutes of the meeting of CWWG as on 27.04.2026.pdf,0.9,Sesame (Sesamum) is 100% harvested in Karnataka.,rule_based,2.1,1.0,Minutes of the meeting of CWWG as on 27.04.2026_p1_c74,VERIFIED
1364,Sesame (Sesamum),West Bengal,State-wide,2026-04-27,4,Harvesting,Sesame (Sesamum) Is 100% Harvested In West Bengal,None,,,1,Minutes of the meeting of CWWG as on 27.04.2026.pdf,0.9,Sesame (Sesamum) is 100% harvested in West Bengal.,rule_based,2.1,1.0,Minutes of the meeting of CWWG as on 27.04.2026_p1_c75,VERIFIED
1365,Sesame (Sesamum),Madhya Pradesh,State-wide,2026-04-27,4,Harvesting,Sesame (Sesamum) Is 100% Harvested In Madhya Pradesh,None,,,1,Minutes of the meeting of CWWG as on 27.04.2026.pdf,0.9,Sesame (Sesamum) is 100% harvested in Madhya Pradesh.,rule_based,2.1,1.0,Minutes of the meeting of CWWG as on 27.04.2026_p1_c76,VERIFIED
1366,Sesame (Sesamum),Chhattisgarh,State-wide,2026-04-27,4,Harvesting,Sesame (Sesamum) Is 100% Harvested In Chhattisgarh,None,,,1,Minutes of the meeting of CWWG as on 27.04.2026.pdf,0.9,Sesame (Sesamum) is 100% harvested in Chhattisgarh.,rule_based,2.1,1.0,Minutes of the meeting of CWWG as on 27.04.2026_p1_c77,VERIFIED
1367,Sesame (Sesamum),Meghalaya,State-wide,2026-04-27,4,Harvesting,Sesame (Sesamum) Is 100% Harvested In Meghalaya,None,,,1,Minutes of the meeting of CWWG as on 27.04.2026.pdf,0.9,Sesame (Sesamum) is 100% harvested in Meghalaya.,rule_based,2.1,1.0,Minutes of the meeting of CWWG as on 27.04.2026_p1_c78,VERIFIED
1368,Sesame (Sesamum),Andhra Pradesh,State-wide,2026-04-27,4,Harvesting,Sesame (Sesamum) In Andhra Pradesh Has 20% Harvested,None,,,1,Minutes of the meeting of CWWG as on 27.04.2026.pdf,0.9,Sesame (Sesamum) in Andhra Pradesh has 20% harvested.,rule_based,2.1,1.0,Minutes of the meeting of CWWG as on 27.04.2026_p1_c79,VERIFIED
1369,Sesame (Sesamum),Tamil Nadu,State-wide,2026-04-27,4,Harvesting,Sesame (Sesamum) In Tamil Nadu Has 60% Harvested,None,,,1,Minutes of the meeting of CWWG as on 27.04.2026.pdf,0.9,Sesame (Sesamum) in Tamil Nadu has 60% harvested.,rule_based,2.1,1.0,Minutes of the meeting of CWWG as on 27.04.2026_p1_c80,VERIFIED
1370,Sesame (Sesamum),Telangana,State-wide,2026-04-27,4,Harvesting,Sesame (Sesamum) In Telangana Has 80% Harvested,None,,,1,Minutes of the meeting of CWWG as on 27.04.2026.pdf,0.9,Sesame (Sesamum) in Telangana has 80% harvested.,rule_based,2.1,1.0,Minutes of the meeting of CWWG as on 27.04.2026_p1_c81,VERIFIED
1371,Sesame (Sesamum),Bihar,State-wide,2026-04-27,4,Harvesting,Sesame (Sesamum) Is 100% Harvested In Bihar,None,,,1,Minutes of the meeting of CWWG as on 27.04.2026.pdf,0.9,Sesame (Sesamum) is 100% harvested in Bihar.,rule_based,2.1,1.0,Minutes of the meeting of CWWG as on 27.04.2026_p1_c82,VERIFIED
1372,Oilseeds,Bihar,State-wide,2026-04-27,4,Harvesting,None,None,,,1,Minutes of the meeting of CWWG as on 27.04.2026.pdf,0.9,"g Other Oilseeds 0.00 0.40 99.11 Harvesting is going on in afull swing. Total Crops 637.81 680.18 92.62 Source: Crops Division, DoA&amp;FW.",rule_based,2.1,1.0,Minutes of the meeting of CWWG as on 27.04.2026_p1_c83,VERIFIED
1175,Rice,All India,State-wide,2026-04-20,4,Sowing,None,None,,,1,Minutes of the meeting of CWWG as on 20.04.2026.pdf,0.9," As on April 17, 2026, the area sown under summer crops is 69.06 lakh ha as compared to 66.14 lakh ha during the corresponding period of last year. Of this, area of 30.64 lakh ha has been sown under Rice this year.
-",rule_based,2.1,1.0,Minutes of the meeting of CWWG as on 20.04.2026_p1_c1,VERIFIED
1176,Rice,All India,State-wide,2026-04-20,4,Harvesting,"As On 17.04.2026, 81.69% Of Area Has Been Harvested For Rabi Crops All Over India. Approximately 97% Area  Of  Pulses  Mainly  In  Gram  (98%),  Urdbean  (98%)  &Amp;  Moong  (82%);  98.41%  Area  Of  Oilseeds Majorly  In  Rapeseed  &Amp; Mustard  (100%); 81.58%  Area Of  Shri  Anna Cum  Coarse Cereals  Majorly In Jowar  (91.44%),  47.89%  Area  Of  Rice  And  75.00%  Area  Of  Wheat  Has  Been  Harvested  For  Rabi  Crops 2025-26",None,,,1,Minutes of the meeting of CWWG as on 20.04.2026.pdf,0.9,"As on 17.04.2026, 81.69% of area has been harvested for Rabi crops all over India. Approximately 97% area of Pulses mainly in Gram (98%), Urdbean (98%) &amp; Moong (82%); 98.41% area of Oilseeds majorly in Rapeseed &amp; Mustard (100%); 81.58% area of Shri Anna cum Coarse Cereals majorly in Jowar (91.44%), 47.89% area of Rice and 75.00% area of Wheat has been harvested for rabi crops 2025-26.",rule_based,2.1,1.0,Minutes of the meeting of CWWG as on 20.04.2026_p1_c2,VERIFIED
1177,Crop,Rajasthan,State-wide,2026-04-20,4,Active Growth,"Low Probability Of Heatwave Conditions Likely During Some Days Of Week 2 Over Central &Amp; Adjoining South  Peninsular  Parts  Of  The  Country  (Madhya  Pradesh,  East  Rajasthan,  Southern  Parts  Of  Uttar Pradesh,  Chhattisgarh,  Jharkhand,  &Amp;  Vidarbha).  Appreciably  Above  Normal  (+3.1  To  +5.0°C) Maximum  Temperatures  Are  Likely  Over  Some  Parts  Of  Jammu  &Amp;  Kashmir,  And  Above-Normal Maximum Temperatures (+1.6 To +3.0°C) Are Likely Over Most Parts Of Northwest &Amp; Central India, And Many Parts  Of  The  East  &Amp;  Northeast,  And  The  West  Coast  Of  India.  Near-Normal  Weekly  Maximum Temperatures Are Likely In Isolated Places Over The Rest Of The Country",None,,,1,Minutes of the meeting of CWWG as on 20.04.2026.pdf,0.9," Low Probability of Heatwave conditions likely during some days of week 2 over central &amp; adjoining south peninsular parts of the country (Madhya Pradesh, East Rajasthan, southern parts of Uttar Pradesh, Chhattisgarh, Jharkhand, &amp; Vidarbha). Appreciably above normal (+3.1 to +5.0°C) maximum temperatures are likely over some parts of Jammu &amp; Kashmir, and above-normal maximum temperatures (+1.6 to +3.0°C) are likely over most parts of Northwest &amp; Central India, and many parts of the East &amp; Northeast, and the West coast of India. Near-normal weekly maximum temperatures are likely in isolated places over the rest of the country.",rule_based,2.1,1.0,Minutes of the meeting of CWWG as on 20.04.2026_p1_c3,VERIFIED
1178,Oilseeds,Rajasthan,State-wide,2026-04-20,4,Sowing,None,None,,,1,Minutes of the meeting of CWWG as on 20.04.2026.pdf,0.9," Rice : About 30.64 lakh ha area coverage under Summer Rice has been reported as compared to 32.31 lakh ha during the corresponding period of last year.
-
Pulses : About 15.47 lakh ha area coverage has been reported compared to 13.49 lakh ha during the corresponding period of last year.
-
Oilseeds : About 9.14 lakh ha area coverage has been reported compared to 7.65 lakh ha during the corresponding period of last year. Progress of Area coverage under Summer crops as on 17.04.2026 hectare) Progress of Area coverage under Summer crops as on 17.04.2026 hectare) Progress of Area coverage under Summer crops as on 17.04.2026 hectare) Progress of Area coverage under Summer crops as on 17.04.2026 hectare) Progress of Area coverage under Summer crops as on 17.04.2026 hectare) Progress of Area coverage under Summer crops as on 17.04.2026 hectare) Progress of Area coverage under Summer crops as on 17.04.2026 hectare) -------------------------------------------------------------------------- -------------------------------------------------------------------------- -------------------------------------------------------------------------- -------------------------------------------------------------------------- -------------------------------------------------------------------------- -------------------------------------------------------------------------- -------------------------------------------------------------------------- Sl. No. Crops Normal Summer Area (DES)* Final Summer Area 2025 Area Sown Area Sown (In lakh Increase/ Decrease over corresponding period of Last year Sl. No. Crops Normal Summer Area (DES)* Final Summer Area 2025 Current Year (2026) Corresponding period of Last Year (2025) (In lakh Increase/ Decrease over corresponding period of Last year 1 Rice 31.49 33.28 30.64 32.31 1.66 2 Pulses 23.40 27.07 15.47 13.49 1.99 a Greengram 20.44 23.49 11.73 10.69 1.04 b Blackgram 2.96 3.58 3.45 2.61 0.83 c Other Pulses 0.00 0.30 0.18 0.11 3 Shree Anna cum Coarse Cereals 12.08 14.06 13.81 12.70 1.10 a Jowar 0.34 0.36 0.37 0.36 0.01 b Bajra 4.43 5.20 4.74 4.30 0.43 c Ragi 0.31 0.21 0.16 0.05 d Small Millets 0.02 0.03 0.03 0.00 e Maize 6.98 8.50 8.46 7.85 0.61 4 Oilseeds 8.40 9.51 9.14 7.65 1.49 a Groundnut 3.40 4.20 5.51 4.20 1.31 b Sunflower 0.34 0.35 0.39 0.35 0.04 c Sesamum 4.66 4.96 3.18 3.03 0.15 d Other Oilseeds 0.00 0.06 0.06 0.01 Total Total 75.37 83.92 69.06 66.14 2.92 Source: Crops Division, DoA&amp;FW, MoA&amp;FW",rule_based,2.1,1.0,Minutes of the meeting of CWWG as on 20.04.2026_p1_c4,VERIFIED
1179,Wheat,Rajasthan,State-wide,2026-04-20,4,Active Growth,None,None,,,1,Minutes of the meeting of CWWG as on 20.04.2026.pdf,0.7,---------- ---------------------------- --------------------- --------------------------------- -------------------- --------------------------------------------------------------------------------------------------------------------------------------------------------------------------------------------,rule_based,2.1,1.0,Minutes of the meeting of CWWG as on 20.04.2026_p1_c5,VERIFIED
1180,Wheat,Punjab,State-wide,2026-04-20,4,Harvesting,Wheat In Punjab Has 30% Harvested,None,,,1,Minutes of the meeting of CWWG as on 20.04.2026.pdf,0.9,Wheat in Punjab has 30% harvested.,rule_based,2.1,1.0,Minutes of the meeting of CWWG as on 20.04.2026_p1_c6,VERIFIED
1181,Wheat,Haryana,State-wide,2026-04-20,4,Harvesting,Wheat In Haryana Has 65% Harvested,None,,,1,Minutes of the meeting of CWWG as on 20.04.2026.pdf,0.9,Wheat in Haryana has 65% harvested.,rule_based,2.1,1.0,Minutes of the meeting of CWWG as on 20.04.2026_p1_c7,VERIFIED
1182,Wheat,Uttar Pradesh,State-wide,2026-04-20,4,Harvesting,Wheat In Uttar Pradesh Has 70% Harvested,None,,,1,Minutes of the meeting of CWWG as on 20.04.2026.pdf,0.9,Wheat in Uttar Pradesh has 70% harvested.,rule_based,2.1,1.0,Minutes of the meeting of CWWG as on 20.04.2026_p1_c8,VERIFIED
1183,Wheat,Bihar,State-wide,2026-04-20,4,Harvesting,Wheat In Bihar Has 55% Harvested,None,,,1,Minutes of the meeting of CWWG as on 20.04.2026.pdf,0.9,Wheat in Bihar has 55% harvested.,rule_based,2.1,1.0,Minutes of the meeting of CWWG as on 20.04.2026_p1_c9,VERIFIED
1184,Rice,Tamil Nadu,State-wide,2026-04-20,4,Harvesting,Rice In Tamil Nadu Has 89% Harvested,None,,,1,Minutes of the meeting of CWWG as on 20.04.2026.pdf,0.9,Rice in Tamil Nadu has 89% harvested.,rule_based,2.1,1.0,Minutes of the meeting of CWWG as on 20.04.2026_p1_c10,VERIFIED
1185,Rice,Kerala,State-wide,2026-04-20,4,Harvesting,Rice In Kerala Has 95% Harvested,None,,,1,Minutes of the meeting of CWWG as on 20.04.2026.pdf,0.9,Rice in Kerala has 95% harvested.,rule_based,2.1,1.0,Minutes of the meeting of CWWG as on 20.04.2026_p1_c11,VERIFIED
1186,Rice,Tripura,State-wide,2026-04-20,4,Harvesting,Rice In Tripura Has 60% Harvested,None,,,1,Minutes of the meeting of CWWG as on 20.04.2026.pdf,0.9,Rice in Tripura has 60% harvested.,rule_based,2.1,1.0,Minutes of the meeting of CWWG as on 20.04.2026_p1_c12,VERIFIED
1187,Rice,Andhra Pradesh,State-wide,2026-04-20,4,Harvesting,Rice In Andhra Pradesh Has 45% Harvested,None,,,1,Minutes of the meeting of CWWG as on 20.04.2026.pdf,0.9,Rice in Andhra Pradesh has 45% harvested.,rule_based,2.1,1.0,Minutes of the meeting of CWWG as on 20.04.2026_p1_c13,VERIFIED
1188,Rice,Telangana,State-wide,2026-04-20,4,Harvesting,Rice In Telangana Has 25% Harvested,None,,,1,Minutes of the meeting of CWWG as on 20.04.2026.pdf,0.9,Rice in Telangana has 25% harvested.,rule_based,2.1,1.0,Minutes of the meeting of CWWG as on 20.04.2026_p1_c14,VERIFIED
1189,Green Gram (Moong),Telangana,State-wide,2026-04-20,4,Harvesting,None,None,,,1,Minutes of the meeting of CWWG as on 20.04.2026.pdf,0.9,"3 Pulses 140.42 139.55 97.00 Overall around 97% area has been harvested mainly in Gram (98%), Lentil (94%), Urdbean (98%), Moongbean (82%), etc has already been harvested.",rule_based,2.1,1.0,Minutes of the meeting of CWWG as on 20.04.2026_p1_c15,VERIFIED
1190,Bengal Gram (Gram/Chickpea),Maharashtra,State-wide,2026-04-20,4,Harvesting,Bengal Gram (Gram/Chickpea) Is 100% Harvested In Maharashtra,None,,,1,Minutes of the meeting of CWWG as on 20.04.2026.pdf,0.9,Bengal Gram (Gram/Chickpea) is 100% harvested in Maharashtra.,rule_based,2.1,1.0,Minutes of the meeting of CWWG as on 20.04.2026_p1_c16,VERIFIED
1191,Bengal Gram (Gram/Chickpea),Andhra Pradesh,State-wide,2026-04-20,4,Harvesting,Bengal Gram (Gram/Chickpea) Is 100% Harvested In Andhra Pradesh,None,,,1,Minutes of the meeting of CWWG as on 20.04.2026.pdf,0.9,Bengal Gram (Gram/Chickpea) is 100% harvested in Andhra Pradesh.,rule_based,2.1,1.0,Minutes of the meeting of CWWG as on 20.04.2026_p1_c17,VERIFIED
1192,Bengal Gram (Gram/Chickpea),Gujarat,State-wide,2026-04-20,4,Harvesting,Bengal Gram (Gram/Chickpea) Is 100% Harvested In Gujarat,None,,,1,Minutes of the meeting of CWWG as on 20.04.2026.pdf,0.9,Bengal Gram (Gram/Chickpea) is 100% harvested in Gujarat.,rule_based,2.1,1.0,Minutes of the meeting of CWWG as on 20.04.2026_p1_c18,VERIFIED
1193,Bengal Gram (Gram/Chickpea),Rajasthan,State-wide,2026-04-20,4,Harvesting,Bengal Gram (Gram/Chickpea) Is 100% Harvested In Rajasthan,None,,,1,Minutes of the meeting of CWWG as on 20.04.2026.pdf,0.9,Bengal Gram (Gram/Chickpea) is 100% harvested in Rajasthan.,rule_based,2.1,1.0,Minutes of the meeting of CWWG as on 20.04.2026_p1_c19,VERIFIED
1194,Bengal Gram (Gram/Chickpea),West Bengal,State-wide,2026-04-20,4,Harvesting,Bengal Gram (Gram/Chickpea) Is 100% Harvested In West Bengal,None,,,1,Minutes of the meeting of CWWG as on 20.04.2026.pdf,0.9,Bengal Gram (Gram/Chickpea) is 100% harvested in West Bengal.,rule_based,2.1,1.0,Minutes of the meeting of CWWG as on 20.04.2026_p1_c20,VERIFIED
1195,Bengal Gram (Gram/Chickpea),Chhattisgarh,State-wide,2026-04-20,4,Harvesting,Bengal Gram (Gram/Chickpea) Is 100% Harvested In Chhattisgarh,None,,,1,Minutes of the meeting of CWWG as on 20.04.2026.pdf,0.9,Bengal Gram (Gram/Chickpea) is 100% harvested in Chhattisgarh.,rule_based,2.1,1.0,Minutes of the meeting of CWWG as on 20.04.2026_p1_c21,VERIFIED
1196,Bengal Gram (Gram/Chickpea),Telangana,State-wide,2026-04-20,4,Harvesting,Bengal Gram (Gram/Chickpea) Is 100% Harvested In Telangana,None,,,1,Minutes of the meeting of CWWG as on 20.04.2026.pdf,0.9,Bengal Gram (Gram/Chickpea) is 100% harvested in Telangana.,rule_based,2.1,1.0,Minutes of the meeting of CWWG as on 20.04.2026_p1_c22,VERIFIED
1197,Bengal Gram (Gram/Chickpea),Karnataka,State-wide,2026-04-20,4,Harvesting,Bengal Gram (Gram/Chickpea) In Karnataka Has 95% Harvested,None,,,1,Minutes of the meeting of CWWG as on 20.04.2026.pdf,0.9,Bengal Gram (Gram/Chickpea) in Karnataka has 95% harvested.,rule_based,2.1,1.0,Minutes of the meeting of CWWG as on 20.04.2026_p1_c23,VERIFIED
1198,Bengal Gram (Gram/Chickpea),Madhya Pradesh,State-wide,2026-04-20,4,Harvesting,Bengal Gram (Gram/Chickpea) In Madhya Pradesh Has 90% Harvested,None,,,1,Minutes of the meeting of CWWG as on 20.04.2026.pdf,0.9,Bengal Gram (Gram/Chickpea) in Madhya Pradesh has 90% harvested.,rule_based,2.1,1.0,Minutes of the meeting of CWWG as on 20.04.2026_p1_c24,VERIFIED
1199,Bengal Gram (Gram/Chickpea),Uttar Pradesh,State-wide,2026-04-20,4,Harvesting,Bengal Gram (Gram/Chickpea) In Uttar Pradesh Has 98% Harvested,None,,,1,Minutes of the meeting of CWWG as on 20.04.2026.pdf,0.9,Bengal Gram (Gram/Chickpea) in Uttar Pradesh has 98% harvested.,rule_based,2.1,1.0,Minutes of the meeting of CWWG as on 20.04.2026_p1_c25,VERIFIED
1200,Lentil (Masur),West Bengal,State-wide,2026-04-20,4,Harvesting,Lentil (Masur) Is 100% Harvested In West Bengal,None,,,1,Minutes of the meeting of CWWG as on 20.04.2026.pdf,0.9,Lentil (Masur) is 100% harvested in West Bengal.,rule_based,2.1,1.0,Minutes of the meeting of CWWG as on 20.04.2026_p1_c26,VERIFIED
1201,Lentil (Masur),Uttar Pradesh,State-wide,2026-04-20,4,Harvesting,Lentil (Masur) Is 100% Harvested In Uttar Pradesh,None,,,1,Minutes of the meeting of CWWG as on 20.04.2026.pdf,0.9,Lentil (Masur) is 100% harvested in Uttar Pradesh.,rule_based,2.1,1.0,Minutes of the meeting of CWWG as on 20.04.2026_p1_c27,VERIFIED
1202,Lentil (Masur),Chhattisgarh,State-wide,2026-04-20,4,Harvesting,Lentil (Masur) Is 100% Harvested In Chhattisgarh,None,,,1,Minutes of the meeting of CWWG as on 20.04.2026.pdf,0.9,Lentil (Masur) is 100% harvested in Chhattisgarh.,rule_based,2.1,1.0,Minutes of the meeting of CWWG as on 20.04.2026_p1_c28,VERIFIED
1203,Lentil (Masur),Assam,State-wide,2026-04-20,4,Harvesting,Lentil (Masur) Is 100% Harvested In Assam,None,,,1,Minutes of the meeting of CWWG as on 20.04.2026.pdf,0.9,Lentil (Masur) is 100% harvested in Assam.,rule_based,2.1,1.0,Minutes of the meeting of CWWG as on 20.04.2026_p1_c29,VERIFIED
1204,Lentil (Masur),Madhya Pradesh,State-wide,2026-04-20,4,Harvesting,Lentil (Masur) In Madhya Pradesh Has 95% Harvested,None,,,1,Minutes of the meeting of CWWG as on 20.04.2026.pdf,0.9,Lentil (Masur) in Madhya Pradesh has 95% harvested.,rule_based,2.1,1.0,Minutes of the meeting of CWWG as on 20.04.2026_p1_c30,VERIFIED
1205,Lentil (Masur),Bihar,State-wide,2026-04-20,4,Harvesting,Lentil (Masur) In Bihar Has 75% Harvested,None,,,1,Minutes of the meeting of CWWG as on 20.04.2026.pdf,0.9,Lentil (Masur) in Bihar has 75% harvested.,rule_based,2.1,1.0,Minutes of the meeting of CWWG as on 20.04.2026_p1_c31,VERIFIED
1206,Lentil (Masur),Andhra Pradesh,State-wide,2026-04-20,4,Harvesting,Lentil (Masur) Is 100% Harvested In Andhra Pradesh,None,,,1,Minutes of the meeting of CWWG as on 20.04.2026.pdf,0.9,Lentil (Masur) is 100% harvested in Andhra Pradesh.,rule_based,2.1,1.0,Minutes of the meeting of CWWG as on 20.04.2026_p1_c32,VERIFIED
1207,Lentil (Masur),Tamil Nadu,State-wide,2026-04-20,4,Harvesting,Lentil (Masur) Is 100% Harvested In Tamil Nadu,None,,,1,Minutes of the meeting of CWWG as on 20.04.2026.pdf,0.9,Lentil (Masur) is 100% harvested in Tamil Nadu.,rule_based,2.1,1.0,Minutes of the meeting of CWWG as on 20.04.2026_p1_c33,VERIFIED
1208,Lentil (Masur),Chhattisgarh,State-wide,2026-04-20,4,Harvesting,Lentil (Masur) In Chhattisgarh Has 40% Harvested,None,,,1,Minutes of the meeting of CWWG as on 20.04.2026.pdf,0.9,Lentil (Masur) in Chhattisgarh has 40% harvested.,rule_based,2.1,1.0,Minutes of the meeting of CWWG as on 20.04.2026_p1_c34,VERIFIED
1209,Green Gram (Moong),Andhra Pradesh,State-wide,2026-04-20,4,Harvesting,Green Gram (Moong) Is 100% Harvested In Andhra Pradesh,None,,,1,Minutes of the meeting of CWWG as on 20.04.2026.pdf,0.9,Green Gram (Moong) is 100% harvested in Andhra Pradesh.,rule_based,2.1,1.0,Minutes of the meeting of CWWG as on 20.04.2026_p1_c35,VERIFIED
1210,Green Gram (Moong),Tamil Nadu,State-wide,2026-04-20,4,Harvesting,Green Gram (Moong) Is 100% Harvested In Tamil Nadu,None,,,1,Minutes of the meeting of CWWG as on 20.04.2026.pdf,0.9,Green Gram (Moong) is 100% harvested in Tamil Nadu.,rule_based,2.1,1.0,Minutes of the meeting of CWWG as on 20.04.2026_p1_c36,VERIFIED
1211,Green Gram (Moong),Chhattisgarh,State-wide,2026-04-20,4,Harvesting,Green Gram (Moong) In Chhattisgarh Has 10% Harvested,None,,,1,Minutes of the meeting of CWWG as on 20.04.2026.pdf,0.9,Green Gram (Moong) in Chhattisgarh has 10% harvested.,rule_based,2.1,1.0,Minutes of the meeting of CWWG as on 20.04.2026_p1_c37,VERIFIED
1212,Maize,Chhattisgarh,State-wide,2026-04-20,4,Harvesting,None,None,,,1,Minutes of the meeting of CWWG as on 20.04.2026.pdf,0.9,h Other Pulses $ 16.73 20.57 99.00 Harvesting has been almost completed.,rule_based,2.1,1.0,Minutes of the meeting of CWWG as on 20.04.2026_p1_c38,VERIFIED
1213,Maize,Chhattisgarh,State-wide,2026-04-20,4,Harvesting,None,None,,,1,Minutes of the meeting of CWWG as on 20.04.2026.pdf,0.9,"4 Shri Anna & Coarse cereals 55.33 60.93 81.58 Overall around 82% area has been harvested mainly in Jowar (91%), Maize (73%), Barley (84%), etc has already been harvested.",rule_based,2.1,1.0,Minutes of the meeting of CWWG as on 20.04.2026_p1_c39,VERIFIED
1214,Sorghum (Jowar),Gujarat,State-wide,2026-04-20,4,Harvesting,Sorghum (Jowar) Is 100% Harvested In Gujarat,None,,,1,Minutes of the meeting of CWWG as on 20.04.2026.pdf,0.9,Sorghum (Jowar) is 100% harvested in Gujarat.,rule_based,2.1,1.0,Minutes of the meeting of CWWG as on 20.04.2026_p1_c40,VERIFIED
1215,Sorghum (Jowar),Maharashtra,State-wide,2026-04-20,4,Harvesting,Sorghum (Jowar) In Maharashtra Has 95% Harvested,None,,,1,Minutes of the meeting of CWWG as on 20.04.2026.pdf,0.9,Sorghum (Jowar) in Maharashtra has 95% harvested.,rule_based,2.1,1.0,Minutes of the meeting of CWWG as on 20.04.2026_p1_c41,VERIFIED
1216,Sorghum (Jowar),Karnataka,State-wide,2026-04-20,4,Harvesting,Sorghum (Jowar) In Karnataka Has 97% Harvested,None,,,1,Minutes of the meeting of CWWG as on 20.04.2026.pdf,0.9,Sorghum (Jowar) in Karnataka has 97% harvested.,rule_based,2.1,1.0,Minutes of the meeting of CWWG as on 20.04.2026_p1_c42,VERIFIED
1217,Sorghum (Jowar),Tamil Nadu,State-wide,2026-04-20,4,Harvesting,Sorghum (Jowar) In Tamil Nadu Has 90% Harvested,None,,,1,Minutes of the meeting of CWWG as on 20.04.2026.pdf,0.9,Sorghum (Jowar) in Tamil Nadu has 90% harvested.,rule_based,2.1,1.0,Minutes of the meeting of CWWG as on 20.04.2026_p1_c43,VERIFIED
1218,Sorghum (Jowar),Telangana,State-wide,2026-04-20,4,Harvesting,Sorghum (Jowar) In Telangana Has 40% Harvested,None,,,1,Minutes of the meeting of CWWG as on 20.04.2026.pdf,0.9,Sorghum (Jowar) in Telangana has 40% harvested.,rule_based,2.1,1.0,Minutes of the meeting of CWWG as on 20.04.2026_p1_c44,VERIFIED
1219,Sorghum (Jowar),Andhra Pradesh,State-wide,2026-04-20,4,Harvesting,Sorghum (Jowar) In Andhra Pradesh Has 35% Harvested,None,,,1,Minutes of the meeting of CWWG as on 20.04.2026.pdf,0.9,Sorghum (Jowar) in Andhra Pradesh has 35% harvested.,rule_based,2.1,1.0,Minutes of the meeting of CWWG as on 20.04.2026_p1_c45,VERIFIED
1220,Maize,Telangana,State-wide,2026-04-20,4,Harvesting,Maize In Telangana Has 94% Harvested,None,,,1,Minutes of the meeting of CWWG as on 20.04.2026.pdf,0.9,Maize in Telangana has 94% harvested.,rule_based,2.1,1.0,Minutes of the meeting of CWWG as on 20.04.2026_p1_c46,VERIFIED
1221,Maize,Tamil Nadu,State-wide,2026-04-20,4,Harvesting,Maize In Tamil Nadu Has 97% Harvested,None,,,1,Minutes of the meeting of CWWG as on 20.04.2026.pdf,0.9,Maize in Tamil Nadu has 97% harvested.,rule_based,2.1,1.0,Minutes of the meeting of CWWG as on 20.04.2026_p1_c47,VERIFIED
1222,Maize,Karnataka,State-wide,2026-04-20,4,Harvesting,Maize In Karnataka Has 85% Harvested,None,,,1,Minutes of the meeting of CWWG as on 20.04.2026.pdf,0.9,Maize in Karnataka has 85% harvested.,rule_based,2.1,1.0,Minutes of the meeting of CWWG as on 20.04.2026_p1_c48,VERIFIED
1223,Maize,Maharashtra,State-wide,2026-04-20,4,Harvesting,Maize In Maharashtra Has 98% Harvested,None,,,1,Minutes of the meeting of CWWG as on 20.04.2026.pdf,0.9,Maize in Maharashtra has 98% harvested.,rule_based,2.1,1.0,Minutes of the meeting of CWWG as on 20.04.2026_p1_c49,VERIFIED
1224,Maize,Gujarat,State-wide,2026-04-20,4,Harvesting,Maize In Gujarat Has 85% Harvested,None,,,1,Minutes of the meeting of CWWG as on 20.04.2026.pdf,0.9,Maize in Gujarat has 85% harvested.,rule_based,2.1,1.0,Minutes of the meeting of CWWG as on 20.04.2026_p1_c50,VERIFIED
1225,Maize,Bihar,State-wide,2026-04-20,4,Harvesting,Maize In Bihar Has 53% Harvested,None,,,1,Minutes of the meeting of CWWG as on 20.04.2026.pdf,0.9,Maize in Bihar has 53% harvested.,rule_based,2.1,1.0,Minutes of the meeting of CWWG as on 20.04.2026_p1_c51,VERIFIED
1226,Maize,Andhra Pradesh,State-wide,2026-04-20,4,Harvesting,Maize In Andhra Pradesh Has 43% Harvested,None,,,1,Minutes of the meeting of CWWG as on 20.04.2026.pdf,0.9,Maize in Andhra Pradesh has 43% harvested.,rule_based,2.1,1.0,Minutes of the meeting of CWWG as on 20.04.2026_p1_c52,VERIFIED
1227,Maize,West Bengal,State-wide,2026-04-20,4,Harvesting,Maize In West Bengal Has 60% Harvested,None,,,1,Minutes of the meeting of CWWG as on 20.04.2026.pdf,0.9,Maize in West Bengal has 60% harvested.,rule_based,2.1,1.0,Minutes of the meeting of CWWG as on 20.04.2026_p1_c53,VERIFIED
1228,Maize,Uttar Pradesh,State-wide,2026-04-20,4,Harvesting,Maize In Uttar Pradesh Has 75% Harvested,None,,,1,Minutes of the meeting of CWWG as on 20.04.2026.pdf,0.9,Maize in Uttar Pradesh has 75% harvested.,rule_based,2.1,1.0,Minutes of the meeting of CWWG as on 20.04.2026_p1_c54,VERIFIED
1229,Maize,Maharashtra,State-wide,2026-04-20,4,Harvesting,Maize In Maharashtra Has 95% Harvested,None,,,1,Minutes of the meeting of CWWG as on 20.04.2026.pdf,0.9,Maize in Maharashtra has 95% harvested.,rule_based,2.1,1.0,Minutes of the meeting of CWWG as on 20.04.2026_p1_c55,VERIFIED
1230,Maize,Rajasthan,State-wide,2026-04-20,4,Harvesting,Maize In Rajasthan Has 90% Harvested,None,,,1,Minutes of the meeting of CWWG as on 20.04.2026.pdf,0.9,Maize in Rajasthan has 90% harvested.,rule_based,2.1,1.0,Minutes of the meeting of CWWG as on 20.04.2026_p1_c56,VERIFIED
1231,Maize,Madhya Pradesh,State-wide,2026-04-20,4,Harvesting,Maize In Madhya Pradesh Has 77% Harvested,None,,,1,Minutes of the meeting of CWWG as on 20.04.2026.pdf,0.9,Maize in Madhya Pradesh has 77% harvested.,rule_based,2.1,1.0,Minutes of the meeting of CWWG as on 20.04.2026_p1_c57,VERIFIED
1232,Groundnut,Madhya Pradesh,State-wide,2026-04-20,4,Active Growth,None,None,,,1,Minutes of the meeting of CWWG as on 20.04.2026.pdf,0.7,(Area in lakh ha.),rule_based,2.1,1.0,Minutes of the meeting of CWWG as on 20.04.2026_p1_c58,VERIFIED
1233,Groundnut,Madhya Pradesh,State-wide,2026-04-20,4,Harvesting,None,None,,,1,Minutes of the meeting of CWWG as on 20.04.2026.pdf,0.9,"5 Oilseeds 86.78 97.19 98.41 Overall around 98% area has been harvested mainly in Rapeseed & Mustard (100%), Groundnut (45%), Safflower (83%), Sunflower (89%), Linseed (99%), etc has already been harvested.",rule_based,2.1,1.0,Minutes of the meeting of CWWG as on 20.04.2026_p1_c59,VERIFIED
1234,Groundnut,Madhya Pradesh,State-wide,2026-04-20,4,Harvesting,None,None,,,1,Minutes of the meeting of CWWG as on 20.04.2026.pdf,0.9,----- -------------------- --------- --------- --------- ------------------------------------------------------------------------------------------------------------------------------------------------------------------------------------- a Rapeseed & Mustard 79.17 89.36 100.00 100% harvested in all states.,rule_based,2.1,1.0,Minutes of the meeting of CWWG as on 20.04.2026_p1_c60,VERIFIED
1235,Groundnut,Bihar,State-wide,2026-04-20,4,Harvesting,Groundnut Is 100% Harvested In Bihar,None,,,1,Minutes of the meeting of CWWG as on 20.04.2026.pdf,0.9,Groundnut is 100% harvested in Bihar.,rule_based,2.1,1.0,Minutes of the meeting of CWWG as on 20.04.2026_p1_c61,VERIFIED
1236,Groundnut,Telangana,State-wide,2026-04-20,4,Harvesting,Groundnut Is 100% Harvested In Telangana,None,,,1,Minutes of the meeting of CWWG as on 20.04.2026.pdf,0.9,Groundnut is 100% harvested in Telangana.,rule_based,2.1,1.0,Minutes of the meeting of CWWG as on 20.04.2026_p1_c62,VERIFIED
1237,Groundnut,Tamil Nadu,State-wide,2026-04-20,4,Harvesting,Groundnut In Tamil Nadu Has 64% Harvested,None,,,1,Minutes of the meeting of CWWG as on 20.04.2026.pdf,0.9,Groundnut in Tamil Nadu has 64% harvested.,rule_based,2.1,1.0,Minutes of the meeting of CWWG as on 20.04.2026_p1_c63,VERIFIED
1238,Groundnut,Andhra Pradesh,State-wide,2026-04-20,4,Harvesting,Groundnut In Andhra Pradesh Has 50% Harvested,None,,,1,Minutes of the meeting of CWWG as on 20.04.2026.pdf,0.9,Groundnut in Andhra Pradesh has 50% harvested.,rule_based,2.1,1.0,Minutes of the meeting of CWWG as on 20.04.2026_p1_c64,VERIFIED
1239,Groundnut,Karnataka,State-wide,2026-04-20,4,Harvesting,Groundnut In Karnataka Has 50% Harvested,None,,,1,Minutes of the meeting of CWWG as on 20.04.2026.pdf,0.9,Groundnut in Karnataka has 50% harvested.,rule_based,2.1,1.0,Minutes of the meeting of CWWG as on 20.04.2026_p1_c65,VERIFIED
1240,Groundnut,Karnataka,State-wide,2026-04-20,4,Harvesting,Groundnut Is 100% Harvested In Karnataka,None,,,1,Minutes of the meeting of CWWG as on 20.04.2026.pdf,0.9,Groundnut is 100% harvested in Karnataka.,rule_based,2.1,1.0,Minutes of the meeting of CWWG as on 20.04.2026_p1_c66,VERIFIED
1241,Groundnut,Maharashtra,State-wide,2026-04-20,4,Harvesting,Groundnut Is 100% Harvested In Maharashtra,None,,,1,Minutes of the meeting of CWWG as on 20.04.2026.pdf,0.9,Groundnut is 100% harvested in Maharashtra.,rule_based,2.1,1.0,Minutes of the meeting of CWWG as on 20.04.2026_p1_c67,VERIFIED
1242,Groundnut,Andhra Pradesh,State-wide,2026-04-20,4,Harvesting,Groundnut In Andhra Pradesh Has 70% Harvested,None,,,1,Minutes of the meeting of CWWG as on 20.04.2026.pdf,0.9,Groundnut in Andhra Pradesh has 70% harvested.,rule_based,2.1,1.0,Minutes of the meeting of CWWG as on 20.04.2026_p1_c68,VERIFIED
1243,Groundnut,Telangana,State-wide,2026-04-20,4,Harvesting,Groundnut In Telangana Has 50% Harvested,None,,,1,Minutes of the meeting of CWWG as on 20.04.2026.pdf,0.9,Groundnut in Telangana has 50% harvested.,rule_based,2.1,1.0,Minutes of the meeting of CWWG as on 20.04.2026_p1_c69,VERIFIED
1244,Sunflower,Karnataka,State-wide,2026-04-20,4,Harvesting,Sunflower Is 100% Harvested In Karnataka,None,,,1,Minutes of the meeting of CWWG as on 20.04.2026.pdf,0.9,Sunflower is 100% harvested in Karnataka.,rule_based,2.1,1.0,Minutes of the meeting of CWWG as on 20.04.2026_p1_c70,VERIFIED
1245,Sunflower,Maharashtra,State-wide,2026-04-20,4,Harvesting,Sunflower Is 100% Harvested In Maharashtra,None,,,1,Minutes of the meeting of CWWG as on 20.04.2026.pdf,0.9,Sunflower is 100% harvested in Maharashtra.,rule_based,2.1,1.0,Minutes of the meeting of CWWG as on 20.04.2026_p1_c71,VERIFIED
1246,Sunflower,Tamil Nadu,State-wide,2026-04-20,4,Harvesting,Sunflower Is 100% Harvested In Tamil Nadu,None,,,1,Minutes of the meeting of CWWG as on 20.04.2026.pdf,0.9,Sunflower is 100% harvested in Tamil Nadu.,rule_based,2.1,1.0,Minutes of the meeting of CWWG as on 20.04.2026_p1_c72,VERIFIED
1247,Sunflower,Telangana,State-wide,2026-04-20,4,Harvesting,Sunflower In Telangana Has 70% Harvested,None,,,1,Minutes of the meeting of CWWG as on 20.04.2026.pdf,0.9,Sunflower in Telangana has 70% harvested.,rule_based,2.1,1.0,Minutes of the meeting of CWWG as on 20.04.2026_p1_c73,VERIFIED
1248,Sesame (Sesamum),Odisha,State-wide,2026-04-20,4,Harvesting,Sesame (Sesamum) Is 100% Harvested In Odisha,None,,,1,Minutes of the meeting of CWWG as on 20.04.2026.pdf,0.9,Sesame (Sesamum) is 100% harvested in Odisha.,rule_based,2.1,1.0,Minutes of the meeting of CWWG as on 20.04.2026_p1_c74,VERIFIED
1249,Sesame (Sesamum),Chhattisgarh,State-wide,2026-04-20,4,Harvesting,Sesame (Sesamum) Is 100% Harvested In Chhattisgarh,None,,,1,Minutes of the meeting of CWWG as on 20.04.2026.pdf,0.9,Sesame (Sesamum) is 100% harvested in Chhattisgarh.,rule_based,2.1,1.0,Minutes of the meeting of CWWG as on 20.04.2026_p1_c75,VERIFIED
1250,Sesame (Sesamum),Maharashtra,State-wide,2026-04-20,4,Harvesting,Sesame (Sesamum) In Maharashtra Has 90% Harvested,None,,,1,Minutes of the meeting of CWWG as on 20.04.2026.pdf,0.9,Sesame (Sesamum) in Maharashtra has 90% harvested.,rule_based,2.1,1.0,Minutes of the meeting of CWWG as on 20.04.2026_p1_c76,VERIFIED
1251,Sesame (Sesamum),Tamil Nadu,State-wide,2026-04-20,4,Harvesting,Sesame (Sesamum) In Tamil Nadu Has 40% Harvested,None,,,1,Minutes of the meeting of CWWG as on 20.04.2026.pdf,0.9,Sesame (Sesamum) in Tamil Nadu has 40% harvested.,rule_based,2.1,1.0,Minutes of the meeting of CWWG as on 20.04.2026_p1_c77,VERIFIED
1252,Sesame (Sesamum),Bihar,State-wide,2026-04-20,4,Harvesting,Sesame (Sesamum) Is 100% Harvested In Bihar,None,,,1,Minutes of the meeting of CWWG as on 20.04.2026.pdf,0.9,Sesame (Sesamum) is 100% harvested in Bihar.,rule_based,2.1,1.0,Minutes of the meeting of CWWG as on 20.04.2026_p1_c78,VERIFIED
1253,Oilseeds,Bihar,State-wide,2026-04-20,4,Harvesting,None,None,,,1,Minutes of the meeting of CWWG as on 20.04.2026.pdf,0.9,"g Other Oilseeds 0.00 0.40 95.82 Harvesting is going on in a full swing. Total Crops 637.81 680.18 81.69 Source: Crops Division, DoA&amp;FW.",rule_based,2.1,1.0,Minutes of the meeting of CWWG as on 20.04.2026_p1_c79,VERIFIED
1014,Rice,All India,State-wide,2026-04-13,4,Sowing,None,None,,,1,Minutes of the meeting of CWWG as on 13.04.2026.pdf,0.9," As on April 10, 2026, the area sown under summer crops is 64.10 lakh ha as compared to 63.33 lakh ha during the corresponding period of last year. Of this, area of 30.59 lakh ha has been sown under Rice this year.
-",rule_based,2.1,1.0,Minutes of the meeting of CWWG as on 13.04.2026_p1_c1,VERIFIED
1015,Rice,All India,State-wide,2026-04-13,4,Harvesting,"As On 27.03.2026, 32.26% Of Area Has Been Harvested For Rabi Crops All Over India. Approximately 67% Area  Of  Pulses  Mainly  In  Gram  (66%),  Urdbean  (86%)  &Amp;  Moong  (63%);  71.56%  Area  Of  Oilseeds Majorly In Rapeseed &Amp; Mustard (75.53%); 38.31% Area Of Shri Anna Cum Coarse Cereals Majorly In Jowar (54.47%), 25.57% Area Of Rice And 6.00% Area Of Wheat  Has Been Harvested For Rabi Crops 2025-26",None,,,1,Minutes of the meeting of CWWG as on 13.04.2026.pdf,0.9,"As on 27.03.2026, 32.26% of area has been harvested for Rabi crops all over India. Approximately 67% area of Pulses mainly in Gram (66%), Urdbean (86%) &amp; Moong (63%); 71.56% area of Oilseeds majorly in Rapeseed &amp; Mustard (75.53%); 38.31% area of Shri Anna cum Coarse Cereals majorly in Jowar (54.47%), 25.57% area of Rice and 6.00% area of Wheat has been harvested for Rabi crops 2025-26.",rule_based,2.1,1.0,Minutes of the meeting of CWWG as on 13.04.2026_p1_c2,VERIFIED
1016,Crop,Odisha,State-wide,2026-04-13,4,Active Growth,"Low To Moderate Probability Of Heat Wave Conditions Likely During The Week 2 Over Some Parts Of Odisha, Jharkhand, Bihar, Chhattisgarh, &Amp; North Coastal Andhra Pradesh. Appreciably Above Normal (+3.1 To +5.0°C) Maximum Temperatures Are Likely Over Some Parts Of Odisha, North Coastal Andhra Pradesh, Jharkhand, Bihar, Chhattisgarh, Gangetic West Bengal And East Uttar Pradesh; Normal To Above-Normal  Maximum  Temperatures  ((+1.6  To  +3.0°C)  Are  Likely  Over  Most  Parts  Of  Northwest India,  And  Many  Parts  Of  The  East  &Amp;  Northeast,  South  And  Western  Parts  Of  India.  Below-Normal Weekly Maximum Temperatures Are Likely In Isolated Places Over The Rest Of The Country",None,,,1,Minutes of the meeting of CWWG as on 13.04.2026.pdf,0.9," Low to moderate Probability of Heat Wave conditions likely during the week 2 over some parts of Odisha, Jharkhand, Bihar, Chhattisgarh, &amp; north Coastal Andhra Pradesh. Appreciably above normal (+3.1 to +5.0°C) maximum temperatures are likely over some parts of Odisha, north Coastal Andhra Pradesh, Jharkhand, Bihar, Chhattisgarh, Gangetic West Bengal and East Uttar Pradesh; normal to above-normal maximum temperatures ((+1.6 to +3.0°C) are likely over most parts of Northwest India, and many parts of the East &amp; Northeast, South and Western parts of India. Below-normal weekly maximum temperatures are likely in isolated places over the rest of the country.",rule_based,2.1,1.0,Minutes of the meeting of CWWG as on 13.04.2026_p1_c3,VERIFIED
1017,Oilseeds,Odisha,State-wide,2026-04-13,4,Sowing,None,None,,,1,Minutes of the meeting of CWWG as on 13.04.2026.pdf,0.9," Rice : About 30.59 lakh ha area coverage under Summer Rice has been reported as compared to 32.30 lakh ha during the corresponding period of last year.
-
Pulses : About 11.54 lakh ha area coverage has been reported compared to 10.71 lakh ha during the corresponding period of last year.
-
Oilseeds : About 8.31 lakh ha area coverage has been reported compared to 7.62 lakh ha during the corresponding period of last year. Progress of Area coverage under Summer crops as on 10.04.2026 Progress of Area coverage under Summer crops as on 10.04.2026 Progress of Area coverage under Summer crops as on 10.04.2026 Progress of Area coverage under Summer crops as on 10.04.2026 Progress of Area coverage under Summer crops as on 10.04.2026 Progress of Area coverage under Summer crops as on 10.04.2026 Progress of Area coverage under Summer crops as on 10.04.2026 ----------------------------------------------------------------- ----------------------------------------------------------------- ----------------------------------------------------------------- ----------------------------------------------------------------- ----------------------------------------------------------------- ----------------------------------------------------------------- ----------------------------------------------------------------------------- Sl. No. Normal Summer Area (DES)* Final Summer Area 2025 Area Sown Area Sown (In lakh hectare) Increase/ Decrease over corresponding period of Last year Sl. No. Crops Normal Summer Area (DES)* Final Summer Area 2025 Current Year (2026) Corresponding period of Last Year (2025) (In lakh hectare) Increase/ Decrease over corresponding period of Last year 1 Rice 31.49 33.28 30.59 32.30 1.72 2 Pulses 23.40 27.07 11.54 10.71 0.83 a Greengram 20.44 23.49 8.47 8.15 0.33 b Blackgram 2.96 3.58 2.78 2.38 0.40 c Other Pulses 0.00 0.29 0.18 0.11 3 Shree Anna cum Coarse Cereals 12.08 14.06 13.67 12.70 0.97 a Jowar 0.34 0.36 0.37 0.36 0.01 b Bajra 4.43 5.20 4.60 4.30 0.30 c Ragi 0.31 0.21 0.16 0.05 d Small Millets 0.02 0.03 0.03 0.00 e Maize 6.98 8.50 8.46 7.85 0.61 4 Oilseeds 8.40 9.51 8.31 7.62 0.69 a Groundnut 3.40 4.20 4.77 4.20 0.57 b Sunflower 0.34 0.35 0.39 0.35 0.03 c Sesamum 4.66 4.96 3.09 3.00 0.10 d Other Oilseeds 0.00 0.05 0.06 0.01 Total Total 75.37 83.92 64.10 63.33 0.77 Source: Crop Division, DoA&amp;FW, MoA&amp;FW",rule_based,2.1,1.0,Minutes of the meeting of CWWG as on 13.04.2026_p1_c4,VERIFIED
1018,Wheat,Odisha,State-wide,2026-04-13,4,Active Growth,None,None,,,1,Minutes of the meeting of CWWG as on 13.04.2026.pdf,0.7,(Area in lakh ha.) ---------- ---------------------------- --------------------- -------------------------------- -------------------- ---------------------------------------------------------------------------------------------------------------------------------------------------------------------------------------------------------------------,rule_based,2.1,1.0,Minutes of the meeting of CWWG as on 13.04.2026_p1_c5,VERIFIED
1019,Wheat,Madhya Pradesh,State-wide,2026-04-13,4,Harvesting,Wheat In Madhya Pradesh Has 80% Harvested,None,,,1,Minutes of the meeting of CWWG as on 13.04.2026.pdf,0.9,Wheat in Madhya Pradesh has 80% harvested.,rule_based,2.1,1.0,Minutes of the meeting of CWWG as on 13.04.2026_p1_c6,VERIFIED
1020,Wheat,Punjab,State-wide,2026-04-13,4,Harvesting,Wheat In Punjab Has 10% Harvested,None,,,1,Minutes of the meeting of CWWG as on 13.04.2026.pdf,0.9,Wheat in Punjab has 10% harvested.,rule_based,2.1,1.0,Minutes of the meeting of CWWG as on 13.04.2026_p1_c7,VERIFIED
1021,Wheat,Haryana,State-wide,2026-04-13,4,Harvesting,Wheat In Haryana Has 45% Harvested,None,,,1,Minutes of the meeting of CWWG as on 13.04.2026.pdf,0.9,Wheat in Haryana has 45% harvested.,rule_based,2.1,1.0,Minutes of the meeting of CWWG as on 13.04.2026_p1_c8,VERIFIED
1022,Wheat,Uttar Pradesh,State-wide,2026-04-13,4,Harvesting,Wheat In Uttar Pradesh Has 65% Harvested,None,,,1,Minutes of the meeting of CWWG as on 13.04.2026.pdf,0.9,Wheat in Uttar Pradesh has 65% harvested.,rule_based,2.1,1.0,Minutes of the meeting of CWWG as on 13.04.2026_p1_c9,VERIFIED
1023,Wheat,Bihar,State-wide,2026-04-13,4,Harvesting,Wheat In Bihar Has 40% Harvested,None,,,1,Minutes of the meeting of CWWG as on 13.04.2026.pdf,0.9,Wheat in Bihar has 40% harvested.,rule_based,2.1,1.0,Minutes of the meeting of CWWG as on 13.04.2026_p1_c10,VERIFIED
1024,Rice,Tamil Nadu,State-wide,2026-04-13,4,Harvesting,Rice In Tamil Nadu Has 86% Harvested,None,,,1,Minutes of the meeting of CWWG as on 13.04.2026.pdf,0.9,Rice in Tamil Nadu has 86% harvested.,rule_based,2.1,1.0,Minutes of the meeting of CWWG as on 13.04.2026_p1_c11,VERIFIED
1025,Rice,Kerala,State-wide,2026-04-13,4,Harvesting,Rice In Kerala Has 90% Harvested,None,,,1,Minutes of the meeting of CWWG as on 13.04.2026.pdf,0.9,Rice in Kerala has 90% harvested.,rule_based,2.1,1.0,Minutes of the meeting of CWWG as on 13.04.2026_p1_c12,VERIFIED
1026,Rice,Tripura,State-wide,2026-04-13,4,Harvesting,Rice In Tripura Has 55% Harvested,None,,,1,Minutes of the meeting of CWWG as on 13.04.2026.pdf,0.9,Rice in Tripura has 55% harvested.,rule_based,2.1,1.0,Minutes of the meeting of CWWG as on 13.04.2026_p1_c13,VERIFIED
1027,Rice,Andhra Pradesh,State-wide,2026-04-13,4,Harvesting,Rice In Andhra Pradesh Has 40% Harvested,None,,,1,Minutes of the meeting of CWWG as on 13.04.2026.pdf,0.9,Rice in Andhra Pradesh has 40% harvested.,rule_based,2.1,1.0,Minutes of the meeting of CWWG as on 13.04.2026_p1_c14,VERIFIED
1028,Rice,Telangana,State-wide,2026-04-13,4,Harvesting,Rice In Telangana Has 15% Harvested,None,,,1,Minutes of the meeting of CWWG as on 13.04.2026.pdf,0.9,Rice in Telangana has 15% harvested.,rule_based,2.1,1.0,Minutes of the meeting of CWWG as on 13.04.2026_p1_c15,VERIFIED
1029,Green Gram (Moong),Telangana,State-wide,2026-04-13,4,Harvesting,None,None,,,1,Minutes of the meeting of CWWG as on 13.04.2026.pdf,0.9,"3 Pulses 140.42 139.55 91.00 Overall around 91% area has been harvested mainly in Gram (92%), Lentil (82%), Urdbean (94%), Moongbean (71%), etc has already been harvested.",rule_based,2.1,1.0,Minutes of the meeting of CWWG as on 13.04.2026_p1_c16,VERIFIED
1030,Bengal Gram (Gram/Chickpea),Maharashtra,State-wide,2026-04-13,4,Harvesting,Bengal Gram (Gram/Chickpea) Is 100% Harvested In Maharashtra,None,,,1,Minutes of the meeting of CWWG as on 13.04.2026.pdf,0.9,Bengal Gram (Gram/Chickpea) is 100% harvested in Maharashtra.,rule_based,2.1,1.0,Minutes of the meeting of CWWG as on 13.04.2026_p1_c17,VERIFIED
1031,Bengal Gram (Gram/Chickpea),Andhra Pradesh,State-wide,2026-04-13,4,Harvesting,Bengal Gram (Gram/Chickpea) Is 100% Harvested In Andhra Pradesh,None,,,1,Minutes of the meeting of CWWG as on 13.04.2026.pdf,0.9,Bengal Gram (Gram/Chickpea) is 100% harvested in Andhra Pradesh.,rule_based,2.1,1.0,Minutes of the meeting of CWWG as on 13.04.2026_p1_c18,VERIFIED
1032,Bengal Gram (Gram/Chickpea),Gujarat,State-wide,2026-04-13,4,Harvesting,Bengal Gram (Gram/Chickpea) Is 100% Harvested In Gujarat,None,,,1,Minutes of the meeting of CWWG as on 13.04.2026.pdf,0.9,Bengal Gram (Gram/Chickpea) is 100% harvested in Gujarat.,rule_based,2.1,1.0,Minutes of the meeting of CWWG as on 13.04.2026_p1_c19,VERIFIED
1033,Bengal Gram (Gram/Chickpea),West Bengal,State-wide,2026-04-13,4,Harvesting,Bengal Gram (Gram/Chickpea) Is 100% Harvested In West Bengal,None,,,1,Minutes of the meeting of CWWG as on 13.04.2026.pdf,0.9,Bengal Gram (Gram/Chickpea) is 100% harvested in West Bengal.,rule_based,2.1,1.0,Minutes of the meeting of CWWG as on 13.04.2026_p1_c20,VERIFIED
1034,Bengal Gram (Gram/Chickpea),Chhattisgarh,State-wide,2026-04-13,4,Harvesting,Bengal Gram (Gram/Chickpea) Is 100% Harvested In Chhattisgarh,None,,,1,Minutes of the meeting of CWWG as on 13.04.2026.pdf,0.9,Bengal Gram (Gram/Chickpea) is 100% harvested in Chhattisgarh.,rule_based,2.1,1.0,Minutes of the meeting of CWWG as on 13.04.2026_p1_c21,VERIFIED
1035,Bengal Gram (Gram/Chickpea),Telangana,State-wide,2026-04-13,4,Harvesting,Bengal Gram (Gram/Chickpea) Is 100% Harvested In Telangana,None,,,1,Minutes of the meeting of CWWG as on 13.04.2026.pdf,0.9,Bengal Gram (Gram/Chickpea) is 100% harvested in Telangana.,rule_based,2.1,1.0,Minutes of the meeting of CWWG as on 13.04.2026_p1_c22,VERIFIED
1036,Bengal Gram (Gram/Chickpea),Karnataka,State-wide,2026-04-13,4,Harvesting,Bengal Gram (Gram/Chickpea) In Karnataka Has 85% Harvested,None,,,1,Minutes of the meeting of CWWG as on 13.04.2026.pdf,0.9,Bengal Gram (Gram/Chickpea) in Karnataka has 85% harvested.,rule_based,2.1,1.0,Minutes of the meeting of CWWG as on 13.04.2026_p1_c23,VERIFIED
1037,Bengal Gram (Gram/Chickpea),Madhya Pradesh,State-wide,2026-04-13,4,Harvesting,Bengal Gram (Gram/Chickpea) In Madhya Pradesh Has 70% Harvested,None,,,1,Minutes of the meeting of CWWG as on 13.04.2026.pdf,0.9,Bengal Gram (Gram/Chickpea) in Madhya Pradesh has 70% harvested.,rule_based,2.1,1.0,Minutes of the meeting of CWWG as on 13.04.2026_p1_c24,VERIFIED
1038,Bengal Gram (Gram/Chickpea),Rajasthan,State-wide,2026-04-13,4,Harvesting,Bengal Gram (Gram/Chickpea) In Rajasthan Has 70% Harvested,None,,,1,Minutes of the meeting of CWWG as on 13.04.2026.pdf,0.9,Bengal Gram (Gram/Chickpea) in Rajasthan has 70% harvested.,rule_based,2.1,1.0,Minutes of the meeting of CWWG as on 13.04.2026_p1_c25,VERIFIED
1039,Bengal Gram (Gram/Chickpea),Uttar Pradesh,State-wide,2026-04-13,4,Harvesting,Bengal Gram (Gram/Chickpea) In Uttar Pradesh Has 60% Harvested,None,,,1,Minutes of the meeting of CWWG as on 13.04.2026.pdf,0.9,Bengal Gram (Gram/Chickpea) in Uttar Pradesh has 60% harvested.,rule_based,2.1,1.0,Minutes of the meeting of CWWG as on 13.04.2026_p1_c26,VERIFIED
1040,Lentil (Masur),West Bengal,State-wide,2026-04-13,4,Harvesting,Lentil (Masur) Is 100% Harvested In West Bengal,None,,,1,Minutes of the meeting of CWWG as on 13.04.2026.pdf,0.9,Lentil (Masur) is 100% harvested in West Bengal.,rule_based,2.1,1.0,Minutes of the meeting of CWWG as on 13.04.2026_p1_c27,VERIFIED
1041,Lentil (Masur),Chhattisgarh,State-wide,2026-04-13,4,Harvesting,Lentil (Masur) Is 100% Harvested In Chhattisgarh,None,,,1,Minutes of the meeting of CWWG as on 13.04.2026.pdf,0.9,Lentil (Masur) is 100% harvested in Chhattisgarh.,rule_based,2.1,1.0,Minutes of the meeting of CWWG as on 13.04.2026_p1_c28,VERIFIED
1042,Lentil (Masur),Assam,State-wide,2026-04-13,4,Harvesting,Lentil (Masur) Is 100% Harvested In Assam,None,,,1,Minutes of the meeting of CWWG as on 13.04.2026.pdf,0.9,Lentil (Masur) is 100% harvested in Assam.,rule_based,2.1,1.0,Minutes of the meeting of CWWG as on 13.04.2026_p1_c29,VERIFIED
1043,Lentil (Masur),Uttar Pradesh,State-wide,2026-04-13,4,Harvesting,Lentil (Masur) In Uttar Pradesh Has 60% Harvested,None,,,1,Minutes of the meeting of CWWG as on 13.04.2026.pdf,0.9,Lentil (Masur) in Uttar Pradesh has 60% harvested.,rule_based,2.1,1.0,Minutes of the meeting of CWWG as on 13.04.2026_p1_c30,VERIFIED
1044,Lentil (Masur),Madhya Pradesh,State-wide,2026-04-13,4,Harvesting,Lentil (Masur) In Madhya Pradesh Has 75% Harvested,None,,,1,Minutes of the meeting of CWWG as on 13.04.2026.pdf,0.9,Lentil (Masur) in Madhya Pradesh has 75% harvested.,rule_based,2.1,1.0,Minutes of the meeting of CWWG as on 13.04.2026_p1_c31,VERIFIED
1045,Lentil (Masur),Bihar,State-wide,2026-04-13,4,Harvesting,Lentil (Masur) In Bihar Has 50% Harvested,None,,,1,Minutes of the meeting of CWWG as on 13.04.2026.pdf,0.9,Lentil (Masur) in Bihar has 50% harvested.,rule_based,2.1,1.0,Minutes of the meeting of CWWG as on 13.04.2026_p1_c32,VERIFIED
1046,Lentil (Masur),Tamil Nadu,State-wide,2026-04-13,4,Harvesting,Lentil (Masur) Is 100% Harvested In Tamil Nadu,None,,,1,Minutes of the meeting of CWWG as on 13.04.2026.pdf,0.9,Lentil (Masur) is 100% harvested in Tamil Nadu.,rule_based,2.1,1.0,Minutes of the meeting of CWWG as on 13.04.2026_p1_c33,VERIFIED
1047,Lentil (Masur),Andhra Pradesh,State-wide,2026-04-13,4,Harvesting,Lentil (Masur) In Andhra Pradesh Has 90% Harvested,None,,,1,Minutes of the meeting of CWWG as on 13.04.2026.pdf,0.9,Lentil (Masur) in Andhra Pradesh has 90% harvested.,rule_based,2.1,1.0,Minutes of the meeting of CWWG as on 13.04.2026_p1_c34,VERIFIED
1048,Lentil (Masur),Chhattisgarh,State-wide,2026-04-13,4,Harvesting,Lentil (Masur) In Chhattisgarh Has 40% Harvested,None,,,1,Minutes of the meeting of CWWG as on 13.04.2026.pdf,0.9,Lentil (Masur) in Chhattisgarh has 40% harvested.,rule_based,2.1,1.0,Minutes of the meeting of CWWG as on 13.04.2026_p1_c35,VERIFIED
1049,Green Gram (Moong),Tamil Nadu,State-wide,2026-04-13,4,Harvesting,Green Gram (Moong) In Tamil Nadu Has 90% Harvested,None,,,1,Minutes of the meeting of CWWG as on 13.04.2026.pdf,0.9,Green Gram (Moong) in Tamil Nadu has 90% harvested.,rule_based,2.1,1.0,Minutes of the meeting of CWWG as on 13.04.2026_p1_c36,VERIFIED
1050,Green Gram (Moong),Andhra Pradesh,State-wide,2026-04-13,4,Harvesting,Green Gram (Moong) In Andhra Pradesh Has 85% Harvested,None,,,1,Minutes of the meeting of CWWG as on 13.04.2026.pdf,0.9,Green Gram (Moong) in Andhra Pradesh has 85% harvested.,rule_based,2.1,1.0,Minutes of the meeting of CWWG as on 13.04.2026_p1_c37,VERIFIED
1051,Green Gram (Moong),Chhattisgarh,State-wide,2026-04-13,4,Harvesting,Green Gram (Moong) In Chhattisgarh Has 10% Harvested,None,,,1,Minutes of the meeting of CWWG as on 13.04.2026.pdf,0.9,Green Gram (Moong) in Chhattisgarh has 10% harvested.,rule_based,2.1,1.0,Minutes of the meeting of CWWG as on 13.04.2026_p1_c38,VERIFIED
1052,Maize,Chhattisgarh,State-wide,2026-04-13,4,Harvesting,None,None,,,1,Minutes of the meeting of CWWG as on 13.04.2026.pdf,0.9,h Other Pulses $ 16.73 20.57 95.00 Harvesting is going on in a full swing.,rule_based,2.1,1.0,Minutes of the meeting of CWWG as on 13.04.2026_p1_c39,VERIFIED
1053,Maize,Chhattisgarh,State-wide,2026-04-13,4,Harvesting,None,None,,,1,Minutes of the meeting of CWWG as on 13.04.2026.pdf,0.9,"4 Shri Anna & Coarse cereals 55.33 60.93 71.52 Overall around 72% area has been harvested mainly in Jowar (84%), Maize (64%), Barley (67%), etc has already been harvested.",rule_based,2.1,1.0,Minutes of the meeting of CWWG as on 13.04.2026_p1_c40,VERIFIED
1054,Sorghum (Jowar),Maharashtra,State-wide,2026-04-13,4,Harvesting,Sorghum (Jowar) In Maharashtra Has 85% Harvested,None,,,1,Minutes of the meeting of CWWG as on 13.04.2026.pdf,0.9,Sorghum (Jowar) in Maharashtra has 85% harvested.,rule_based,2.1,1.0,Minutes of the meeting of CWWG as on 13.04.2026_p1_c41,VERIFIED
1055,Sorghum (Jowar),Karnataka,State-wide,2026-04-13,4,Harvesting,Sorghum (Jowar) In Karnataka Has 95% Harvested,None,,,1,Minutes of the meeting of CWWG as on 13.04.2026.pdf,0.9,Sorghum (Jowar) in Karnataka has 95% harvested.,rule_based,2.1,1.0,Minutes of the meeting of CWWG as on 13.04.2026_p1_c42,VERIFIED
1056,Sorghum (Jowar),Tamil Nadu,State-wide,2026-04-13,4,Harvesting,Sorghum (Jowar) In Tamil Nadu Has 90% Harvested,None,,,1,Minutes of the meeting of CWWG as on 13.04.2026.pdf,0.9,Sorghum (Jowar) in Tamil Nadu has 90% harvested.,rule_based,2.1,1.0,Minutes of the meeting of CWWG as on 13.04.2026_p1_c43,VERIFIED
1057,Sorghum (Jowar),Telangana,State-wide,2026-04-13,4,Harvesting,Sorghum (Jowar) In Telangana Has 35% Harvested,None,,,1,Minutes of the meeting of CWWG as on 13.04.2026.pdf,0.9,Sorghum (Jowar) in Telangana has 35% harvested.,rule_based,2.1,1.0,Minutes of the meeting of CWWG as on 13.04.2026_p1_c44,VERIFIED
1058,Sorghum (Jowar),Andhra Pradesh,State-wide,2026-04-13,4,Harvesting,Sorghum (Jowar) In Andhra Pradesh Has 29% Harvested,None,,,1,Minutes of the meeting of CWWG as on 13.04.2026.pdf,0.9,Sorghum (Jowar) in Andhra Pradesh has 29% harvested.,rule_based,2.1,1.0,Minutes of the meeting of CWWG as on 13.04.2026_p1_c45,VERIFIED
1059,Maize,Telangana,State-wide,2026-04-13,4,Harvesting,Maize In Telangana Has 92% Harvested,None,,,1,Minutes of the meeting of CWWG as on 13.04.2026.pdf,0.9,Maize in Telangana has 92% harvested.,rule_based,2.1,1.0,Minutes of the meeting of CWWG as on 13.04.2026_p1_c46,VERIFIED
1060,Maize,Tamil Nadu,State-wide,2026-04-13,4,Harvesting,Maize In Tamil Nadu Has 92% Harvested,None,,,1,Minutes of the meeting of CWWG as on 13.04.2026.pdf,0.9,Maize in Tamil Nadu has 92% harvested.,rule_based,2.1,1.0,Minutes of the meeting of CWWG as on 13.04.2026_p1_c47,VERIFIED
1061,Maize,Karnataka,State-wide,2026-04-13,4,Harvesting,Maize In Karnataka Has 75% Harvested,None,,,1,Minutes of the meeting of CWWG as on 13.04.2026.pdf,0.9,Maize in Karnataka has 75% harvested.,rule_based,2.1,1.0,Minutes of the meeting of CWWG as on 13.04.2026_p1_c48,VERIFIED
1062,Maize,Maharashtra,State-wide,2026-04-13,4,Harvesting,Maize In Maharashtra Has 85% Harvested,None,,,1,Minutes of the meeting of CWWG as on 13.04.2026.pdf,0.9,Maize in Maharashtra has 85% harvested.,rule_based,2.1,1.0,Minutes of the meeting of CWWG as on 13.04.2026_p1_c49,VERIFIED
1063,Maize,Gujarat,State-wide,2026-04-13,4,Harvesting,Maize In Gujarat Has 75% Harvested,None,,,1,Minutes of the meeting of CWWG as on 13.04.2026.pdf,0.9,Maize in Gujarat has 75% harvested.,rule_based,2.1,1.0,Minutes of the meeting of CWWG as on 13.04.2026_p1_c50,VERIFIED
1064,Maize,Bihar,State-wide,2026-04-13,4,Harvesting,Maize In Bihar Has 45% Harvested,None,,,1,Minutes of the meeting of CWWG as on 13.04.2026.pdf,0.9,Maize in Bihar has 45% harvested.,rule_based,2.1,1.0,Minutes of the meeting of CWWG as on 13.04.2026_p1_c51,VERIFIED
1065,Maize,Andhra Pradesh,State-wide,2026-04-13,4,Harvesting,Maize In Andhra Pradesh Has 25% Harvested,None,,,1,Minutes of the meeting of CWWG as on 13.04.2026.pdf,0.9,Maize in Andhra Pradesh has 25% harvested.,rule_based,2.1,1.0,Minutes of the meeting of CWWG as on 13.04.2026_p1_c52,VERIFIED
1066,Maize,West Bengal,State-wide,2026-04-13,4,Harvesting,Maize In West Bengal Has 55% Harvested,None,,,1,Minutes of the meeting of CWWG as on 13.04.2026.pdf,0.9,Maize in West Bengal has 55% harvested.,rule_based,2.1,1.0,Minutes of the meeting of CWWG as on 13.04.2026_p1_c53,VERIFIED
1067,Maize,Uttar Pradesh,State-wide,2026-04-13,4,Harvesting,Maize In Uttar Pradesh Has 55% Harvested,None,,,1,Minutes of the meeting of CWWG as on 13.04.2026.pdf,0.9,Maize in Uttar Pradesh has 55% harvested.,rule_based,2.1,1.0,Minutes of the meeting of CWWG as on 13.04.2026_p1_c54,VERIFIED
1068,Maize,Maharashtra,State-wide,2026-04-13,4,Harvesting,Maize In Maharashtra Has 87% Harvested,None,,,1,Minutes of the meeting of CWWG as on 13.04.2026.pdf,0.9,Maize in Maharashtra has 87% harvested.,rule_based,2.1,1.0,Minutes of the meeting of CWWG as on 13.04.2026_p1_c55,VERIFIED
1069,Maize,Rajasthan,State-wide,2026-04-13,4,Harvesting,Maize In Rajasthan Has 53% Harvested,None,,,1,Minutes of the meeting of CWWG as on 13.04.2026.pdf,0.9,Maize in Rajasthan has 53% harvested.,rule_based,2.1,1.0,Minutes of the meeting of CWWG as on 13.04.2026_p1_c56,VERIFIED
1070,Maize,Madhya Pradesh,State-wide,2026-04-13,4,Harvesting,Maize In Madhya Pradesh Has 49% Harvested,None,,,1,Minutes of the meeting of CWWG as on 13.04.2026.pdf,0.9,Maize in Madhya Pradesh has 49% harvested.,rule_based,2.1,1.0,Minutes of the meeting of CWWG as on 13.04.2026_p1_c57,VERIFIED
1071,Groundnut,Madhya Pradesh,State-wide,2026-04-13,4,Harvesting,None,None,,,1,Minutes of the meeting of CWWG as on 13.04.2026.pdf,0.9,"5 Oilseeds 86.78 97.19 97.63 Overall around 98% area has been harvested mainly in Rapeseed & Mustard (99.99%), Groundnut (45%), Safflower (83%), Sunflower (89%), Linseed (99%), etc has already been harvested.",rule_based,2.1,1.0,Minutes of the meeting of CWWG as on 13.04.2026_p1_c58,VERIFIED
1072,Mustard,Andhra Pradesh,State-wide,2026-04-13,4,Harvesting,Mustard Is 100% Harvested In Andhra Pradesh,None,,,1,Minutes of the meeting of CWWG as on 13.04.2026.pdf,0.9,Mustard is 100% harvested in Andhra Pradesh.,rule_based,2.1,1.0,Minutes of the meeting of CWWG as on 13.04.2026_p1_c59,VERIFIED
1073,Groundnut,Telangana,State-wide,2026-04-13,4,Harvesting,Groundnut In Telangana Has 90% Harvested,None,,,1,Minutes of the meeting of CWWG as on 13.04.2026.pdf,0.9,Groundnut in Telangana has 90% harvested.,rule_based,2.1,1.0,Minutes of the meeting of CWWG as on 13.04.2026_p1_c60,VERIFIED
1074,Groundnut,Tamil Nadu,State-wide,2026-04-13,4,Harvesting,Groundnut In Tamil Nadu Has 55% Harvested,None,,,1,Minutes of the meeting of CWWG as on 13.04.2026.pdf,0.9,Groundnut in Tamil Nadu has 55% harvested.,rule_based,2.1,1.0,Minutes of the meeting of CWWG as on 13.04.2026_p1_c61,VERIFIED
1075,Groundnut,Andhra Pradesh,State-wide,2026-04-13,4,Harvesting,Groundnut In Andhra Pradesh Has 35% Harvested,None,,,1,Minutes of the meeting of CWWG as on 13.04.2026.pdf,0.9,Groundnut in Andhra Pradesh has 35% harvested.,rule_based,2.1,1.0,Minutes of the meeting of CWWG as on 13.04.2026_p1_c62,VERIFIED
1076,Groundnut,Karnataka,State-wide,2026-04-13,4,Harvesting,Groundnut In Karnataka Has 20% Harvested,None,,,1,Minutes of the meeting of CWWG as on 13.04.2026.pdf,0.9,Groundnut in Karnataka has 20% harvested.,rule_based,2.1,1.0,Minutes of the meeting of CWWG as on 13.04.2026_p1_c63,VERIFIED
1077,Groundnut,Karnataka,State-wide,2026-04-13,4,Harvesting,Groundnut In Karnataka Has 92% Harvested,None,,,1,Minutes of the meeting of CWWG as on 13.04.2026.pdf,0.9,Groundnut in Karnataka has 92% harvested.,rule_based,2.1,1.0,Minutes of the meeting of CWWG as on 13.04.2026_p1_c64,VERIFIED
1078,Groundnut,Andhra Pradesh,State-wide,2026-04-13,4,Harvesting,Groundnut In Andhra Pradesh Has 47% Harvested,None,,,1,Minutes of the meeting of CWWG as on 13.04.2026.pdf,0.9,Groundnut in Andhra Pradesh has 47% harvested.,rule_based,2.1,1.0,Minutes of the meeting of CWWG as on 13.04.2026_p1_c65,VERIFIED
1079,Groundnut,Telangana,State-wide,2026-04-13,4,Harvesting,Groundnut In Telangana Has 30% Harvested,None,,,1,Minutes of the meeting of CWWG as on 13.04.2026.pdf,0.9,Groundnut in Telangana has 30% harvested.,rule_based,2.1,1.0,Minutes of the meeting of CWWG as on 13.04.2026_p1_c66,VERIFIED
1080,Sunflower,Karnataka,State-wide,2026-04-13,4,Harvesting,Sunflower Is 100% Harvested In Karnataka,None,,,1,Minutes of the meeting of CWWG as on 13.04.2026.pdf,0.9,Sunflower is 100% harvested in Karnataka.,rule_based,2.1,1.0,Minutes of the meeting of CWWG as on 13.04.2026_p1_c67,VERIFIED
1081,Sunflower,Maharashtra,State-wide,2026-04-13,4,Harvesting,Sunflower In Maharashtra Has 90% Harvested,None,,,1,Minutes of the meeting of CWWG as on 13.04.2026.pdf,0.9,Sunflower in Maharashtra has 90% harvested.,rule_based,2.1,1.0,Minutes of the meeting of CWWG as on 13.04.2026_p1_c68,VERIFIED
1082,Sunflower,Tamil Nadu,State-wide,2026-04-13,4,Harvesting,Sunflower In Tamil Nadu Has 97% Harvested,None,,,1,Minutes of the meeting of CWWG as on 13.04.2026.pdf,0.9,Sunflower in Tamil Nadu has 97% harvested.,rule_based,2.1,1.0,Minutes of the meeting of CWWG as on 13.04.2026_p1_c69,VERIFIED
1083,Sesame (Sesamum),Odisha,State-wide,2026-04-13,4,Harvesting,Sesame (Sesamum) Is 100% Harvested In Odisha,None,,,1,Minutes of the meeting of CWWG as on 13.04.2026.pdf,0.9,Sesame (Sesamum) is 100% harvested in Odisha.,rule_based,2.1,1.0,Minutes of the meeting of CWWG as on 13.04.2026_p1_c70,VERIFIED
1084,Sesame (Sesamum),Chhattisgarh,State-wide,2026-04-13,4,Harvesting,Sesame (Sesamum) Is 100% Harvested In Chhattisgarh,None,,,1,Minutes of the meeting of CWWG as on 13.04.2026.pdf,0.9,Sesame (Sesamum) is 100% harvested in Chhattisgarh.,rule_based,2.1,1.0,Minutes of the meeting of CWWG as on 13.04.2026_p1_c71,VERIFIED
1085,Sesame (Sesamum),Maharashtra,State-wide,2026-04-13,4,Harvesting,Sesame (Sesamum) In Maharashtra Has 90% Harvested,None,,,1,Minutes of the meeting of CWWG as on 13.04.2026.pdf,0.9,Sesame (Sesamum) in Maharashtra has 90% harvested.,rule_based,2.1,1.0,Minutes of the meeting of CWWG as on 13.04.2026_p1_c72,VERIFIED
1086,Sesame (Sesamum),Tamil Nadu,State-wide,2026-04-13,4,Harvesting,Sesame (Sesamum) In Tamil Nadu Has 40% Harvested,None,,,1,Minutes of the meeting of CWWG as on 13.04.2026.pdf,0.9,Sesame (Sesamum) in Tamil Nadu has 40% harvested.,rule_based,2.1,1.0,Minutes of the meeting of CWWG as on 13.04.2026_p1_c73,VERIFIED
1087,Sesame (Sesamum),Tamil Nadu,State-wide,2026-04-13,4,Active Growth,None,None,,,1,Minutes of the meeting of CWWG as on 13.04.2026.pdf,0.7,----- ---------------- -------- -------- --------- -----------------------------------------------------------------------------------------------------------------,rule_based,2.1,1.0,Minutes of the meeting of CWWG as on 13.04.2026_p1_c74,VERIFIED
1088,Sesame (Sesamum),Maharashtra,State-wide,2026-04-13,4,Harvesting,Sesame (Sesamum) Is 100% Harvested In Maharashtra,None,,,1,Minutes of the meeting of CWWG as on 13.04.2026.pdf,0.9,Sesame (Sesamum) is 100% harvested in Maharashtra.,rule_based,2.1,1.0,Minutes of the meeting of CWWG as on 13.04.2026_p1_c75,VERIFIED
1089,Sesame (Sesamum),Bihar,State-wide,2026-04-13,4,Harvesting,Sesame (Sesamum) Is 100% Harvested In Bihar,None,,,1,Minutes of the meeting of CWWG as on 13.04.2026.pdf,0.9,Sesame (Sesamum) is 100% harvested in Bihar.,rule_based,2.1,1.0,Minutes of the meeting of CWWG as on 13.04.2026_p1_c76,VERIFIED
1090,Oilseeds,Bihar,State-wide,2026-04-13,4,Harvesting,None,None,,,1,Minutes of the meeting of CWWG as on 13.04.2026.pdf,0.9,"g Other Oilseeds 0.00 0.40 95.82 Harvesting is going on in afull swing. Total Crops 637.81 680.18 73.83 Source: Crop Division, DoA&amp;FW.",rule_based,2.1,1.0,Minutes of the meeting of CWWG as on 13.04.2026_p1_c77,VERIFIED
827,Rice,All India,State-wide,2026-04-06,4,Sowing,None,None,,,1,Minutes of the meeting of CWWG as on 06.04.2026.pdf,0.9," As on April 03, 2026, the area sown under summer crops is 58.29 lakh ha as compared to 57.80 lakh ha during the corresponding period of last year. Of this, area of 30.12 lakh ha has been sown under Rice this year.
-",rule_based,2.1,1.0,Minutes of the meeting of CWWG as on 06.04.2026_p1_c1,VERIFIED
828,Rice,All India,State-wide,2026-04-06,4,Harvesting,"As On 27.03.2026, 32.26% Of Area Has Been Harvested For Rabi Crops All Over India. Approximately 67% Area  Of  Pulses  Mainly  In  Gram  (66%),  Urdbean  (86%)  &Amp;  Moong  (63%);  71.56%  Area  Of  Oilseeds Majorly In Rapeseed &Amp; Mustard (75.53%); 38.31% Area Of Shri Anna Cum Coarse Cereals Majorly In Jowar (54.47%), 25.57% Area Of Rice And 6.00% Area Of Wheat  Has Been Harvested For Rabi Crops 2025-26",None,,,1,Minutes of the meeting of CWWG as on 06.04.2026.pdf,0.9,"As on 27.03.2026, 32.26% of area has been harvested for Rabi crops all over India. Approximately 67% area of Pulses mainly in Gram (66%), Urdbean (86%) &amp; Moong (63%); 71.56% area of Oilseeds majorly in Rapeseed &amp; Mustard (75.53%); 38.31% area of Shri Anna cum Coarse Cereals majorly in Jowar (54.47%), 25.57% area of Rice and 6.00% area of Wheat has been harvested for Rabi crops 2025-26.",rule_based,2.1,1.0,Minutes of the meeting of CWWG as on 06.04.2026_p1_c2,VERIFIED
829,Crop,Odisha,State-wide,2026-04-06,4,Active Growth,"Maximum Temperature Is Likely To Be Above Normal In North East India, Many Parts Of Bihar, Many Parts Of J&Amp;K And In Coastal Regions Of Odisha, Coastal Andhra Pradesh And Kerala",None,,,1,Minutes of the meeting of CWWG as on 06.04.2026.pdf,0.9," Maximum Temperature is likely to be above normal in North East India, many parts of Bihar, many parts of J&amp;K and in coastal regions of Odisha, Coastal Andhra Pradesh and Kerala.",rule_based,2.1,1.0,Minutes of the meeting of CWWG as on 06.04.2026_p1_c3,VERIFIED
830,Crop,Odisha,State-wide,2026-04-06,4,Active Growth,Low Probability  Of  Heat  Wave  Conditions  Likely  During  The  Second  Half  Of  The  Week  Over  Coastal Odisha And Adjoining North Coastal Andhra Pradesh,None,,,1,Minutes of the meeting of CWWG as on 06.04.2026.pdf,0.9, Low Probability of Heat Wave conditions likely during the second half of the week over Coastal Odisha and adjoining north Coastal Andhra Pradesh.,rule_based,2.1,1.0,Minutes of the meeting of CWWG as on 06.04.2026_p1_c4,VERIFIED
831,Crop,Odisha,State-wide,2026-04-06,4,Active Growth,"Appreciably  Above  Normal  (+3.1  To  +5.0°C)  Maximum  Temperatures  Are  Likely  Over  Some  Parts  Of Interior &Amp; Coastal Odisha And Adjoining Coastal Andhra Pradesh; Normal To Above-Normal Maximum Temperatures ((+1.6 To +3.0°C) Are Likely Over Some Parts Of The East, South And Western Parts Of India (Gangetic West Bengal, Odisha, Coastal Andhra Pradesh, Tamil Nadu, Southern Parts Of Kerala, Coastal  Regions  Of  Gujarat  State,  Konkan,  Goa  And  Coastal  Karnataka).  Normal  To  Below  Normal Weekly Maximum Temperatures Are Likely Across The Rest Of The Country",None,,,1,Minutes of the meeting of CWWG as on 06.04.2026.pdf,0.9,"Appreciably above normal (+3.1 to +5.0°C) maximum temperatures are likely over some parts of interior &amp; coastal Odisha and adjoining Coastal Andhra Pradesh; normal to above-normal maximum temperatures ((+1.6 to +3.0°C) are likely over some parts of the East, South and Western parts of India (Gangetic West Bengal, Odisha, Coastal Andhra Pradesh, Tamil Nadu, southern parts of Kerala, coastal regions of Gujarat state, Konkan, Goa and coastal Karnataka). Normal to below normal weekly maximum temperatures are likely across the rest of the country.",rule_based,2.1,1.0,Minutes of the meeting of CWWG as on 06.04.2026_p1_c5,VERIFIED
832,Wheat,Odisha,State-wide,2026-04-06,4,Harvesting,None,None,,,1,Minutes of the meeting of CWWG as on 06.04.2026.pdf,0.9," Rice : About 30.12 lakh ha area coverage under Summer Rice has been reported as compared to 32.59 lakh ha during the corresponding period of last year.
-
Pulses : About 8.79 lakh ha area coverage has been reported compared to 7.02 lakh ha during the corresponding period of last year.
-
Oilseeds : About 7.74 lakh ha area coverage has been reported compared to 7.42 lakh ha during the corresponding period of last year. Progress of Area coverage under Summer crops as on 03.04.2026 Progress of Area coverage under Summer crops as on 03.04.2026 Progress of Area coverage under Summer crops as on 03.04.2026 Progress of Area coverage under Summer crops as on 03.04.2026 Progress of Area coverage under Summer crops as on 03.04.2026 Progress of Area coverage under Summer crops as on 03.04.2026 Progress of Area coverage under Summer crops as on 03.04.2026 ----------------------------------------------------------------- ----------------------------------------------------------------- ----------------------------------------------------------------- ----------------------------------------------------------------- ----------------------------------------------------------------- ----------------------------------------------------------------- ----------------------------------------------------------------- Normal Summer Area (DES)* Final Summer Area 2025 Area Sown Area Sown (In lakh hectare) Sl. No. Crops Normal Summer Area (DES)* Final Summer Area 2025 Current Year (2026) Corresponding period of Last Year (2025) Decrease corresponding period of year 1 Rice 31.49 33.28 30.12 32.59 2.47 2 Pulses 23.40 27.07 8.79 7.02 1.77 a Greengram 20.44 23.49 6.09 4.91 1.18 b Blackgram 2.96 3.58 2.42 1.93 0.49 c Other Pulses 0.00 0.28 0.17 0.11 3 Shree Anna cum Coarse Cereals 12.08 14.06 11.64 10.77 0.87 a Jowar 0.34 0.36 0.32 0.41 0.10 b Bajra 4.43 5.20 3.91 3.15 0.76 c Ragi 0.31 0.21 0.16 0.05 d Small Millets 0.02 0.03 0.03 0.00 e Maize 6.98 8.50 7.18 7.01 0.17 4 Oilseeds 8.40 9.51 7.74 7.42 0.31 a Groundnut 3.40 4.20 4.59 4.20 0.39 b Sunflower 0.34 0.35 0.38 0.36 0.03 c Sesamum 4.66 4.96 2.71 2.80 0.09 d Other Oilseeds 0.00 0.05 0.06 0.01 Total Total 75.37 83.92 49.87 58.29 0.48 SOWING AND HARVESTING STATUS OF RABI CROPS AS ON 03.04.2026 SOWING AND HARVESTING STATUS OF RABI CROPS AS ON 03.04.2026 SOWING AND HARVESTING STATUS OF RABI CROPS AS ON 03.04.2026 SOWING AND HARVESTING STATUS OF RABI CROPS AS ON 03.04.2026 SOWING AND HARVESTING STATUS OF RABI CROPS AS ON 03.04.2026 SOWING AND HARVESTING STATUS OF RABI CROPS AS ON 03.04.2026 --------------------------------------------------------------- --------------------------------------------------------------- --------------------------------------------------------------- --------------------------------------------------------------- --------------------------------------------------------------- -------------------------------------------------------------------------------------------------------------------------------------------------------------------------------------------------------",rule_based,2.1,1.0,Minutes of the meeting of CWWG as on 06.04.2026_p1_c6,VERIFIED
833,Wheat,Karnataka,State-wide,2026-04-06,4,Harvesting,Wheat In Karnataka Has 98% Harvested,None,,,1,Minutes of the meeting of CWWG as on 06.04.2026.pdf,0.9,Wheat in Karnataka has 98% harvested.,rule_based,2.1,1.0,Minutes of the meeting of CWWG as on 06.04.2026_p1_c7,VERIFIED
834,Wheat,Gujarat,State-wide,2026-04-06,4,Harvesting,Wheat In Gujarat Has 90% Harvested,None,,,1,Minutes of the meeting of CWWG as on 06.04.2026.pdf,0.9,Wheat in Gujarat has 90% harvested.,rule_based,2.1,1.0,Minutes of the meeting of CWWG as on 06.04.2026_p1_c8,VERIFIED
835,Wheat,Maharashtra,State-wide,2026-04-06,4,Harvesting,Wheat In Maharashtra Has 17% Harvested,None,,,1,Minutes of the meeting of CWWG as on 06.04.2026.pdf,0.9,Wheat in Maharashtra has 17% harvested.,rule_based,2.1,1.0,Minutes of the meeting of CWWG as on 06.04.2026_p1_c9,VERIFIED
836,Wheat,Madhya Pradesh,State-wide,2026-04-06,4,Harvesting,Wheat In Madhya Pradesh Has 40% Harvested,None,,,1,Minutes of the meeting of CWWG as on 06.04.2026.pdf,0.9,Wheat in Madhya Pradesh has 40% harvested.,rule_based,2.1,1.0,Minutes of the meeting of CWWG as on 06.04.2026_p1_c10,VERIFIED
837,Wheat,Rajasthan,State-wide,2026-04-06,4,Harvesting,Wheat In Rajasthan Has 50% Harvested,None,,,1,Minutes of the meeting of CWWG as on 06.04.2026.pdf,0.9,Wheat in Rajasthan has 50% harvested.,rule_based,2.1,1.0,Minutes of the meeting of CWWG as on 06.04.2026_p1_c11,VERIFIED
838,Rice,Tamil Nadu,State-wide,2026-04-06,4,Harvesting,Rice In Tamil Nadu Has 85% Harvested,None,,,1,Minutes of the meeting of CWWG as on 06.04.2026.pdf,0.9,Rice in Tamil Nadu has 85% harvested.,rule_based,2.1,1.0,Minutes of the meeting of CWWG as on 06.04.2026_p1_c12,VERIFIED
839,Rice,Kerala,State-wide,2026-04-06,4,Harvesting,Rice In Kerala Has 80% Harvested,None,,,1,Minutes of the meeting of CWWG as on 06.04.2026.pdf,0.9,Rice in Kerala has 80% harvested.,rule_based,2.1,1.0,Minutes of the meeting of CWWG as on 06.04.2026_p1_c13,VERIFIED
840,Rice,Tripura,State-wide,2026-04-06,4,Harvesting,Rice In Tripura Has 50% Harvested,None,,,1,Minutes of the meeting of CWWG as on 06.04.2026.pdf,0.9,Rice in Tripura has 50% harvested.,rule_based,2.1,1.0,Minutes of the meeting of CWWG as on 06.04.2026_p1_c14,VERIFIED
841,Rice,Andhra Pradesh,State-wide,2026-04-06,4,Harvesting,Rice In Andhra Pradesh Has 20% Harvested,None,,,1,Minutes of the meeting of CWWG as on 06.04.2026.pdf,0.9,Rice in Andhra Pradesh has 20% harvested.,rule_based,2.1,1.0,Minutes of the meeting of CWWG as on 06.04.2026_p1_c15,VERIFIED
842,Green Gram (Moong),Andhra Pradesh,State-wide,2026-04-06,4,Harvesting,None,None,,,1,Minutes of the meeting of CWWG as on 06.04.2026.pdf,0.9,"3 Pulses 140.42 139.55 82.00 Overall around 82% area has been harvested mainly in Gram (82%), Lentil (66%), Fieldpae (94%), Urdbean (93%), Moongbean (69%), etc has already been harvested.",rule_based,2.1,1.0,Minutes of the meeting of CWWG as on 06.04.2026_p1_c16,VERIFIED
843,Bengal Gram (Gram/Chickpea),Andhra Pradesh,State-wide,2026-04-06,4,Harvesting,Bengal Gram (Gram/Chickpea) Is 100% Harvested In Andhra Pradesh,None,,,1,Minutes of the meeting of CWWG as on 06.04.2026.pdf,0.9,Bengal Gram (Gram/Chickpea) is 100% harvested in Andhra Pradesh.,rule_based,2.1,1.0,Minutes of the meeting of CWWG as on 06.04.2026_p1_c17,VERIFIED
844,Bengal Gram (Gram/Chickpea),Gujarat,State-wide,2026-04-06,4,Harvesting,Bengal Gram (Gram/Chickpea) Is 100% Harvested In Gujarat,None,,,1,Minutes of the meeting of CWWG as on 06.04.2026.pdf,0.9,Bengal Gram (Gram/Chickpea) is 100% harvested in Gujarat.,rule_based,2.1,1.0,Minutes of the meeting of CWWG as on 06.04.2026_p1_c18,VERIFIED
845,Bengal Gram (Gram/Chickpea),Maharashtra,State-wide,2026-04-06,4,Harvesting,Bengal Gram (Gram/Chickpea) In Maharashtra Has 95% Harvested,None,,,1,Minutes of the meeting of CWWG as on 06.04.2026.pdf,0.9,Bengal Gram (Gram/Chickpea) in Maharashtra has 95% harvested.,rule_based,2.1,1.0,Minutes of the meeting of CWWG as on 06.04.2026_p1_c19,VERIFIED
846,Bengal Gram (Gram/Chickpea),Karnataka,State-wide,2026-04-06,4,Harvesting,Bengal Gram (Gram/Chickpea) In Karnataka Has 85% Harvested,None,,,1,Minutes of the meeting of CWWG as on 06.04.2026.pdf,0.9,Bengal Gram (Gram/Chickpea) in Karnataka has 85% harvested.,rule_based,2.1,1.0,Minutes of the meeting of CWWG as on 06.04.2026_p1_c20,VERIFIED
847,Bengal Gram (Gram/Chickpea),Madhya Pradesh,State-wide,2026-04-06,4,Harvesting,Bengal Gram (Gram/Chickpea) In Madhya Pradesh Has 70% Harvested,None,,,1,Minutes of the meeting of CWWG as on 06.04.2026.pdf,0.9,Bengal Gram (Gram/Chickpea) in Madhya Pradesh has 70% harvested.,rule_based,2.1,1.0,Minutes of the meeting of CWWG as on 06.04.2026_p1_c21,VERIFIED
848,Bengal Gram (Gram/Chickpea),Rajasthan,State-wide,2026-04-06,4,Harvesting,Bengal Gram (Gram/Chickpea) In Rajasthan Has 70% Harvested,None,,,1,Minutes of the meeting of CWWG as on 06.04.2026.pdf,0.9,Bengal Gram (Gram/Chickpea) in Rajasthan has 70% harvested.,rule_based,2.1,1.0,Minutes of the meeting of CWWG as on 06.04.2026_p1_c22,VERIFIED
849,Bengal Gram (Gram/Chickpea),Chhattisgarh,State-wide,2026-04-06,4,Harvesting,Bengal Gram (Gram/Chickpea) In Chhattisgarh Has 85% Harvested,None,,,1,Minutes of the meeting of CWWG as on 06.04.2026.pdf,0.9,Bengal Gram (Gram/Chickpea) in Chhattisgarh has 85% harvested.,rule_based,2.1,1.0,Minutes of the meeting of CWWG as on 06.04.2026_p1_c23,VERIFIED
850,Bengal Gram (Gram/Chickpea),Uttar Pradesh,State-wide,2026-04-06,4,Harvesting,Bengal Gram (Gram/Chickpea) In Uttar Pradesh Has 60% Harvested,None,,,1,Minutes of the meeting of CWWG as on 06.04.2026.pdf,0.9,Bengal Gram (Gram/Chickpea) in Uttar Pradesh has 60% harvested.,rule_based,2.1,1.0,Minutes of the meeting of CWWG as on 06.04.2026_p1_c24,VERIFIED
851,Lentil (Masur),Uttar Pradesh,State-wide,2026-04-06,4,Harvesting,Lentil (Masur) In Uttar Pradesh Has 60% Harvested,None,,,1,Minutes of the meeting of CWWG as on 06.04.2026.pdf,0.9,Lentil (Masur) in Uttar Pradesh has 60% harvested.,rule_based,2.1,1.0,Minutes of the meeting of CWWG as on 06.04.2026_p1_c25,VERIFIED
852,Lentil (Masur),West Bengal,State-wide,2026-04-06,4,Harvesting,Lentil (Masur) In West Bengal Has 85% Harvested,None,,,1,Minutes of the meeting of CWWG as on 06.04.2026.pdf,0.9,Lentil (Masur) in West Bengal has 85% harvested.,rule_based,2.1,1.0,Minutes of the meeting of CWWG as on 06.04.2026_p1_c26,VERIFIED
853,Lentil (Masur),Madhya Pradesh,State-wide,2026-04-06,4,Harvesting,Lentil (Masur) In Madhya Pradesh Has 75% Harvested,None,,,1,Minutes of the meeting of CWWG as on 06.04.2026.pdf,0.9,Lentil (Masur) in Madhya Pradesh has 75% harvested.,rule_based,2.1,1.0,Minutes of the meeting of CWWG as on 06.04.2026_p1_c27,VERIFIED
854,Lentil (Masur),Bihar,State-wide,2026-04-06,4,Harvesting,Lentil (Masur) In Bihar Has 50% Harvested,None,,,1,Minutes of the meeting of CWWG as on 06.04.2026.pdf,0.9,Lentil (Masur) in Bihar has 50% harvested.,rule_based,2.1,1.0,Minutes of the meeting of CWWG as on 06.04.2026_p1_c28,VERIFIED
855,Lentil (Masur),West Bengal,State-wide,2026-04-06,4,Harvesting,Lentil (Masur) Is 100% Harvested In West Bengal,None,,,1,Minutes of the meeting of CWWG as on 06.04.2026.pdf,0.9,Lentil (Masur) is 100% harvested in West Bengal.,rule_based,2.1,1.0,Minutes of the meeting of CWWG as on 06.04.2026_p1_c29,VERIFIED
856,Lentil (Masur),Madhya Pradesh,State-wide,2026-04-06,4,Harvesting,Lentil (Masur) Is 100% Harvested In Madhya Pradesh,None,,,1,Minutes of the meeting of CWWG as on 06.04.2026.pdf,0.9,Lentil (Masur) is 100% harvested in Madhya Pradesh.,rule_based,2.1,1.0,Minutes of the meeting of CWWG as on 06.04.2026_p1_c30,VERIFIED
857,Lentil (Masur),Assam,State-wide,2026-04-06,4,Harvesting,Lentil (Masur) Is 100% Harvested In Assam,None,,,1,Minutes of the meeting of CWWG as on 06.04.2026.pdf,0.9,Lentil (Masur) is 100% harvested in Assam.,rule_based,2.1,1.0,Minutes of the meeting of CWWG as on 06.04.2026_p1_c31,VERIFIED
858,Lentil (Masur),Uttar Pradesh,State-wide,2026-04-06,4,Harvesting,Lentil (Masur) In Uttar Pradesh Has 95% Harvested,None,,,1,Minutes of the meeting of CWWG as on 06.04.2026.pdf,0.9,Lentil (Masur) in Uttar Pradesh has 95% harvested.,rule_based,2.1,1.0,Minutes of the meeting of CWWG as on 06.04.2026_p1_c32,VERIFIED
859,Lentil (Masur),Jharkhand,State-wide,2026-04-06,4,Harvesting,Lentil (Masur) In Jharkhand Has 60% Harvested,None,,,1,Minutes of the meeting of CWWG as on 06.04.2026.pdf,0.9,Lentil (Masur) in Jharkhand has 60% harvested.,rule_based,2.1,1.0,Minutes of the meeting of CWWG as on 06.04.2026_p1_c33,VERIFIED
860,Lentil (Masur),Bihar,State-wide,2026-04-06,4,Harvesting,Lentil (Masur) In Bihar Has 70% Harvested,None,,,1,Minutes of the meeting of CWWG as on 06.04.2026.pdf,0.9,Lentil (Masur) in Bihar has 70% harvested.,rule_based,2.1,1.0,Minutes of the meeting of CWWG as on 06.04.2026_p1_c34,VERIFIED
861,Lentil (Masur),Karnataka,State-wide,2026-04-06,4,Harvesting,Lentil (Masur) Is 100% Harvested In Karnataka,None,,,1,Minutes of the meeting of CWWG as on 06.04.2026.pdf,0.9,Lentil (Masur) is 100% harvested in Karnataka.,rule_based,2.1,1.0,Minutes of the meeting of CWWG as on 06.04.2026_p1_c35,VERIFIED
862,Lentil (Masur),Tamil Nadu,State-wide,2026-04-06,4,Harvesting,Lentil (Masur) In Tamil Nadu Has 95% Harvested,None,,,1,Minutes of the meeting of CWWG as on 06.04.2026.pdf,0.9,Lentil (Masur) in Tamil Nadu has 95% harvested.,rule_based,2.1,1.0,Minutes of the meeting of CWWG as on 06.04.2026_p1_c36,VERIFIED
863,Lentil (Masur),West Bengal,State-wide,2026-04-06,4,Harvesting,Lentil (Masur) In West Bengal Has 95% Harvested,None,,,1,Minutes of the meeting of CWWG as on 06.04.2026.pdf,0.9,Lentil (Masur) in West Bengal has 95% harvested.,rule_based,2.1,1.0,Minutes of the meeting of CWWG as on 06.04.2026_p1_c37,VERIFIED
864,Lentil (Masur),Tamil Nadu,State-wide,2026-04-06,4,Harvesting,Lentil (Masur) Is 100% Harvested In Tamil Nadu,None,,,1,Minutes of the meeting of CWWG as on 06.04.2026.pdf,0.9,Lentil (Masur) is 100% harvested in Tamil Nadu.,rule_based,2.1,1.0,Minutes of the meeting of CWWG as on 06.04.2026_p1_c38,VERIFIED
865,Lentil (Masur),Andhra Pradesh,State-wide,2026-04-06,4,Harvesting,Lentil (Masur) In Andhra Pradesh Has 90% Harvested,None,,,1,Minutes of the meeting of CWWG as on 06.04.2026.pdf,0.9,Lentil (Masur) in Andhra Pradesh has 90% harvested.,rule_based,2.1,1.0,Minutes of the meeting of CWWG as on 06.04.2026_p1_c39,VERIFIED
866,Lentil (Masur),Chhattisgarh,State-wide,2026-04-06,4,Harvesting,Lentil (Masur) In Chhattisgarh Has 25% Harvested,None,,,1,Minutes of the meeting of CWWG as on 06.04.2026.pdf,0.9,Lentil (Masur) in Chhattisgarh has 25% harvested.,rule_based,2.1,1.0,Minutes of the meeting of CWWG as on 06.04.2026_p1_c40,VERIFIED
867,Green Gram (Moong),Tamil Nadu,State-wide,2026-04-06,4,Harvesting,Green Gram (Moong) In Tamil Nadu Has 90% Harvested,None,,,1,Minutes of the meeting of CWWG as on 06.04.2026.pdf,0.9,Green Gram (Moong) in Tamil Nadu has 90% harvested.,rule_based,2.1,1.0,Minutes of the meeting of CWWG as on 06.04.2026_p1_c41,VERIFIED
868,Green Gram (Moong),Andhra Pradesh,State-wide,2026-04-06,4,Harvesting,Green Gram (Moong) In Andhra Pradesh Has 85% Harvested,None,,,1,Minutes of the meeting of CWWG as on 06.04.2026.pdf,0.9,Green Gram (Moong) in Andhra Pradesh has 85% harvested.,rule_based,2.1,1.0,Minutes of the meeting of CWWG as on 06.04.2026_p1_c42,VERIFIED
869,Green Gram (Moong),Chhattisgarh,State-wide,2026-04-06,4,Harvesting,Green Gram (Moong) Is 100% Harvested In Chhattisgarh,None,,,1,Minutes of the meeting of CWWG as on 06.04.2026.pdf,0.9,Green Gram (Moong) is 100% harvested in Chhattisgarh.,rule_based,2.1,1.0,Minutes of the meeting of CWWG as on 06.04.2026_p1_c43,VERIFIED
870,Green Gram (Moong),West Bengal,State-wide,2026-04-06,4,Harvesting,Green Gram (Moong) In West Bengal Has 90% Harvested,None,,,1,Minutes of the meeting of CWWG as on 06.04.2026.pdf,0.9,Green Gram (Moong) in West Bengal has 90% harvested.,rule_based,2.1,1.0,Minutes of the meeting of CWWG as on 06.04.2026_p1_c44,VERIFIED
871,Green Gram (Moong),Bihar,State-wide,2026-04-06,4,Harvesting,Green Gram (Moong) In Bihar Has 40% Harvested,None,,,1,Minutes of the meeting of CWWG as on 06.04.2026.pdf,0.9,Green Gram (Moong) in Bihar has 40% harvested.,rule_based,2.1,1.0,Minutes of the meeting of CWWG as on 06.04.2026_p1_c45,VERIFIED
872,Maize,Bihar,State-wide,2026-04-06,4,Harvesting,None,None,,,1,Minutes of the meeting of CWWG as on 06.04.2026.pdf,0.9,h Other Pulses $ 5.46 5.30 93.00 Harvesting is going on in a full swing.,rule_based,2.1,1.0,Minutes of the meeting of CWWG as on 06.04.2026_p1_c46,VERIFIED
873,Maize,Bihar,State-wide,2026-04-06,4,Harvesting,None,None,,,1,Minutes of the meeting of CWWG as on 06.04.2026.pdf,0.9,"4 Shri Anna & Coarse cereals 55.33 60.93 43.57 Overall around 44% area has been harvested mainly in Jowar (59%), Maize (36%), Barley (20%), etc has already been harvested.",rule_based,2.1,1.0,Minutes of the meeting of CWWG as on 06.04.2026_p1_c47,VERIFIED
874,Sorghum (Jowar),Maharashtra,State-wide,2026-04-06,4,Harvesting,Sorghum (Jowar) In Maharashtra Has 50% Harvested,None,,,1,Minutes of the meeting of CWWG as on 06.04.2026.pdf,0.9,Sorghum (Jowar) in Maharashtra has 50% harvested.,rule_based,2.1,1.0,Minutes of the meeting of CWWG as on 06.04.2026_p1_c48,VERIFIED
875,Sorghum (Jowar),Karnataka,State-wide,2026-04-06,4,Harvesting,Sorghum (Jowar) In Karnataka Has 80% Harvested,None,,,1,Minutes of the meeting of CWWG as on 06.04.2026.pdf,0.9,Sorghum (Jowar) in Karnataka has 80% harvested.,rule_based,2.1,1.0,Minutes of the meeting of CWWG as on 06.04.2026_p1_c49,VERIFIED
876,Sorghum (Jowar),Tamil Nadu,State-wide,2026-04-06,4,Harvesting,Sorghum (Jowar) In Tamil Nadu Has 87% Harvested,None,,,1,Minutes of the meeting of CWWG as on 06.04.2026.pdf,0.9,Sorghum (Jowar) in Tamil Nadu has 87% harvested.,rule_based,2.1,1.0,Minutes of the meeting of CWWG as on 06.04.2026_p1_c50,VERIFIED
877,Sorghum (Jowar),Telangana,State-wide,2026-04-06,4,Harvesting,Sorghum (Jowar) In Telangana Has 25% Harvested,None,,,1,Minutes of the meeting of CWWG as on 06.04.2026.pdf,0.9,Sorghum (Jowar) in Telangana has 25% harvested.,rule_based,2.1,1.0,Minutes of the meeting of CWWG as on 06.04.2026_p1_c51,VERIFIED
878,Sorghum (Jowar),Andhra Pradesh,State-wide,2026-04-06,4,Harvesting,Sorghum (Jowar) In Andhra Pradesh Has 29% Harvested,None,,,1,Minutes of the meeting of CWWG as on 06.04.2026.pdf,0.9,Sorghum (Jowar) in Andhra Pradesh has 29% harvested.,rule_based,2.1,1.0,Minutes of the meeting of CWWG as on 06.04.2026_p1_c52,VERIFIED
879,Maize,Telangana,State-wide,2026-04-06,4,Harvesting,Maize In Telangana Has 87% Harvested,None,,,1,Minutes of the meeting of CWWG as on 06.04.2026.pdf,0.9,Maize in Telangana has 87% harvested.,rule_based,2.1,1.0,Minutes of the meeting of CWWG as on 06.04.2026_p1_c53,VERIFIED
880,Maize,Tamil Nadu,State-wide,2026-04-06,4,Harvesting,Maize In Tamil Nadu Has 65% Harvested,None,,,1,Minutes of the meeting of CWWG as on 06.04.2026.pdf,0.9,Maize in Tamil Nadu has 65% harvested.,rule_based,2.1,1.0,Minutes of the meeting of CWWG as on 06.04.2026_p1_c54,VERIFIED
881,Maize,Karnataka,State-wide,2026-04-06,4,Harvesting,Maize In Karnataka Has 67% Harvested,None,,,1,Minutes of the meeting of CWWG as on 06.04.2026.pdf,0.9,Maize in Karnataka has 67% harvested.,rule_based,2.1,1.0,Minutes of the meeting of CWWG as on 06.04.2026_p1_c55,VERIFIED
882,Maize,Maharashtra,State-wide,2026-04-06,4,Harvesting,Maize In Maharashtra Has 27% Harvested,None,,,1,Minutes of the meeting of CWWG as on 06.04.2026.pdf,0.9,Maize in Maharashtra has 27% harvested.,rule_based,2.1,1.0,Minutes of the meeting of CWWG as on 06.04.2026_p1_c56,VERIFIED
883,Maize,Gujarat,State-wide,2026-04-06,4,Harvesting,Maize In Gujarat Has 39% Harvested,None,,,1,Minutes of the meeting of CWWG as on 06.04.2026.pdf,0.9,Maize in Gujarat has 39% harvested.,rule_based,2.1,1.0,Minutes of the meeting of CWWG as on 06.04.2026_p1_c57,VERIFIED
884,Maize,Bihar,State-wide,2026-04-06,4,Harvesting,Maize In Bihar Has 22% Harvested,None,,,1,Minutes of the meeting of CWWG as on 06.04.2026.pdf,0.9,Maize in Bihar has 22% harvested.,rule_based,2.1,1.0,Minutes of the meeting of CWWG as on 06.04.2026_p1_c58,VERIFIED
885,Maize,Andhra Pradesh,State-wide,2026-04-06,4,Harvesting,Maize In Andhra Pradesh Has 15% Harvested,None,,,1,Minutes of the meeting of CWWG as on 06.04.2026.pdf,0.9,Maize in Andhra Pradesh has 15% harvested.,rule_based,2.1,1.0,Minutes of the meeting of CWWG as on 06.04.2026_p1_c59,VERIFIED
886,Maize,West Bengal,State-wide,2026-04-06,4,Harvesting,Maize In West Bengal Has 25% Harvested,None,,,1,Minutes of the meeting of CWWG as on 06.04.2026.pdf,0.9,Maize in West Bengal has 25% harvested.,rule_based,2.1,1.0,Minutes of the meeting of CWWG as on 06.04.2026_p1_c60,VERIFIED
887,Maize,Uttar Pradesh,State-wide,2026-04-06,4,Harvesting,Maize In Uttar Pradesh Has 12% Harvested,None,,,1,Minutes of the meeting of CWWG as on 06.04.2026.pdf,0.9,Maize in Uttar Pradesh has 12% harvested.,rule_based,2.1,1.0,Minutes of the meeting of CWWG as on 06.04.2026_p1_c61,VERIFIED
888,Maize,Maharashtra,State-wide,2026-04-06,4,Harvesting,Maize In Maharashtra Has 15% Harvested,None,,,1,Minutes of the meeting of CWWG as on 06.04.2026.pdf,0.9,Maize in Maharashtra has 15% harvested.,rule_based,2.1,1.0,Minutes of the meeting of CWWG as on 06.04.2026_p1_c62,VERIFIED
889,Maize,Rajasthan,State-wide,2026-04-06,4,Harvesting,Maize In Rajasthan Has 25% Harvested,None,,,1,Minutes of the meeting of CWWG as on 06.04.2026.pdf,0.9,Maize in Rajasthan has 25% harvested.,rule_based,2.1,1.0,Minutes of the meeting of CWWG as on 06.04.2026_p1_c63,VERIFIED
890,Maize,Madhya Pradesh,State-wide,2026-04-06,4,Harvesting,Maize In Madhya Pradesh Has 13% Harvested,None,,,1,Minutes of the meeting of CWWG as on 06.04.2026.pdf,0.9,Maize in Madhya Pradesh has 13% harvested.,rule_based,2.1,1.0,Minutes of the meeting of CWWG as on 06.04.2026_p1_c64,VERIFIED
891,Groundnut,Madhya Pradesh,State-wide,2026-04-06,4,Harvesting,None,None,,,1,Minutes of the meeting of CWWG as on 06.04.2026.pdf,0.9,"5 Oilseeds 86.78 97.19 94.07 Overall around 94% area has been harvested mainly in Rapeseed & Mustard (99%), Groundnut (38%), Safflower (83%), Sunflower (78%), Linseed (86%), etc has already been harvested.",rule_based,2.1,1.0,Minutes of the meeting of CWWG as on 06.04.2026_p1_c65,VERIFIED
892,Mustard,Karnataka,State-wide,2026-04-06,4,Harvesting,Mustard Is 100% Harvested In Karnataka,None,,,1,Minutes of the meeting of CWWG as on 06.04.2026.pdf,0.9,Mustard is 100% harvested in Karnataka.,rule_based,2.1,1.0,Minutes of the meeting of CWWG as on 06.04.2026_p1_c66,VERIFIED
893,Mustard,Gujarat,State-wide,2026-04-06,4,Harvesting,Mustard Is 100% Harvested In Gujarat,None,,,1,Minutes of the meeting of CWWG as on 06.04.2026.pdf,0.9,Mustard is 100% harvested in Gujarat.,rule_based,2.1,1.0,Minutes of the meeting of CWWG as on 06.04.2026_p1_c67,VERIFIED
894,Mustard,Punjab,State-wide,2026-04-06,4,Harvesting,Mustard Is 100% Harvested In Punjab,None,,,1,Minutes of the meeting of CWWG as on 06.04.2026.pdf,0.9,Mustard is 100% harvested in Punjab.,rule_based,2.1,1.0,Minutes of the meeting of CWWG as on 06.04.2026_p1_c68,VERIFIED
895,Mustard,Haryana,State-wide,2026-04-06,4,Harvesting,Mustard Is 100% Harvested In Haryana,None,,,1,Minutes of the meeting of CWWG as on 06.04.2026.pdf,0.9,Mustard is 100% harvested in Haryana.,rule_based,2.1,1.0,Minutes of the meeting of CWWG as on 06.04.2026_p1_c69,VERIFIED
896,Mustard,Rajasthan,State-wide,2026-04-06,4,Harvesting,Mustard Is 100% Harvested In Rajasthan,None,,,1,Minutes of the meeting of CWWG as on 06.04.2026.pdf,0.9,Mustard is 100% harvested in Rajasthan.,rule_based,2.1,1.0,Minutes of the meeting of CWWG as on 06.04.2026_p1_c70,VERIFIED
897,Mustard,West Bengal,State-wide,2026-04-06,4,Harvesting,Mustard Is 100% Harvested In West Bengal,None,,,1,Minutes of the meeting of CWWG as on 06.04.2026.pdf,0.9,Mustard is 100% harvested in West Bengal.,rule_based,2.1,1.0,Minutes of the meeting of CWWG as on 06.04.2026_p1_c71,VERIFIED
898,Mustard,Bihar,State-wide,2026-04-06,4,Harvesting,Mustard Is 100% Harvested In Bihar,None,,,1,Minutes of the meeting of CWWG as on 06.04.2026.pdf,0.9,Mustard is 100% harvested in Bihar.,rule_based,2.1,1.0,Minutes of the meeting of CWWG as on 06.04.2026_p1_c72,VERIFIED
899,Mustard,Madhya Pradesh,State-wide,2026-04-06,4,Harvesting,Mustard Is 100% Harvested In Madhya Pradesh,None,,,1,Minutes of the meeting of CWWG as on 06.04.2026.pdf,0.9,Mustard is 100% harvested in Madhya Pradesh.,rule_based,2.1,1.0,Minutes of the meeting of CWWG as on 06.04.2026_p1_c73,VERIFIED
900,Mustard,Jharkhand,State-wide,2026-04-06,4,Harvesting,Mustard Is 100% Harvested In Jharkhand,None,,,1,Minutes of the meeting of CWWG as on 06.04.2026.pdf,0.9,Mustard is 100% harvested in Jharkhand.,rule_based,2.1,1.0,Minutes of the meeting of CWWG as on 06.04.2026_p1_c74,VERIFIED
901,Mustard,Assam,State-wide,2026-04-06,4,Harvesting,Mustard Is 100% Harvested In Assam,None,,,1,Minutes of the meeting of CWWG as on 06.04.2026.pdf,0.9,Mustard is 100% harvested in Assam.,rule_based,2.1,1.0,Minutes of the meeting of CWWG as on 06.04.2026_p1_c75,VERIFIED
902,Mustard,Telangana,State-wide,2026-04-06,4,Harvesting,Mustard Is 100% Harvested In Telangana,None,,,1,Minutes of the meeting of CWWG as on 06.04.2026.pdf,0.9,Mustard is 100% harvested in Telangana.,rule_based,2.1,1.0,Minutes of the meeting of CWWG as on 06.04.2026_p1_c76,VERIFIED
903,Mustard,Uttar Pradesh,State-wide,2026-04-06,4,Harvesting,Mustard In Uttar Pradesh Has 90% Harvested,None,,,1,Minutes of the meeting of CWWG as on 06.04.2026.pdf,0.9,Mustard in Uttar Pradesh has 90% harvested.,rule_based,2.1,1.0,Minutes of the meeting of CWWG as on 06.04.2026_p1_c77,VERIFIED
904,Mustard,Andhra Pradesh,State-wide,2026-04-06,4,Harvesting,Mustard In Andhra Pradesh Has 62% Harvested,None,,,1,Minutes of the meeting of CWWG as on 06.04.2026.pdf,0.9,Mustard in Andhra Pradesh has 62% harvested.,rule_based,2.1,1.0,Minutes of the meeting of CWWG as on 06.04.2026_p1_c78,VERIFIED
905,Mustard,Chhattisgarh,State-wide,2026-04-06,4,Harvesting,Mustard In Chhattisgarh Has 88% Harvested,None,,,1,Minutes of the meeting of CWWG as on 06.04.2026.pdf,0.9,Mustard in Chhattisgarh has 88% harvested.,rule_based,2.1,1.0,Minutes of the meeting of CWWG as on 06.04.2026_p1_c79,VERIFIED
906,Groundnut,Telangana,State-wide,2026-04-06,4,Harvesting,Groundnut In Telangana Has 67% Harvested,None,,,1,Minutes of the meeting of CWWG as on 06.04.2026.pdf,0.9,Groundnut in Telangana has 67% harvested.,rule_based,2.1,1.0,Minutes of the meeting of CWWG as on 06.04.2026_p1_c80,VERIFIED
907,Groundnut,Tamil Nadu,State-wide,2026-04-06,4,Harvesting,Groundnut In Tamil Nadu Has 50% Harvested,None,,,1,Minutes of the meeting of CWWG as on 06.04.2026.pdf,0.9,Groundnut in Tamil Nadu has 50% harvested.,rule_based,2.1,1.0,Minutes of the meeting of CWWG as on 06.04.2026_p1_c81,VERIFIED
908,Groundnut,Andhra Pradesh,State-wide,2026-04-06,4,Harvesting,Groundnut In Andhra Pradesh Has 24% Harvested,None,,,1,Minutes of the meeting of CWWG as on 06.04.2026.pdf,0.9,Groundnut in Andhra Pradesh has 24% harvested.,rule_based,2.1,1.0,Minutes of the meeting of CWWG as on 06.04.2026_p1_c82,VERIFIED
909,Groundnut,Andhra Pradesh,State-wide,2026-04-06,4,Harvesting,None,None,,,1,Minutes of the meeting of CWWG as on 06.04.2026.pdf,0.9,"(20%), etc has already been harvested.",rule_based,2.1,1.0,Minutes of the meeting of CWWG as on 06.04.2026_p1_c83,VERIFIED
910,Groundnut,Andhra Pradesh,State-wide,2026-04-06,4,Active Growth,None,None,,,1,Minutes of the meeting of CWWG as on 06.04.2026.pdf,0.7,---- ---------------- -------- -------- ------- --------------------------------------------------------------------------------------------------------------------------------------,rule_based,2.1,1.0,Minutes of the meeting of CWWG as on 06.04.2026_p1_c84,VERIFIED
911,Groundnut,Karnataka,State-wide,2026-04-06,4,Harvesting,Groundnut In Karnataka Has 92% Harvested,None,,,1,Minutes of the meeting of CWWG as on 06.04.2026.pdf,0.9,Groundnut in Karnataka has 92% harvested.,rule_based,2.1,1.0,Minutes of the meeting of CWWG as on 06.04.2026_p1_c85,VERIFIED
912,Groundnut,Andhra Pradesh,State-wide,2026-04-06,4,Harvesting,Groundnut In Andhra Pradesh Has 36% Harvested,None,,,1,Minutes of the meeting of CWWG as on 06.04.2026.pdf,0.9,Groundnut in Andhra Pradesh has 36% harvested.,rule_based,2.1,1.0,Minutes of the meeting of CWWG as on 06.04.2026_p1_c86,VERIFIED
913,Groundnut,Telangana,State-wide,2026-04-06,4,Harvesting,Groundnut In Telangana Has 14% Harvested,None,,,1,Minutes of the meeting of CWWG as on 06.04.2026.pdf,0.9,Groundnut in Telangana has 14% harvested.,rule_based,2.1,1.0,Minutes of the meeting of CWWG as on 06.04.2026_p1_c87,VERIFIED
914,Sunflower,Karnataka,State-wide,2026-04-06,4,Harvesting,Sunflower Is 100% Harvested In Karnataka,None,,,1,Minutes of the meeting of CWWG as on 06.04.2026.pdf,0.9,Sunflower is 100% harvested in Karnataka.,rule_based,2.1,1.0,Minutes of the meeting of CWWG as on 06.04.2026_p1_c88,VERIFIED
915,Sunflower,Odisha,State-wide,2026-04-06,4,Harvesting,Sunflower In Odisha Has 50% Harvested,None,,,1,Minutes of the meeting of CWWG as on 06.04.2026.pdf,0.9,Sunflower in Odisha has 50% harvested.,rule_based,2.1,1.0,Minutes of the meeting of CWWG as on 06.04.2026_p1_c89,VERIFIED
916,Sunflower,Tamil Nadu,State-wide,2026-04-06,4,Harvesting,Sunflower In Tamil Nadu Has 80% Harvested,None,,,1,Minutes of the meeting of CWWG as on 06.04.2026.pdf,0.9,Sunflower in Tamil Nadu has 80% harvested.,rule_based,2.1,1.0,Minutes of the meeting of CWWG as on 06.04.2026_p1_c90,VERIFIED
917,Sesame (Sesamum),Karnataka,State-wide,2026-04-06,4,Harvesting,Sesame (Sesamum) Is 100% Harvested In Karnataka,None,,,1,Minutes of the meeting of CWWG as on 06.04.2026.pdf,0.9,Sesame (Sesamum) is 100% harvested in Karnataka.,rule_based,2.1,1.0,Minutes of the meeting of CWWG as on 06.04.2026_p1_c91,VERIFIED
918,Sesame (Sesamum),Chhattisgarh,State-wide,2026-04-06,4,Harvesting,Sesame (Sesamum) Is 100% Harvested In Chhattisgarh,None,,,1,Minutes of the meeting of CWWG as on 06.04.2026.pdf,0.9,Sesame (Sesamum) is 100% harvested in Chhattisgarh.,rule_based,2.1,1.0,Minutes of the meeting of CWWG as on 06.04.2026_p1_c92,VERIFIED
919,Sesame (Sesamum),Odisha,State-wide,2026-04-06,4,Harvesting,Sesame (Sesamum) In Odisha Has 50% Harvested,None,,,1,Minutes of the meeting of CWWG as on 06.04.2026.pdf,0.9,Sesame (Sesamum) in Odisha has 50% harvested.,rule_based,2.1,1.0,Minutes of the meeting of CWWG as on 06.04.2026_p1_c93,VERIFIED
920,Sesame (Sesamum),Tamil Nadu,State-wide,2026-04-06,4,Harvesting,Sesame (Sesamum) In Tamil Nadu Has 40% Harvested,None,,,1,Minutes of the meeting of CWWG as on 06.04.2026.pdf,0.9,Sesame (Sesamum) in Tamil Nadu has 40% harvested.,rule_based,2.1,1.0,Minutes of the meeting of CWWG as on 06.04.2026_p1_c94,VERIFIED
921,Sesame (Sesamum),Andhra Pradesh,State-wide,2026-04-06,4,Harvesting,Sesame (Sesamum) In Andhra Pradesh Has 6% Harvested,None,,,1,Minutes of the meeting of CWWG as on 06.04.2026.pdf,0.9,Sesame (Sesamum) in Andhra Pradesh has 6% harvested.,rule_based,2.1,1.0,Minutes of the meeting of CWWG as on 06.04.2026_p1_c95,VERIFIED
922,Sesame (Sesamum),Rajasthan,State-wide,2026-04-06,4,Harvesting,Sesame (Sesamum) Is 100% Harvested In Rajasthan,None,,,1,Minutes of the meeting of CWWG as on 06.04.2026.pdf,0.9,Sesame (Sesamum) is 100% harvested in Rajasthan.,rule_based,2.1,1.0,Minutes of the meeting of CWWG as on 06.04.2026_p1_c96,VERIFIED
923,Sesame (Sesamum),Madhya Pradesh,State-wide,2026-04-06,4,Harvesting,Sesame (Sesamum) Is 100% Harvested In Madhya Pradesh,None,,,1,Minutes of the meeting of CWWG as on 06.04.2026.pdf,0.9,Sesame (Sesamum) is 100% harvested in Madhya Pradesh.,rule_based,2.1,1.0,Minutes of the meeting of CWWG as on 06.04.2026_p1_c97,VERIFIED
924,Sesame (Sesamum),Assam,State-wide,2026-04-06,4,Harvesting,Sesame (Sesamum) Is 100% Harvested In Assam,None,,,1,Minutes of the meeting of CWWG as on 06.04.2026.pdf,0.9,Sesame (Sesamum) is 100% harvested in Assam.,rule_based,2.1,1.0,Minutes of the meeting of CWWG as on 06.04.2026_p1_c98,VERIFIED
925,Sesame (Sesamum),Uttar Pradesh,State-wide,2026-04-06,4,Harvesting,Sesame (Sesamum) In Uttar Pradesh Has 90% Harvested,None,,,1,Minutes of the meeting of CWWG as on 06.04.2026.pdf,0.9,Sesame (Sesamum) in Uttar Pradesh has 90% harvested.,rule_based,2.1,1.0,Minutes of the meeting of CWWG as on 06.04.2026_p1_c99,VERIFIED
926,Sesame (Sesamum),Chhattisgarh,State-wide,2026-04-06,4,Harvesting,Sesame (Sesamum) In Chhattisgarh Has 55% Harvested,None,,,1,Minutes of the meeting of CWWG as on 06.04.2026.pdf,0.9,Sesame (Sesamum) in Chhattisgarh has 55% harvested.,rule_based,2.1,1.0,Minutes of the meeting of CWWG as on 06.04.2026_p1_c100,VERIFIED
927,Sesame (Sesamum),Jharkhand,State-wide,2026-04-06,4,Harvesting,Sesame (Sesamum) In Jharkhand Has 50% Harvested,None,,,1,Minutes of the meeting of CWWG as on 06.04.2026.pdf,0.9,Sesame (Sesamum) in Jharkhand has 50% harvested.,rule_based,2.1,1.0,Minutes of the meeting of CWWG as on 06.04.2026_p1_c101,VERIFIED
928,Sesame (Sesamum),Bihar,State-wide,2026-04-06,4,Harvesting,Sesame (Sesamum) In Bihar Has 50% Harvested,None,,,1,Minutes of the meeting of CWWG as on 06.04.2026.pdf,0.9,Sesame (Sesamum) in Bihar has 50% harvested.,rule_based,2.1,1.0,Minutes of the meeting of CWWG as on 06.04.2026_p1_c102,VERIFIED
929,Oilseeds,Bihar,State-wide,2026-04-06,4,Harvesting,None,None,,,1,Minutes of the meeting of CWWG as on 06.04.2026.pdf,0.9,"g Other Oilseeds 0.00 0.40 68.57 Harvesting is going on. Total Crops 637.81 676.84 48.34 Source: Crop Division, DoA&amp;FW.",rule_based,2.1,1.0,Minutes of the meeting of CWWG as on 06.04.2026_p1_c103,VERIFIED
1391,Rice,All India,State-wide,2026-03-30,3,Sowing,None,None,,,1,Minutes of the meeting of CWWG as on 30.03.2026.pdf,0.9,"As on March 27, 2026, the area sown under summer crops is 49.87 lakh ha as compared to 52.35 lakh ha during the corresponding period of last year. Of this, area of 28.50 lakh ha has been sown under Rice this year.
-",rule_based,2.1,1.0,Minutes of the meeting of CWWG as on 30.03.2026_p1_c1,VERIFIED
1392,Rice,All India,State-wide,2026-03-30,3,Harvesting,"As On 27.03.2026, 32.26% Of Area Has Been Harvested For Rabi Crops All Over India. Approximately 67% Area Of Pulses Mainly In Gram (66%), Urdbean (86%) &Amp; Moong (63%); 71.56% Area Of Oilseeds Majorly In  Rapeseed  &Amp; Mustard (75.53%); 38.31% Area Of Shri Anna Cum Coarse Cereals Majorly In Jowar (54.47%), 25.57% Area Of Rice And 6.00% Area Of Wheat  Has Been Harvested For Rabi Crops 2025-26",None,,,1,Minutes of the meeting of CWWG as on 30.03.2026.pdf,0.9,"As on 27.03.2026, 32.26% of area has been harvested for Rabi crops all over India. Approximately 67% area of Pulses mainly in Gram (66%), Urdbean (86%) &amp; Moong (63%); 71.56% area of Oilseeds majorly in Rapeseed &amp; Mustard (75.53%); 38.31% area of Shri Anna cum Coarse Cereals majorly in Jowar (54.47%), 25.57% area of Rice and 6.00% area of Wheat has been harvested for Rabi crops 2025-26.",rule_based,2.1,1.0,Minutes of the meeting of CWWG as on 30.03.2026_p1_c2,VERIFIED
1393,Crop,Karnataka,State-wide,2026-03-30,3,Active Growth,"Maximum Temperature Is Likely To Be Above Normal Over Many Parts Of North West India, East India, Chhattisgarh, Konkan &Amp; Goa, Coastal Karnataka, North Kerala, Coastal Andhra Pradesh &Amp; Yanam And Coastal Regions Of Tamil Nadu",None,,,1,Minutes of the meeting of CWWG as on 30.03.2026.pdf,0.9," Maximum Temperature is likely to be above normal over many parts of North West India, East India, Chhattisgarh, Konkan &amp; Goa, Coastal Karnataka, North Kerala, Coastal Andhra Pradesh &amp; Yanam and coastal regions of Tamil Nadu.",rule_based,2.1,1.0,Minutes of the meeting of CWWG as on 30.03.2026_p1_c3,VERIFIED
1394,Crop,Chhattisgarh,State-wide,2026-03-30,3,Active Growth,"Maximum  Temperature  Is  Likely  To  Be  Above  Normal  Over  Many  Parts  Of  North  West  India,  East India, South India, Chhattisgarh And Konkan &Amp; Goa",None,,,1,Minutes of the meeting of CWWG as on 30.03.2026.pdf,0.9," Maximum temperature is likely to be above normal over many parts of North West India, East India, South India, Chhattisgarh and Konkan &amp; Goa.",rule_based,2.1,1.0,Minutes of the meeting of CWWG as on 30.03.2026_p1_c4,VERIFIED
1395,Oilseeds,Chhattisgarh,State-wide,2026-03-30,3,Active Growth,None,None,,,1,Minutes of the meeting of CWWG as on 30.03.2026.pdf,0.7," Rice: About 28.50 lakh ha area coverage under Summer Rice has been reported as compared to 30.69 lakh ha during the corresponding period of last year.
-
Pulses: About 6.06 lakh ha area coverage has been reported compared to 5.60 lakh ha during the corresponding period of last year.
-
Oilseeds: About 5.97 lakh ha area coverage has been reported compared to 6.34 lakh ha during the corresponding period of last year.",rule_based,2.1,1.0,Minutes of the meeting of CWWG as on 30.03.2026_p1_c5,VERIFIED
1396,Wheat,Chhattisgarh,State-wide,2026-03-30,3,Sowing,None,None,,,1,Minutes of the meeting of CWWG as on 30.03.2026.pdf,0.9,Sl. No. Crops Normal Summer Area (DES)* Final Summer Area 2025 Area Sown Area Sown Increase/ Decrease over corresponding period of Last year ----------- ------------------------------- ----------------------------- -------------------------- --------------------- ------------------------------------------ ------------------------------------------------------------- Sl. No. Crops Normal Summer Area (DES)* Final Summer Area 2025 Current Year (2026) Corresponding period of Last Year (2025) Increase/ Decrease over corresponding period of Last year 1 Rice 31.49 33.28 28.50 30.69 2.19 2 Pulses 23.40 27.07 6.06 5.60 0.46 a Greengram 20.44 23.49 3.91 3.65 0.25 b Blackgram 2.96 3.58 1.90 1.77 0.13 c Other Pulses 0.00 0.25 0.17 0.08 3 Shree Anna cum Coarse Cereals 12.08 14.06 9.34 9.71 0.37 a Jowar 0.34 0.36 0.26 0.35 0.10 b Bajra 4.43 5.20 2.50 2.29 0.21 c Ragi 0.31 0.20 0.13 0.07 d Small Millets 0.02 0.02 0.03 0.01 e Maize 6.98 8.50 6.36 6.91 0.54 4 Oilseeds 8.40 9.51 5.97 6.34 0.37 a Groundnut 3.40 4.20 3.56 4.08 0.52 b Sunflower 0.34 0.35 0.34 0.30 0.05 c Sesamum 4.66 4.96 2.02 1.91 0.11 d Other Oilseeds 0.00 0.04 0.06 0.02 Total Total 75.37 83.92 49.87 52.35 2.47 ----------- ---------------------------- --------------------- ------------------------ -------------------- -----------------------------------------------------------------------------------------------------------------------------------------------------------------------------------------------------,rule_based,2.1,1.0,Minutes of the meeting of CWWG as on 30.03.2026_p1_c6,VERIFIED
1397,Wheat,Karnataka,State-wide,2026-03-30,3,Harvesting,Wheat In Karnataka Has 94% Harvested,None,,,1,Minutes of the meeting of CWWG as on 30.03.2026.pdf,0.9,Wheat in Karnataka has 94% harvested.,rule_based,2.1,1.0,Minutes of the meeting of CWWG as on 30.03.2026_p1_c7,VERIFIED
1398,Wheat,Gujarat,State-wide,2026-03-30,3,Harvesting,Wheat In Gujarat Has 85% Harvested,None,,,1,Minutes of the meeting of CWWG as on 30.03.2026.pdf,0.9,Wheat in Gujarat has 85% harvested.,rule_based,2.1,1.0,Minutes of the meeting of CWWG as on 30.03.2026_p1_c8,VERIFIED
1399,Wheat,Maharashtra,State-wide,2026-03-30,3,Harvesting,Wheat In Maharashtra Has 40% Harvested,None,,,1,Minutes of the meeting of CWWG as on 30.03.2026.pdf,0.9,Wheat in Maharashtra has 40% harvested.,rule_based,2.1,1.0,Minutes of the meeting of CWWG as on 30.03.2026_p1_c9,VERIFIED
1400,Wheat,Madhya Pradesh,State-wide,2026-03-30,3,Harvesting,Wheat In Madhya Pradesh Has 2% Harvested,None,,,1,Minutes of the meeting of CWWG as on 30.03.2026.pdf,0.9,Wheat in Madhya Pradesh has 2% harvested.,rule_based,2.1,1.0,Minutes of the meeting of CWWG as on 30.03.2026_p1_c10,VERIFIED
1401,Wheat,Rajasthan,State-wide,2026-03-30,3,Harvesting,Wheat In Rajasthan Has 2% Harvested,None,,,1,Minutes of the meeting of CWWG as on 30.03.2026.pdf,0.9,Wheat in Rajasthan has 2% harvested.,rule_based,2.1,1.0,Minutes of the meeting of CWWG as on 30.03.2026_p1_c11,VERIFIED
1402,Rice,Tamil Nadu,State-wide,2026-03-30,3,Harvesting,Rice In Tamil Nadu Has 83% Harvested,None,,,1,Minutes of the meeting of CWWG as on 30.03.2026.pdf,0.9,Rice in Tamil Nadu has 83% harvested.,rule_based,2.1,1.0,Minutes of the meeting of CWWG as on 30.03.2026_p1_c12,VERIFIED
1403,Rice,Kerala,State-wide,2026-03-30,3,Harvesting,Rice In Kerala Has 60% Harvested,None,,,1,Minutes of the meeting of CWWG as on 30.03.2026.pdf,0.9,Rice in Kerala has 60% harvested.,rule_based,2.1,1.0,Minutes of the meeting of CWWG as on 30.03.2026_p1_c13,VERIFIED
1404,Rice,Tripura,State-wide,2026-03-30,3,Harvesting,Rice In Tripura Has 40% Harvested,None,,,1,Minutes of the meeting of CWWG as on 30.03.2026.pdf,0.9,Rice in Tripura has 40% harvested.,rule_based,2.1,1.0,Minutes of the meeting of CWWG as on 30.03.2026_p1_c14,VERIFIED
1405,Rice,Andhra Pradesh,State-wide,2026-03-30,3,Harvesting,Rice In Andhra Pradesh Has 6% Harvested,None,,,1,Minutes of the meeting of CWWG as on 30.03.2026.pdf,0.9,Rice in Andhra Pradesh has 6% harvested.,rule_based,2.1,1.0,Minutes of the meeting of CWWG as on 30.03.2026_p1_c15,VERIFIED
1406,Green Gram (Moong),Andhra Pradesh,State-wide,2026-03-30,3,Harvesting,None,None,,,1,Minutes of the meeting of CWWG as on 30.03.2026.pdf,0.9,"3 Pulses 140.42 139.55 67.00 Overall around 67% area has been harvested mainly in Gram (66%), Lentil (48%), Fieldpea (89%), Urdbean (86%), Moongbean (63%), etc has already been harvested.",rule_based,2.1,1.0,Minutes of the meeting of CWWG as on 30.03.2026_p1_c16,VERIFIED
1407,Bengal Gram (Gram/Chickpea),Gujarat,State-wide,2026-03-30,3,Harvesting,Bengal Gram (Gram/Chickpea) Is 100% Harvested In Gujarat,None,,,1,Minutes of the meeting of CWWG as on 30.03.2026.pdf,0.9,Bengal Gram (Gram/Chickpea) is 100% harvested in Gujarat.,rule_based,2.1,1.0,Minutes of the meeting of CWWG as on 30.03.2026_p1_c17,VERIFIED
1408,Bengal Gram (Gram/Chickpea),Maharashtra,State-wide,2026-03-30,3,Harvesting,Bengal Gram (Gram/Chickpea) In Maharashtra Has 80% Harvested,None,,,1,Minutes of the meeting of CWWG as on 30.03.2026.pdf,0.9,Bengal Gram (Gram/Chickpea) in Maharashtra has 80% harvested.,rule_based,2.1,1.0,Minutes of the meeting of CWWG as on 30.03.2026_p1_c18,VERIFIED
1409,Bengal Gram (Gram/Chickpea),Karnataka,State-wide,2026-03-30,3,Harvesting,Bengal Gram (Gram/Chickpea) In Karnataka Has 75% Harvested,None,,,1,Minutes of the meeting of CWWG as on 30.03.2026.pdf,0.9,Bengal Gram (Gram/Chickpea) in Karnataka has 75% harvested.,rule_based,2.1,1.0,Minutes of the meeting of CWWG as on 30.03.2026_p1_c19,VERIFIED
1410,Bengal Gram (Gram/Chickpea),Madhya Pradesh,State-wide,2026-03-30,3,Harvesting,Bengal Gram (Gram/Chickpea) In Madhya Pradesh Has 45% Harvested,None,,,1,Minutes of the meeting of CWWG as on 30.03.2026.pdf,0.9,Bengal Gram (Gram/Chickpea) in Madhya Pradesh has 45% harvested.,rule_based,2.1,1.0,Minutes of the meeting of CWWG as on 30.03.2026_p1_c20,VERIFIED
1411,Bengal Gram (Gram/Chickpea),Rajasthan,State-wide,2026-03-30,3,Harvesting,Bengal Gram (Gram/Chickpea) In Rajasthan Has 50% Harvested,None,,,1,Minutes of the meeting of CWWG as on 30.03.2026.pdf,0.9,Bengal Gram (Gram/Chickpea) in Rajasthan has 50% harvested.,rule_based,2.1,1.0,Minutes of the meeting of CWWG as on 30.03.2026_p1_c21,VERIFIED
1412,Bengal Gram (Gram/Chickpea),Chhattisgarh,State-wide,2026-03-30,3,Harvesting,Bengal Gram (Gram/Chickpea) In Chhattisgarh Has 40% Harvested,None,,,1,Minutes of the meeting of CWWG as on 30.03.2026.pdf,0.9,Bengal Gram (Gram/Chickpea) in Chhattisgarh has 40% harvested.,rule_based,2.1,1.0,Minutes of the meeting of CWWG as on 30.03.2026_p1_c22,VERIFIED
1413,Bengal Gram (Gram/Chickpea),Uttar Pradesh,State-wide,2026-03-30,3,Harvesting,Bengal Gram (Gram/Chickpea) In Uttar Pradesh Has 50% Harvested,None,,,1,Minutes of the meeting of CWWG as on 30.03.2026.pdf,0.9,Bengal Gram (Gram/Chickpea) in Uttar Pradesh has 50% harvested.,rule_based,2.1,1.0,Minutes of the meeting of CWWG as on 30.03.2026_p1_c23,VERIFIED
1414,Bengal Gram (Gram/Chickpea),Andhra Pradesh,State-wide,2026-03-30,3,Harvesting,Bengal Gram (Gram/Chickpea) In Andhra Pradesh Has 95% Harvested,None,,,1,Minutes of the meeting of CWWG as on 30.03.2026.pdf,0.9,Bengal Gram (Gram/Chickpea) in Andhra Pradesh has 95% harvested.,rule_based,2.1,1.0,Minutes of the meeting of CWWG as on 30.03.2026_p1_c24,VERIFIED
1415,Lentil (Masur),Uttar Pradesh,State-wide,2026-03-30,3,Harvesting,Lentil (Masur) In Uttar Pradesh Has 50% Harvested,None,,,1,Minutes of the meeting of CWWG as on 30.03.2026.pdf,0.9,Lentil (Masur) in Uttar Pradesh has 50% harvested.,rule_based,2.1,1.0,Minutes of the meeting of CWWG as on 30.03.2026_p1_c25,VERIFIED
1416,Lentil (Masur),West Bengal,State-wide,2026-03-30,3,Harvesting,Lentil (Masur) In West Bengal Has 75% Harvested,None,,,1,Minutes of the meeting of CWWG as on 30.03.2026.pdf,0.9,Lentil (Masur) in West Bengal has 75% harvested.,rule_based,2.1,1.0,Minutes of the meeting of CWWG as on 30.03.2026_p1_c26,VERIFIED
1417,Lentil (Masur),Madhya Pradesh,State-wide,2026-03-30,3,Harvesting,Lentil (Masur) In Madhya Pradesh Has 50% Harvested,None,,,1,Minutes of the meeting of CWWG as on 30.03.2026.pdf,0.9,Lentil (Masur) in Madhya Pradesh has 50% harvested.,rule_based,2.1,1.0,Minutes of the meeting of CWWG as on 30.03.2026_p1_c27,VERIFIED
1418,Lentil (Masur),Bihar,State-wide,2026-03-30,3,Harvesting,Lentil (Masur) In Bihar Has 25% Harvested,None,,,1,Minutes of the meeting of CWWG as on 30.03.2026.pdf,0.9,Lentil (Masur) in Bihar has 25% harvested.,rule_based,2.1,1.0,Minutes of the meeting of CWWG as on 30.03.2026_p1_c28,VERIFIED
1419,Lentil (Masur),West Bengal,State-wide,2026-03-30,3,Harvesting,Lentil (Masur) Is 100% Harvested In West Bengal,None,,,1,Minutes of the meeting of CWWG as on 30.03.2026.pdf,0.9,Lentil (Masur) is 100% harvested in West Bengal.,rule_based,2.1,1.0,Minutes of the meeting of CWWG as on 30.03.2026_p1_c29,VERIFIED
1420,Lentil (Masur),Assam,State-wide,2026-03-30,3,Harvesting,Lentil (Masur) Is 100% Harvested In Assam,None,,,1,Minutes of the meeting of CWWG as on 30.03.2026.pdf,0.9,Lentil (Masur) is 100% harvested in Assam.,rule_based,2.1,1.0,Minutes of the meeting of CWWG as on 30.03.2026_p1_c30,VERIFIED
1421,Lentil (Masur),Uttar Pradesh,State-wide,2026-03-30,3,Harvesting,Lentil (Masur) In Uttar Pradesh Has 95% Harvested,None,,,1,Minutes of the meeting of CWWG as on 30.03.2026.pdf,0.9,Lentil (Masur) in Uttar Pradesh has 95% harvested.,rule_based,2.1,1.0,Minutes of the meeting of CWWG as on 30.03.2026_p1_c31,VERIFIED
1422,Lentil (Masur),Madhya Pradesh,State-wide,2026-03-30,3,Harvesting,Lentil (Masur) In Madhya Pradesh Has 95% Harvested,None,,,1,Minutes of the meeting of CWWG as on 30.03.2026.pdf,0.9,Lentil (Masur) in Madhya Pradesh has 95% harvested.,rule_based,2.1,1.0,Minutes of the meeting of CWWG as on 30.03.2026_p1_c32,VERIFIED
1423,Lentil (Masur),Jharkhand,State-wide,2026-03-30,3,Harvesting,Lentil (Masur) In Jharkhand Has 50% Harvested,None,,,1,Minutes of the meeting of CWWG as on 30.03.2026.pdf,0.9,Lentil (Masur) in Jharkhand has 50% harvested.,rule_based,2.1,1.0,Minutes of the meeting of CWWG as on 30.03.2026_p1_c33,VERIFIED
1424,Lentil (Masur),Karnataka,State-wide,2026-03-30,3,Harvesting,Lentil (Masur) Is 100% Harvested In Karnataka,None,,,1,Minutes of the meeting of CWWG as on 30.03.2026.pdf,0.9,Lentil (Masur) is 100% harvested in Karnataka.,rule_based,2.1,1.0,Minutes of the meeting of CWWG as on 30.03.2026_p1_c34,VERIFIED
1425,Lentil (Masur),Chhattisgarh,State-wide,2026-03-30,3,Harvesting,Lentil (Masur) Is 100% Harvested In Chhattisgarh,None,,,1,Minutes of the meeting of CWWG as on 30.03.2026.pdf,0.9,Lentil (Masur) is 100% harvested in Chhattisgarh.,rule_based,2.1,1.0,Minutes of the meeting of CWWG as on 30.03.2026_p1_c35,VERIFIED
1426,Lentil (Masur),Tamil Nadu,State-wide,2026-03-30,3,Harvesting,Lentil (Masur) In Tamil Nadu Has 95% Harvested,None,,,1,Minutes of the meeting of CWWG as on 30.03.2026.pdf,0.9,Lentil (Masur) in Tamil Nadu has 95% harvested.,rule_based,2.1,1.0,Minutes of the meeting of CWWG as on 30.03.2026_p1_c36,VERIFIED
1427,Lentil (Masur),West Bengal,State-wide,2026-03-30,3,Harvesting,Lentil (Masur) In West Bengal Has 90% Harvested,None,,,1,Minutes of the meeting of CWWG as on 30.03.2026.pdf,0.9,Lentil (Masur) in West Bengal has 90% harvested.,rule_based,2.1,1.0,Minutes of the meeting of CWWG as on 30.03.2026_p1_c37,VERIFIED
1428,Lentil (Masur),Tamil Nadu,State-wide,2026-03-30,3,Harvesting,Lentil (Masur) Is 100% Harvested In Tamil Nadu,None,,,1,Minutes of the meeting of CWWG as on 30.03.2026.pdf,0.9,Lentil (Masur) is 100% harvested in Tamil Nadu.,rule_based,2.1,1.0,Minutes of the meeting of CWWG as on 30.03.2026_p1_c38,VERIFIED
1429,Lentil (Masur),Andhra Pradesh,State-wide,2026-03-30,3,Harvesting,Lentil (Masur) In Andhra Pradesh Has 75% Harvested,None,,,1,Minutes of the meeting of CWWG as on 30.03.2026.pdf,0.9,Lentil (Masur) in Andhra Pradesh has 75% harvested.,rule_based,2.1,1.0,Minutes of the meeting of CWWG as on 30.03.2026_p1_c39,VERIFIED
1430,Lentil (Masur),Chhattisgarh,State-wide,2026-03-30,3,Harvesting,Lentil (Masur) In Chhattisgarh Has 25% Harvested,None,,,1,Minutes of the meeting of CWWG as on 30.03.2026.pdf,0.9,Lentil (Masur) in Chhattisgarh has 25% harvested.,rule_based,2.1,1.0,Minutes of the meeting of CWWG as on 30.03.2026_p1_c40,VERIFIED
1431,Green Gram (Moong),Tamil Nadu,State-wide,2026-03-30,3,Harvesting,Green Gram (Moong) In Tamil Nadu Has 90% Harvested,None,,,1,Minutes of the meeting of CWWG as on 30.03.2026.pdf,0.9,Green Gram (Moong) in Tamil Nadu has 90% harvested.,rule_based,2.1,1.0,Minutes of the meeting of CWWG as on 30.03.2026_p1_c41,VERIFIED
1432,Green Gram (Moong),Andhra Pradesh,State-wide,2026-03-30,3,Harvesting,Green Gram (Moong) In Andhra Pradesh Has 75% Harvested,None,,,1,Minutes of the meeting of CWWG as on 30.03.2026.pdf,0.9,Green Gram (Moong) in Andhra Pradesh has 75% harvested.,rule_based,2.1,1.0,Minutes of the meeting of CWWG as on 30.03.2026_p1_c42,VERIFIED
1433,Green Gram (Moong),West Bengal,State-wide,2026-03-30,3,Harvesting,Green Gram (Moong) In West Bengal Has 90% Harvested,None,,,1,Minutes of the meeting of CWWG as on 30.03.2026.pdf,0.9,Green Gram (Moong) in West Bengal has 90% harvested.,rule_based,2.1,1.0,Minutes of the meeting of CWWG as on 30.03.2026_p1_c43,VERIFIED
1434,Green Gram (Moong),Chhattisgarh,State-wide,2026-03-30,3,Harvesting,Green Gram (Moong) In Chhattisgarh Has 75% Harvested,None,,,1,Minutes of the meeting of CWWG as on 30.03.2026.pdf,0.9,Green Gram (Moong) in Chhattisgarh has 75% harvested.,rule_based,2.1,1.0,Minutes of the meeting of CWWG as on 30.03.2026_p1_c44,VERIFIED
1435,Green Gram (Moong),Bihar,State-wide,2026-03-30,3,Harvesting,Green Gram (Moong) In Bihar Has 40% Harvested,None,,,1,Minutes of the meeting of CWWG as on 30.03.2026.pdf,0.9,Green Gram (Moong) in Bihar has 40% harvested.,rule_based,2.1,1.0,Minutes of the meeting of CWWG as on 30.03.2026_p1_c45,VERIFIED
1436,Maize,Bihar,State-wide,2026-03-30,3,Harvesting,None,None,,,1,Minutes of the meeting of CWWG as on 30.03.2026.pdf,0.9,h Other Pulses $ 5.46 5.30 86.00 Harvesting is going on in a full swing.,rule_based,2.1,1.0,Minutes of the meeting of CWWG as on 30.03.2026_p1_c46,VERIFIED
1437,Maize,Bihar,State-wide,2026-03-30,3,Harvesting,None,None,,,1,Minutes of the meeting of CWWG as on 30.03.2026.pdf,0.9,"4 Shri Anna & Coarse cereals 55.33 60.93 38.31 Overall around 38% area has been harvested mainly in Jowar (54%), Maize (30%), Barley (16%), etc has already been harvested.",rule_based,2.1,1.0,Minutes of the meeting of CWWG as on 30.03.2026_p1_c47,VERIFIED
1438,Sorghum (Jowar),Maharashtra,State-wide,2026-03-30,3,Harvesting,Sorghum (Jowar) In Maharashtra Has 45% Harvested,None,,,1,Minutes of the meeting of CWWG as on 30.03.2026.pdf,0.9,Sorghum (Jowar) in Maharashtra has 45% harvested.,rule_based,2.1,1.0,Minutes of the meeting of CWWG as on 30.03.2026_p1_c48,VERIFIED
1439,Sorghum (Jowar),Karnataka,State-wide,2026-03-30,3,Harvesting,Sorghum (Jowar) In Karnataka Has 75% Harvested,None,,,1,Minutes of the meeting of CWWG as on 30.03.2026.pdf,0.9,Sorghum (Jowar) in Karnataka has 75% harvested.,rule_based,2.1,1.0,Minutes of the meeting of CWWG as on 30.03.2026_p1_c49,VERIFIED
1440,Sorghum (Jowar),Tamil Nadu,State-wide,2026-03-30,3,Harvesting,Sorghum (Jowar) In Tamil Nadu Has 85% Harvested,None,,,1,Minutes of the meeting of CWWG as on 30.03.2026.pdf,0.9,Sorghum (Jowar) in Tamil Nadu has 85% harvested.,rule_based,2.1,1.0,Minutes of the meeting of CWWG as on 30.03.2026_p1_c50,VERIFIED
1441,Sorghum (Jowar),Telangana,State-wide,2026-03-30,3,Harvesting,Sorghum (Jowar) In Telangana Has 20% Harvested,None,,,1,Minutes of the meeting of CWWG as on 30.03.2026.pdf,0.9,Sorghum (Jowar) in Telangana has 20% harvested.,rule_based,2.1,1.0,Minutes of the meeting of CWWG as on 30.03.2026_p1_c51,VERIFIED
1442,Sorghum (Jowar),Andhra Pradesh,State-wide,2026-03-30,3,Harvesting,Sorghum (Jowar) In Andhra Pradesh Has 29% Harvested,None,,,1,Minutes of the meeting of CWWG as on 30.03.2026.pdf,0.9,Sorghum (Jowar) in Andhra Pradesh has 29% harvested.,rule_based,2.1,1.0,Minutes of the meeting of CWWG as on 30.03.2026_p1_c52,VERIFIED
1443,Maize,Telangana,State-wide,2026-03-30,3,Harvesting,Maize In Telangana Has 82% Harvested,None,,,1,Minutes of the meeting of CWWG as on 30.03.2026.pdf,0.9,Maize in Telangana has 82% harvested.,rule_based,2.1,1.0,Minutes of the meeting of CWWG as on 30.03.2026_p1_c53,VERIFIED
1444,Maize,Tamil Nadu,State-wide,2026-03-30,3,Harvesting,Maize In Tamil Nadu Has 55% Harvested,None,,,1,Minutes of the meeting of CWWG as on 30.03.2026.pdf,0.9,Maize in Tamil Nadu has 55% harvested.,rule_based,2.1,1.0,Minutes of the meeting of CWWG as on 30.03.2026_p1_c54,VERIFIED
1445,Maize,Karnataka,State-wide,2026-03-30,3,Harvesting,Maize In Karnataka Has 60% Harvested,None,,,1,Minutes of the meeting of CWWG as on 30.03.2026.pdf,0.9,Maize in Karnataka has 60% harvested.,rule_based,2.1,1.0,Minutes of the meeting of CWWG as on 30.03.2026_p1_c55,VERIFIED
1446,Maize,Maharashtra,State-wide,2026-03-30,3,Harvesting,Maize In Maharashtra Has 21% Harvested,None,,,1,Minutes of the meeting of CWWG as on 30.03.2026.pdf,0.9,Maize in Maharashtra has 21% harvested.,rule_based,2.1,1.0,Minutes of the meeting of CWWG as on 30.03.2026_p1_c56,VERIFIED
1447,Maize,Gujarat,State-wide,2026-03-30,3,Harvesting,Maize In Gujarat Has 35% Harvested,None,,,1,Minutes of the meeting of CWWG as on 30.03.2026.pdf,0.9,Maize in Gujarat has 35% harvested.,rule_based,2.1,1.0,Minutes of the meeting of CWWG as on 30.03.2026_p1_c57,VERIFIED
1448,Maize,Andhra Pradesh,State-wide,2026-03-30,3,Harvesting,Maize In Andhra Pradesh Has 13% Harvested,None,,,1,Minutes of the meeting of CWWG as on 30.03.2026.pdf,0.9,Maize in Andhra Pradesh has 13% harvested.,rule_based,2.1,1.0,Minutes of the meeting of CWWG as on 30.03.2026_p1_c58,VERIFIED
1449,Maize,West Bengal,State-wide,2026-03-30,3,Harvesting,Maize In West Bengal Has 15% Harvested,None,,,1,Minutes of the meeting of CWWG as on 30.03.2026.pdf,0.9,Maize in West Bengal has 15% harvested.,rule_based,2.1,1.0,Minutes of the meeting of CWWG as on 30.03.2026_p1_c59,VERIFIED
1450,Maize,Uttar Pradesh,State-wide,2026-03-30,3,Harvesting,Maize In Uttar Pradesh Has 10% Harvested,None,,,1,Minutes of the meeting of CWWG as on 30.03.2026.pdf,0.9,Maize in Uttar Pradesh has 10% harvested.,rule_based,2.1,1.0,Minutes of the meeting of CWWG as on 30.03.2026_p1_c60,VERIFIED
1451,Maize,Maharashtra,State-wide,2026-03-30,3,Harvesting,Maize In Maharashtra Has 9% Harvested,None,,,1,Minutes of the meeting of CWWG as on 30.03.2026.pdf,0.9,Maize in Maharashtra has 9% harvested.,rule_based,2.1,1.0,Minutes of the meeting of CWWG as on 30.03.2026_p1_c61,VERIFIED
1452,Maize,Rajasthan,State-wide,2026-03-30,3,Harvesting,Maize In Rajasthan Has 21% Harvested,None,,,1,Minutes of the meeting of CWWG as on 30.03.2026.pdf,0.9,Maize in Rajasthan has 21% harvested.,rule_based,2.1,1.0,Minutes of the meeting of CWWG as on 30.03.2026_p1_c62,VERIFIED
1453,Maize,Madhya Pradesh,State-wide,2026-03-30,3,Harvesting,Maize In Madhya Pradesh Has 7% Harvested,None,,,1,Minutes of the meeting of CWWG as on 30.03.2026.pdf,0.9,Maize in Madhya Pradesh has 7% harvested.,rule_based,2.1,1.0,Minutes of the meeting of CWWG as on 30.03.2026_p1_c63,VERIFIED
1454,Groundnut,Madhya Pradesh,State-wide,2026-03-30,3,Harvesting,None,None,,,1,Minutes of the meeting of CWWG as on 30.03.2026.pdf,0.9,"5 Oilseeds 86.78 97.19 71.56 Overall around 72% area has been harvested mainly in Rapeseed & Mustard (76%), Groundnut (30%), Safflower (53%), Sunflower (67%), Linseed (48%), etc has already been harvested.",rule_based,2.1,1.0,Minutes of the meeting of CWWG as on 30.03.2026_p1_c64,VERIFIED
1455,Mustard,Madhya Pradesh,State-wide,2026-03-30,3,Active Growth,None,None,,,1,Minutes of the meeting of CWWG as on 30.03.2026.pdf,0.7,----- -------------------- --------- --------- --------- ------------------------------------------------------------------------------------------------------------------------------------------------------------------------------------------------,rule_based,2.1,1.0,Minutes of the meeting of CWWG as on 30.03.2026_p1_c65,VERIFIED
1456,Mustard,Karnataka,State-wide,2026-03-30,3,Harvesting,Mustard Is 100% Harvested In Karnataka,None,,,1,Minutes of the meeting of CWWG as on 30.03.2026.pdf,0.9,Mustard is 100% harvested in Karnataka.,rule_based,2.1,1.0,Minutes of the meeting of CWWG as on 30.03.2026_p1_c66,VERIFIED
1457,Mustard,Bihar,State-wide,2026-03-30,3,Harvesting,Mustard Is 100% Harvested In Bihar,None,,,1,Minutes of the meeting of CWWG as on 30.03.2026.pdf,0.9,Mustard is 100% harvested in Bihar.,rule_based,2.1,1.0,Minutes of the meeting of CWWG as on 30.03.2026_p1_c67,VERIFIED
1458,Mustard,Assam,State-wide,2026-03-30,3,Harvesting,Mustard Is 100% Harvested In Assam,None,,,1,Minutes of the meeting of CWWG as on 30.03.2026.pdf,0.9,Mustard is 100% harvested in Assam.,rule_based,2.1,1.0,Minutes of the meeting of CWWG as on 30.03.2026_p1_c68,VERIFIED
1459,Mustard,Telangana,State-wide,2026-03-30,3,Harvesting,Mustard Is 100% Harvested In Telangana,None,,,1,Minutes of the meeting of CWWG as on 30.03.2026.pdf,0.9,Mustard is 100% harvested in Telangana.,rule_based,2.1,1.0,Minutes of the meeting of CWWG as on 30.03.2026_p1_c69,VERIFIED
1460,Mustard,Rajasthan,State-wide,2026-03-30,3,Harvesting,Mustard In Rajasthan Has 80% Harvested,None,,,1,Minutes of the meeting of CWWG as on 30.03.2026.pdf,0.9,Mustard in Rajasthan has 80% harvested.,rule_based,2.1,1.0,Minutes of the meeting of CWWG as on 30.03.2026_p1_c70,VERIFIED
1461,Mustard,Uttar Pradesh,State-wide,2026-03-30,3,Harvesting,Mustard In Uttar Pradesh Has 60% Harvested,None,,,1,Minutes of the meeting of CWWG as on 30.03.2026.pdf,0.9,Mustard in Uttar Pradesh has 60% harvested.,rule_based,2.1,1.0,Minutes of the meeting of CWWG as on 30.03.2026_p1_c71,VERIFIED
1462,Mustard,Madhya Pradesh,State-wide,2026-03-30,3,Harvesting,Mustard In Madhya Pradesh Has 70% Harvested,None,,,1,Minutes of the meeting of CWWG as on 30.03.2026.pdf,0.9,Mustard in Madhya Pradesh has 70% harvested.,rule_based,2.1,1.0,Minutes of the meeting of CWWG as on 30.03.2026_p1_c72,VERIFIED
1463,Mustard,West Bengal,State-wide,2026-03-30,3,Harvesting,Mustard In West Bengal Has 92% Harvested,None,,,1,Minutes of the meeting of CWWG as on 30.03.2026.pdf,0.9,Mustard in West Bengal has 92% harvested.,rule_based,2.1,1.0,Minutes of the meeting of CWWG as on 30.03.2026_p1_c73,VERIFIED
1464,Mustard,Gujarat,State-wide,2026-03-30,3,Harvesting,Mustard In Gujarat Has 85% Harvested,None,,,1,Minutes of the meeting of CWWG as on 30.03.2026.pdf,0.9,Mustard in Gujarat has 85% harvested.,rule_based,2.1,1.0,Minutes of the meeting of CWWG as on 30.03.2026_p1_c74,VERIFIED
1465,Mustard,Haryana,State-wide,2026-03-30,3,Harvesting,Mustard In Haryana Has 80% Harvested,None,,,1,Minutes of the meeting of CWWG as on 30.03.2026.pdf,0.9,Mustard in Haryana has 80% harvested.,rule_based,2.1,1.0,Minutes of the meeting of CWWG as on 30.03.2026_p1_c75,VERIFIED
1466,Mustard,Jharkhand,State-wide,2026-03-30,3,Harvesting,Mustard In Jharkhand Has 60% Harvested,None,,,1,Minutes of the meeting of CWWG as on 30.03.2026.pdf,0.9,Mustard in Jharkhand has 60% harvested.,rule_based,2.1,1.0,Minutes of the meeting of CWWG as on 30.03.2026_p1_c76,VERIFIED
1467,Groundnut,Telangana,State-wide,2026-03-30,3,Harvesting,Groundnut In Telangana Has 67% Harvested,None,,,1,Minutes of the meeting of CWWG as on 30.03.2026.pdf,0.9,Groundnut in Telangana has 67% harvested.,rule_based,2.1,1.0,Minutes of the meeting of CWWG as on 30.03.2026_p1_c77,VERIFIED
1468,Groundnut,Tamil Nadu,State-wide,2026-03-30,3,Harvesting,Groundnut In Tamil Nadu Has 39% Harvested,None,,,1,Minutes of the meeting of CWWG as on 30.03.2026.pdf,0.9,Groundnut in Tamil Nadu has 39% harvested.,rule_based,2.1,1.0,Minutes of the meeting of CWWG as on 30.03.2026_p1_c78,VERIFIED
1469,Groundnut,Andhra Pradesh,State-wide,2026-03-30,3,Harvesting,Groundnut In Andhra Pradesh Has 20% Harvested,None,,,1,Minutes of the meeting of CWWG as on 30.03.2026.pdf,0.9,Groundnut in Andhra Pradesh has 20% harvested.,rule_based,2.1,1.0,Minutes of the meeting of CWWG as on 30.03.2026_p1_c79,VERIFIED
1470,Groundnut,Karnataka,State-wide,2026-03-30,3,Harvesting,Groundnut In Karnataka Has 12% Harvested,None,,,1,Minutes of the meeting of CWWG as on 30.03.2026.pdf,0.9,Groundnut in Karnataka has 12% harvested.,rule_based,2.1,1.0,Minutes of the meeting of CWWG as on 30.03.2026_p1_c80,VERIFIED
1471,Groundnut,Karnataka,State-wide,2026-03-30,3,Harvesting,Groundnut In Karnataka Has 87% Harvested,None,,,1,Minutes of the meeting of CWWG as on 30.03.2026.pdf,0.9,Groundnut in Karnataka has 87% harvested.,rule_based,2.1,1.0,Minutes of the meeting of CWWG as on 30.03.2026_p1_c81,VERIFIED
1472,Groundnut,Andhra Pradesh,State-wide,2026-03-30,3,Harvesting,Groundnut In Andhra Pradesh Has 30% Harvested,None,,,1,Minutes of the meeting of CWWG as on 30.03.2026.pdf,0.9,Groundnut in Andhra Pradesh has 30% harvested.,rule_based,2.1,1.0,Minutes of the meeting of CWWG as on 30.03.2026_p1_c82,VERIFIED
1473,Groundnut,Telangana,State-wide,2026-03-30,3,Harvesting,Groundnut In Telangana Has 14% Harvested,None,,,1,Minutes of the meeting of CWWG as on 30.03.2026.pdf,0.9,Groundnut in Telangana has 14% harvested.,rule_based,2.1,1.0,Minutes of the meeting of CWWG as on 30.03.2026_p1_c83,VERIFIED
1474,Sunflower,Karnataka,State-wide,2026-03-30,3,Harvesting,Sunflower In Karnataka Has 93% Harvested,None,,,1,Minutes of the meeting of CWWG as on 30.03.2026.pdf,0.9,Sunflower in Karnataka has 93% harvested.,rule_based,2.1,1.0,Minutes of the meeting of CWWG as on 30.03.2026_p1_c84,VERIFIED
1475,Sunflower,Odisha,State-wide,2026-03-30,3,Harvesting,Sunflower In Odisha Has 30% Harvested,None,,,1,Minutes of the meeting of CWWG as on 30.03.2026.pdf,0.9,Sunflower in Odisha has 30% harvested.,rule_based,2.1,1.0,Minutes of the meeting of CWWG as on 30.03.2026_p1_c85,VERIFIED
1476,Sunflower,Tamil Nadu,State-wide,2026-03-30,3,Harvesting,Sunflower In Tamil Nadu Has 69% Harvested,None,,,1,Minutes of the meeting of CWWG as on 30.03.2026.pdf,0.9,Sunflower in Tamil Nadu has 69% harvested.,rule_based,2.1,1.0,Minutes of the meeting of CWWG as on 30.03.2026_p1_c86,VERIFIED
1477,Sesame (Sesamum),Karnataka,State-wide,2026-03-30,3,Harvesting,Sesame (Sesamum) Is 100% Harvested In Karnataka,None,,,1,Minutes of the meeting of CWWG as on 30.03.2026.pdf,0.9,Sesame (Sesamum) is 100% harvested in Karnataka.,rule_based,2.1,1.0,Minutes of the meeting of CWWG as on 30.03.2026_p1_c87,VERIFIED
1478,Sesame (Sesamum),Chhattisgarh,State-wide,2026-03-30,3,Harvesting,Sesame (Sesamum) Is 100% Harvested In Chhattisgarh,None,,,1,Minutes of the meeting of CWWG as on 30.03.2026.pdf,0.9,Sesame (Sesamum) is 100% harvested in Chhattisgarh.,rule_based,2.1,1.0,Minutes of the meeting of CWWG as on 30.03.2026_p1_c88,VERIFIED
1479,Sesame (Sesamum),Odisha,State-wide,2026-03-30,3,Harvesting,Sesame (Sesamum) In Odisha Has 10% Harvested,None,,,1,Minutes of the meeting of CWWG as on 30.03.2026.pdf,0.9,Sesame (Sesamum) in Odisha has 10% harvested.,rule_based,2.1,1.0,Minutes of the meeting of CWWG as on 30.03.2026_p1_c89,VERIFIED
1480,Sesame (Sesamum),Tamil Nadu,State-wide,2026-03-30,3,Harvesting,Sesame (Sesamum) In Tamil Nadu Has 33% Harvested,None,,,1,Minutes of the meeting of CWWG as on 30.03.2026.pdf,0.9,Sesame (Sesamum) in Tamil Nadu has 33% harvested.,rule_based,2.1,1.0,Minutes of the meeting of CWWG as on 30.03.2026_p1_c90,VERIFIED
1481,Sesame (Sesamum),Andhra Pradesh,State-wide,2026-03-30,3,Harvesting,Sesame (Sesamum) In Andhra Pradesh Has 6% Harvested,None,,,1,Minutes of the meeting of CWWG as on 30.03.2026.pdf,0.9,Sesame (Sesamum) in Andhra Pradesh has 6% harvested.,rule_based,2.1,1.0,Minutes of the meeting of CWWG as on 30.03.2026_p1_c91,VERIFIED
1482,Sesame (Sesamum),Madhya Pradesh,State-wide,2026-03-30,3,Harvesting,Sesame (Sesamum) In Madhya Pradesh Has 60% Harvested,None,,,1,Minutes of the meeting of CWWG as on 30.03.2026.pdf,0.9,Sesame (Sesamum) in Madhya Pradesh has 60% harvested.,rule_based,2.1,1.0,Minutes of the meeting of CWWG as on 30.03.2026_p1_c92,VERIFIED
1483,Sesame (Sesamum),Uttar Pradesh,State-wide,2026-03-30,3,Harvesting,Sesame (Sesamum) In Uttar Pradesh Has 40% Harvested,None,,,1,Minutes of the meeting of CWWG as on 30.03.2026.pdf,0.9,Sesame (Sesamum) in Uttar Pradesh has 40% harvested.,rule_based,2.1,1.0,Minutes of the meeting of CWWG as on 30.03.2026_p1_c93,VERIFIED
1484,Sesame (Sesamum),Rajasthan,State-wide,2026-03-30,3,Harvesting,Sesame (Sesamum) In Rajasthan Has 50% Harvested,None,,,1,Minutes of the meeting of CWWG as on 30.03.2026.pdf,0.9,Sesame (Sesamum) in Rajasthan has 50% harvested.,rule_based,2.1,1.0,Minutes of the meeting of CWWG as on 30.03.2026_p1_c94,VERIFIED
1485,Sesame (Sesamum),Chhattisgarh,State-wide,2026-03-30,3,Harvesting,Sesame (Sesamum) In Chhattisgarh Has 45% Harvested,None,,,1,Minutes of the meeting of CWWG as on 30.03.2026.pdf,0.9,Sesame (Sesamum) in Chhattisgarh has 45% harvested.,rule_based,2.1,1.0,Minutes of the meeting of CWWG as on 30.03.2026_p1_c95,VERIFIED
1486,Sesame (Sesamum),Jharkhand,State-wide,2026-03-30,3,Harvesting,Sesame (Sesamum) In Jharkhand Has 25% Harvested,None,,,1,Minutes of the meeting of CWWG as on 30.03.2026.pdf,0.9,Sesame (Sesamum) in Jharkhand has 25% harvested.,rule_based,2.1,1.0,Minutes of the meeting of CWWG as on 30.03.2026_p1_c96,VERIFIED
1487,Sesame (Sesamum),Bihar,State-wide,2026-03-30,3,Harvesting,Sesame (Sesamum) In Bihar Has 20% Harvested,None,,,1,Minutes of the meeting of CWWG as on 30.03.2026.pdf,0.9,Sesame (Sesamum) in Bihar has 20% harvested.,rule_based,2.1,1.0,Minutes of the meeting of CWWG as on 30.03.2026_p1_c97,VERIFIED
1488,Oilseeds,Bihar,State-wide,2026-03-30,3,Harvesting,None,None,,,1,Minutes of the meeting of CWWG as on 30.03.2026.pdf,0.9,"g Other Oilseeds 0.00 0.40 33.35 Harvesting is going on. Total Crops 637.81 676.84 32.26 Source: Crop Division, DoA&amp;FW.",rule_based,2.1,1.0,Minutes of the meeting of CWWG as on 30.03.2026_p1_c98,VERIFIED
1120,Crop,Maharashtra,State-wide,2026-03-16,3,Active Growth,"Maximum Temperatures Are Likely To Be Above Normal Over Most Parts Of The Country Except, Madhya  Pradesh,  Interior  Maharashtra,  Interior-Karnatak,  Telangana,  Rayalaseema,  And Kerala; Where They Are Below Normal By 2-3°C During The Week",None,,,1,Minutes of the meeting of CWWG as on 16.03.2026.pdf,0.9," Maximum temperatures are likely to be above normal over most parts of the country except, Madhya Pradesh, interior Maharashtra, interior-Karnatak, Telangana, Rayalaseema, and Kerala; where they are below normal by 2-3°C during the week.",rule_based,2.1,1.0,Minutes of the meeting of CWWG as on 16.03.2026_p1_c1,VERIFIED
1121,Crop,Odisha,State-wide,2026-03-16,3,Active Growth,"Maximum  Temperatures  Are  Likely  To  Be  Above  Normal  Over  J&Amp;K,  Himachal  Pradesh, Uttarakhand,  Arunachal  Pradesh,  Odisha,  Some  Parts  Of  East  M.P.,  Chhattisgarh,  Tamil Nadu, Cap, Coastal Karnataka, Konkan-Goa And Gujarat",None,,,1,Minutes of the meeting of CWWG as on 16.03.2026.pdf,0.9," Maximum temperatures are likely to be above normal over J&amp;K, Himachal Pradesh, Uttarakhand, Arunachal Pradesh, Odisha, some parts of East M.P., Chhattisgarh, Tamil Nadu, CAP, Coastal Karnataka, Konkan-Goa and Gujarat.",rule_based,2.1,1.0,Minutes of the meeting of CWWG as on 16.03.2026_p1_c2,VERIFIED
1122,Oilseeds,Odisha,State-wide,2026-03-16,3,Active Growth,None,None,,,1,Minutes of the meeting of CWWG as on 16.03.2026.pdf,0.7," Rice: About 21.80 lakh ha area coverage under Summer Rice has been reported as compared to 23.45 lakh ha during the corresponding period of last year.
-
Pulses: About 1.15 lakh ha area coverage has been reported compared to 1.03 lakh ha during the corresponding period of last year.
-
Oilseeds: About 1.69 lakh ha area coverage has been reported compared to 1.26 lakh ha during the corresponding period of last year.",rule_based,2.1,1.0,Minutes of the meeting of CWWG as on 16.03.2026_p1_c3,VERIFIED
1123,Oilseeds,Odisha,State-wide,2026-03-16,3,Sowing,None,None,,,1,Minutes of the meeting of CWWG as on 16.03.2026.pdf,0.9,"Progress of Area coverage under Summer crops as on 13.03.2026
Area: In lakh hectare Sl. No. Normal Summer Area Final Summer Area 2025 Area Sown Area Sown Increase/ Decrease over corresponding period of Last year ----------- ------------------------------- ---------------------- -------------------------- --------------------- ------------------------------------------ ------------------------------------------------------------- Sl. No. Crops (DES)* Final Summer Area 2025 Current Year (2026) Corresponding period of Last Year (2025) Increase/ Decrease over corresponding period of Last year 1 Rice 31.49 33.28 26.75 27.97 1.22 2 Pulses 23.40 27.07 2.25 1.74 0.51 a Greengram 20.44 23.49 1.33 1.09 0.23 b Blackgram 2.96 3.58 0.71 0.51 0.20 c Other Pulses 0.00 0.21 0.13 0.08 3 Shree Anna cum Coarse Cereals 12.08 14.06 4.14 4.41 0.26 a Jowar 0.34 0.36 0.15 0.25 0.10 b Bajra 4.43 5.20 0.83 0.84 0.02 c Ragi 0.31 0.19 0.11 0.08 d Small Millets 0.02 0.02 0.02 0.00 e Maize 6.98 8.50 2.96 3.19 0.22 4 Oilseeds 8.40 9.51 3.08 3.13 0.06 a Groundnut 3.40 4.20 2.00 2.04 0.04 b Sunflower 0.34 0.35 0.24 0.20 0.03 c Sesamum 4.66 4.96 0.80 0.84 0.04 d Other Oilseeds 0.00 0.04 0.05 0.01 Total Total 75.37 83.92 36.22 37.25 1.03",rule_based,2.1,1.0,Minutes of the meeting of CWWG as on 16.03.2026_p1_c4,VERIFIED
1124,Oilseeds,Odisha,State-wide,2026-03-16,3,Active Growth,None,None,,,1,Minutes of the meeting of CWWG as on 16.03.2026.pdf,0.7," The overall intensity of pests and diseases remained below the Economic Threshold Level except. फ फफफफ / फफफफफफ / फफफफ District/ Sub District/ Village फफफफफ/ Source फफफ/फफफ Pest Disease फफफफफ फफफ फफफ फफ फफफफफफफ फफफ फफफफफफफफफ (फफफफफफफफ) Total area under the crop in the state (ha) फफफफफफफ Intensity फफफफफफफफ/फफफफफफफफफफफफफफफ * ETL ( फफफफफफफफ) फफ फफफ / Area infested/Infected above *ETL (ha) फफफफफ Action ------ -------------------------------------------------------- ----------------- ------------------------ ------------------------------------------------------------------------------------------------- ---------------------------------------------------------------------------------------------------------------- ---------------------------------- (Kukadi, panjra/ Katol/ Nagpur) NPSS/ Survey Gummosis 05 Pest reporte Adviso State well a htra (Kondhasa, oli, Kohala, Hatla, Wai (BK)/ NPSS/ Survey Leaf curl 05 portal 24.02. Regula being field Katol/ follow ---------- ----------",rule_based,2.1,1.0,Minutes of the meeting of CWWG as on 16.03.2026_p1_c5,VERIFIED
956,Oilseeds,All India,State-wide,2026-03-09,3,Active Growth,None,None,,,1,Minutes of the meeting of CWWG as on 09.03.2026.pdf,0.7," Rice: About 21.80 lakh ha area coverage under Summer Rice has been reported as compared to 23.45 lakh ha during the corresponding period of last year.
-
Pulses: About 1.15 lakh ha area coverage has been reported compared to 1.03 lakh ha during the corresponding period of last year.
-
Oilseeds: About 1.69 lakh ha area coverage has been reported compared to 1.26 lakh ha during the corresponding period of last year.",rule_based,2.1,1.0,Minutes of the meeting of CWWG as on 09.03.2026_p1_c1,VERIFIED
957,Oilseeds,Maharashtra,State-wide,2026-03-09,3,Active Growth,None,None,,,1,Minutes of the meeting of CWWG as on 09.03.2026.pdf,0.7," The overall intensity of pests and diseases remained below the Economic Threshold Level except. फसल Crop राǛ State िजला/उपिजला/गांव District/ Sub District/ Village ŷोत / Source कीट / रोग Pest Disease राǛ मŐ फसल क े अंतगŊत क ु ल Ɨेũफल ( हेƃेयर ) Total area under the crop in the state (ha) तीŴता Intensity संĐͧमत / Ĥभाͪवत¢ेğ *ETL ( हेÈटेयर ) सेऊपर /Area infested/Infected above *ETL (ha) की गई कारŊवाई / िटɔणी Action Taken/ Remark ------------ ------------- ---------------------------------------------------- ---------------- -------------------------- -------------------------------------------------------------------------------------------- ----------------------------------------------------------------------------------------------------- -------------------------------------------------------------------------------------------- Citrus Maharashtra (Kukadi, Panjra/ Katol/ Nagpur) NPSS/ Survey Gummosis 05 Pest incidence was reported on 24.02.2026
Advisory issued through State WhatsApp group as well as on NPSS web portal on dated 24.02.2026.
Regular monitoring is being carried out by all field functionaries as follow up action. -------- --------------------------------------------------------- -------------- ----------- ---- ---- ----------------------------------------------------------------------------------------------------------------------------------------------------------------------------------------------------------------------------------------- Chilli (Kondhasa, oli, Kohala, Hatla, Wai (BK)/ Katol/ Nagpur) NPSS/ Survey Leaf curl 05 Pest incidence was reported on 24.02.2026
Advisory issued through State WhatsApp group as well as on NPSS web portal on dated 24.02.2026.
Regular monitoring is being carried out by all field functionaries as follow up action.",rule_based,2.1,1.0,Minutes of the meeting of CWWG as on 09.03.2026_p1_c2,VERIFIED
762,Crop,Punjab,State-wide,2026-03-02,3,Active Growth,"Groundwater Levels :  In  August  2025,  In  Post-Monsoon 2025, Around 90% Of The Country'S Monitoring Stations Exhibited A Depth To Water Level Within 10 Meters Below Ground Level. Deeper  Water  Levels  Of  More  Than  20  M  Are  Observed  In  Around  5%  Of  Stations  Of  The Country  Covering  Mainly  The  Western  States,  Especially  Western  Rajasthan,  Punjab, Haryana And Chandigarh",None,,,1,Minutes of the meeting of CWWG as on 02.03.2026.pdf,0.9,"- b) Groundwater Levels : In August 2025, In Post-monsoon 2025, around 90% of the country's monitoring stations exhibited a depth to water level within 10 meters below ground level. Deeper water levels of more than 20 m are observed in around 5% of stations of the country covering mainly the western states, especially Western Rajasthan, Punjab, Haryana and Chandigarh.",rule_based,2.1,1.0,Minutes of the meeting of CWWG as on 02.03.2026_p1_c1,VERIFIED
763,Crop,Punjab,State-wide,2026-03-02,3,Active Growth,"The Deeper Groundwater Level In The States Like Western Rajasthan, Punjab, Haryana And Chandigarh  During  Post-Monsoon  2025  Has  Been  Significantly  Influenced  By  The  Over Extraction Of Groundwater Compared To The Recharge During The Monsoon Period",None,,,1,Minutes of the meeting of CWWG as on 02.03.2026.pdf,0.9,"The deeper groundwater level in the states like Western Rajasthan, Punjab, Haryana and Chandigarh during Post-monsoon 2025 has been significantly influenced by the over extraction of groundwater compared to the recharge during the monsoon period.",rule_based,2.1,1.0,Minutes of the meeting of CWWG as on 02.03.2026_p1_c2,VERIFIED
764,Crop,Punjab,State-wide,2026-03-02,3,Active Growth,None,None,,,1,Minutes of the meeting of CWWG as on 02.03.2026.pdf,0.9,"The Groundwater Drought Indices indicate that in Post-monsoon 2025 , groundwater conditions across India remained largely stable, with 91% of monitoring stations showing no deficit . However, localized deficits were observed in several regions notably in Meghalaya, Nagaland, and the Dadar Nagar Havili &amp; Daman &amp; Diu.",rule_based,2.1,1.0,Minutes of the meeting of CWWG as on 02.03.2026_p1_c3,VERIFIED
765,Crop,Maharashtra,State-wide,2026-03-02,3,Active Growth,Leaf curl,None,,,1,Minutes of the meeting of CWWG as on 02.03.2026.pdf,0.9,"- c) Fertilizers : The fertilizer supply remains stable across all products.
4. Pests &amp; Diseases : Intensity of pests and diseases at some fields has been reported to be above Economic Threshold Level for Citrus (Gummosis) and Chilli (Leaf curl) in Maharashtra. The Advisory has been issued by the survey team to the farms and regular monitoring is being
carried out. The overall intensity of pests and diseases remained below the Economic Threshold Level.",rule_based,2.1,1.0,Minutes of the meeting of CWWG as on 02.03.2026_p1_c4,VERIFIED
766,Crop,Karnataka,State-wide,2026-03-02,3,Active Growth,"Minimum  Temperature  Is  Likely  To  Be  Above  Normal  In  Many  Parts  Of  Nw  India,  Bihar, Gujarat  State,  Some  Parts  Of  Madhya  Maharashtra,  Many  Parts  Of  M.P.,  South  Karnataka, Some  Parts  Of  Tamil  Nadu,  Rayalseema,  Southern  Parts  Of  Cap  And  Ne  India.  Tmin  Is Likely  To  Be  Below  Normal  In  Many  Parts  Of  East  India,  Many  Parts  Of  Maharashtra  And Kerala",None,,,1,Minutes of the meeting of CWWG as on 02.03.2026.pdf,0.9,"Minimum temperature is likely to be above normal in many parts of NW India, Bihar, Gujarat state, some parts of Madhya Maharashtra, many parts of M.P., South Karnataka, some parts of Tamil Nadu, Rayalseema, Southern parts of CAP and NE India. TMIN is likely to be below normal in many parts of East India, many parts of Maharashtra and Kerala.",rule_based,2.1,1.0,Minutes of the meeting of CWWG as on 02.03.2026_p1_c5,VERIFIED
767,Oilseeds,Karnataka,State-wide,2026-03-02,3,Active Growth,None,None,,,1,Minutes of the meeting of CWWG as on 02.03.2026.pdf,0.7," Rice: About 21.80 lakh ha area coverage under Summer Rice has been reported as compared to 23.45 lakh ha during the corresponding period of last year.
-
Pulses: About 1.15 lakh ha area coverage has been reported compared to 1.03 lakh ha during the corresponding period of last year.
-
Oilseeds: About 1.69 lakh ha area coverage has been reported compared to 1.26 lakh ha during the corresponding period of last year.",rule_based,2.1,1.0,Minutes of the meeting of CWWG as on 02.03.2026_p1_c6,VERIFIED
768,Oilseeds,Karnataka,State-wide,2026-03-02,3,Sowing,None,None,,,1,Minutes of the meeting of CWWG as on 02.03.2026.pdf,0.9,"Progress of Area coverage under Summer crops as on 27.02.2026
Area: In lakh hectare Normal Final Summer Area 2025 Area Sown Area Sown Increase/ Decrease over corresponding period of Last year --------- ------------------------------- -------------------- -------------------------- --------------------- ------------------------------------------ ------------------------------------------------------------- Sl. No. Crops Summer Area (DES)* Current Year (2026) Corresponding period of Last Year (2025) 1 Rice 31.49 33.28 21.80 23.45 1.64 2 Pulses 23.40 27.07 1.15 1.03 0.12 a Greengram 20.44 23.49 0.73 0.70 0.03 b Blackgram 2.96 3.58 0.32 0.30 0.01 c Other Pulses 0.00 0.11 0.03 0.08 3 Shree Anna cum Coarse Cereals 12.08 14.06 1.88 1.68 0.20 a Jowar 0.34 0.36 0.06 0.04 0.02 b Bajra 4.43 5.20 0.31 0.21 0.10 c Ragi 0.31 0.17 0.05 0.11 d Small Millets 0.02 0.02 0.01 0.01 e Maize 6.98 8.50 1.33 1.36 0.04 4 Oilseeds 8.40 9.51 1.69 1.26 0.43 a Groundnut 3.40 4.20 1.33 1.02 0.30 b Sunflower 0.34 0.35 0.07 0.06 0.01 ------- ---------------- -------- -------- -------- -------- -------- c Sesamum 4.66 4.96 0.26 0.17 0.09 d Other Oilseeds 0.00 0.03 0.01 0.02 Total Total 75.37 83.92 26.53 27.42 0.89",rule_based,2.1,1.0,Minutes of the meeting of CWWG as on 02.03.2026_p1_c7,VERIFIED
769,Oilseeds,Maharashtra,State-wide,2026-03-02,3,Active Growth,None,None,,,1,Minutes of the meeting of CWWG as on 02.03.2026.pdf,0.7," The overall intensity of pests and diseases remained below the Economic Threshold Level except. फसल Crop राǛ State िजला/उपिजला/गांव District/ Sub District/ Village ŷोत / Source कीट / रोग Pest Disease राǛ मŐ फसल क े अंतगŊत क ु ल Ɨेũफल ( हेƃेयर ) Total area under the crop in the state (ha) तीŴता Intensity संĐͧमत / Ĥभाͪवत¢ेğ *ETL ( हेÈटेयर ) सेऊपर /Area infested/Infected above *ETL (ha) की गई कारŊवाई / िटɔणी Action Taken/ Remark ------------ ------------- ---------------------------------------------------- ---------------- -------------------------- -------------------------------------------------------------------------------------------- ----------------------------------------------------------------------------------------------------- -------------------------------------------------------------------------------------------- Citrus Maharashtra (Kukadi, Panjra/ Katol/ Nagpur) NPSS/ Survey Gummosis 05 Pest incidence was reported on 24.02.2026
Advisory issued through State WhatsApp group as well as on NPSS web portal on dated 24.02.2026.
Regular monitoring is being carried out by all field functionaries as follow up action. -------- --------------------------------------------------------- -------------- ----------- ---- ---- ----------------------------------------------------------------------------------------------------------------------------------------------------------------------------------------------------------------------------------------- Chilli (Kondhasa, oli, Kohala, Hatla, Wai (BK)/ Katol/ Nagpur) NPSS/ Survey Leaf curl 05 Pest incidence was reported on 24.02.2026
Advisory issued through State WhatsApp group as well as on NPSS web portal on dated 24.02.2026.
Regular monitoring is being carried out by all field functionaries as follow up action.",rule_based,2.1,1.0,Minutes of the meeting of CWWG as on 02.03.2026_p1_c8,VERIFIED
1269,Oilseeds,All India,State-wide,2026-02-23,2,Active Growth,None,None,,,1,Minutes of the meeting of CWWG as on 23.02.2026.pdf,0.7," Rice: About 17.78 lakh ha area coverage under Summer Rice has been reported as compared to 17.78 lakh ha during the corresponding period of last year.
-
Pulses: About 0.91 lakh ha area coverage has been reported compared to 0.76 lakh ha during the corresponding period of last year.
-
Oilseeds: About 1.24 lakh ha area coverage has been reported compared to 0.77 lakh ha during the corresponding period of last year.",rule_based,2.1,1.0,Minutes of the meeting of CWWG as on 23.02.2026_p1_c1,VERIFIED
1270,Oilseeds,All India,State-wide,2026-02-23,2,Sowing,None,None,,,1,Minutes of the meeting of CWWG as on 23.02.2026.pdf,0.9,"Progress of Area coverage under Summer crops as on 20.02.2026
Area: In lakh hectare Normal Summer Area (DES)* Final Summer Area 2025 Area Sown Area Sown Increase/ Decrease over corresponding period of Last year --------- -------------- ----------------------------- -------------------------- --------------------- ------------------------------------------ ------------------------------------------------------------- Sl. No. Crops Current Year (2026) Corresponding period of Last Year (2025) 1 Rice 31.49 33.28 17.78 17.78 0.00 2 Pulses 23.40 27.07 0.91 0.76 0.15 a Greengram 20.44 23.49 0.59 0.56 0.03 b Blackgram 2.96 3.58 0.25 0.19 0.06 c Other Pulses 0.00 0.07 0.01 0.06 3 Shree Anna cum Coarse Cereals 12.08 14.06 1.38 1.08 0.30 ------- --------------------------------- --------- --------- -------- -------- -------- a Jowar 0.34 0.36 0.04 0.03 0.02 b Bajra 4.43 5.20 0.12 0.14 0.03 c Ragi 0.31 0.15 0.02 0.13 d Small Millets 0.02 0.01 0.00 0.01 e Maize 6.98 8.50 1.06 0.89 0.17 4 Oilseeds 8.40 9.51 1.24 0.77 0.46 a Groundnut 3.40 4.20 1.04 0.60 0.44 b Sunflower 0.34 0.35 0.07 0.06 0.01 c Sesamum 4.66 4.96 0.12 0.12 0.00 d Other Oilseeds 0.00 0.01 0.00 0.01 Total Total 75.37 83.92 21.30 20.38 0.92",rule_based,2.1,1.0,Minutes of the meeting of CWWG as on 23.02.2026_p1_c2,VERIFIED
1116,Crop,Karnataka,State-wide,2026-02-16,2,Active Growth,"No Significant Change In Maximum Temperatures Likely Over Karnataka, Kerala &Amp; Mahe And Konkan &Amp; Goa And Gradual Rise By About 2 ° C For Subsequent Days",None,,,1,Minutes of the meeting of CWWG as on 16.02.2026.pdf,0.9," No significant change in maximum temperatures likely over Karnataka, Kerala &amp; Mahe and Konkan &amp; Goa and gradual rise by about 2 ° C for subsequent days.",rule_based,2.1,1.0,Minutes of the meeting of CWWG as on 16.02.2026_p1_c1,VERIFIED
1117,Crop,Karnataka,State-wide,2026-02-16,2,Active Growth,Hot And Humid Conditions Likely Over Coastal Karnataka And Konkan &Amp; Goa,None,,,1,Minutes of the meeting of CWWG as on 16.02.2026.pdf,0.9,Hot and Humid conditions likely over Coastal Karnataka and Konkan &amp; Goa.,rule_based,2.1,1.0,Minutes of the meeting of CWWG as on 16.02.2026_p1_c2,VERIFIED
1118,Oilseeds,Karnataka,State-wide,2026-02-16,2,Active Growth,None,None,,,1,Minutes of the meeting of CWWG as on 16.02.2026.pdf,0.7," Rice: About 12.80 lakh ha area coverage under Summer Rice has been reported as compared to 13.16 lakh ha during the corresponding period of last year.
-
Pulses: About 0.58 lakh ha area coverage has been reported compared to 0.50 lakh ha during the corresponding period of last year.
-
Oilseeds: About 0.99 lakh ha area coverage has been reported compared to 0.59 lakh ha during the corresponding period of last year.",rule_based,2.1,1.0,Minutes of the meeting of CWWG as on 16.02.2026_p1_c3,VERIFIED
1119,Oilseeds,Karnataka,State-wide,2026-02-16,2,Active Growth,There Is No Major Pest Incidence That Has Been Reported. The Overall Intensity Of Pests And Diseases Remained Below The Economic Threshold Level,None,,,1,Minutes of the meeting of CWWG as on 16.02.2026.pdf,0.9, There is no major pest incidence that has been reported. The overall intensity of pests and diseases remained below the Economic Threshold Level.,rule_based,2.1,1.0,Minutes of the meeting of CWWG as on 16.02.2026_p1_c4,VERIFIED
952,Crop,Maharashtra,State-wide,2026-02-09,2,Active Growth,"Minimum Temperature Is Likely To  Be  Below  Normal In Many Parts Of East  India,  Central India,  South India, Many Parts Of Maharashtra, Uttar Pradesh, Haryana, Punjab And Many Parts Of West Rajasthan",None,,,1,Minutes of the meeting of CWWG as on 09.02.2026.pdf,0.9," Minimum Temperature is likely to be below normal in many parts of East India, Central India, South India, many parts of Maharashtra, Uttar Pradesh, Haryana, Punjab and many parts of West Rajasthan.",rule_based,2.1,1.0,Minutes of the meeting of CWWG as on 09.02.2026_p1_c1,VERIFIED
953,Bengal Gram (Gram/Chickpea),Maharashtra,State-wide,2026-02-09,2,Active Growth,None,None,,,1,Minutes of the meeting of CWWG as on 09.02.2026.pdf,0.7," Wheat: About 334.17 lakh ha (107% of normal) area coverage under Wheat has been reported as compared to 328.04 lakh ha during the corresponding period of last year.
-
Rapeseed &amp; Mustard : About 89.36 (113% of normal) lakh ha area coverage under Rapeseed &amp; Mustard has been reported as compared to 86.57 lakh ha during the corresponding period of last year.
-
Gram: About 96.20 (95.2% of normal) lakh ha area coverage under Gram has been reported as compared to 91.22 lakh ha during the corresponding period of last year.",rule_based,2.1,1.0,Minutes of the meeting of CWWG as on 09.02.2026_p1_c2,VERIFIED
954,Pulses,Maharashtra,State-wide,2026-02-09,2,Active Growth,None,None,,,1,Minutes of the meeting of CWWG as on 09.02.2026.pdf,0.7,"Progress of area coverage under Rabi crops as on 30.01.2026 ------ ---------------------------- -------------------- ------------------------- ------------------------------ ----------------------------------------------------------------- 1 Wheat 312.35 334.17 328.04 6.13 2 Rice * 42.93 45.00 44.73 0.27 3 Pulses 140.42 139.55 134.52 5.03 a Gram 100.99 96.20 91.22 4.98 b Lentil 15.13 18.12 17.66 0.45 c Fieldpea $ 6.50 7.92 8.27 0.35 d Kulthi $ 1.98 1.98 2.41 0.43 e Urdbean * 6.16 6.06 5.67 0.39 f Moongbean * 1.41 0.99 1.00 0.00 g Lathyrus $ 2.79 2.98 2.92 0.06 h Other Pulses @ 5.46 5.30 5.37 0.07 4 Shri Anna & Coarse cereals 55.33 60.93 59.99 0.93 a Jowar * 24.62 23.13 25.17 2.04 b Bajra # 0.59 0.16 0.14 0.02 c Ragi # 0.72 0.97 0.70 0.27 d Small Millets # 0.16 0.13 0.10 0.03 e Maize * 23.61 29.16 27.80 1.36 f Barley 5.63 7.38 6.08 1.30 5 Oilseeds 86.78 97.19 93.67 3.52 a Rapeseed & Mustard 79.17 89.36 86.57 2.79 b Groundnut * 3.69 3.52 3.37 0.15 c Safflower 0.72 0.89 0.64 0.25 d Sunflower * 0.79 0.70 0.56 0.14 (Area in lakh hactare) e Sesamum * 0.48 0.33 0.41 0.08 ----- ---------------- -------- -------- -------- --------- f Linseed 1.93 1.99 1.76 0.23 g Other Oilseeds 0.00 0.40 0.35 0.05 Total Crops 637.81 676.84 660.96 15.88 Note: *Average of 2022-23 to 2024-25, $ average (2016-17 to 2020-21) as per DES, # Average of (2018-19 to 2022-23) as per CWWG report.
@: Other Pulses area (2024-25) is including the area of fieldpea, kulthi and lathyrus.",rule_based,2.1,1.0,Minutes of the meeting of CWWG as on 09.02.2026_p1_c3,VERIFIED
955,Pulses,Maharashtra,State-wide,2026-02-09,2,Active Growth,There Is No Major Pest Incidence That Has Been Reported. The Overall Intensity Of Pests And Diseases Remained Below The Economic Threshold Level,None,,,1,Minutes of the meeting of CWWG as on 09.02.2026.pdf,0.9, There is no major pest incidence that has been reported. The overall intensity of pests and diseases remained below the Economic Threshold Level.,rule_based,2.1,1.0,Minutes of the meeting of CWWG as on 09.02.2026_p1_c4,VERIFIED
758,Crop,Karnataka,State-wide,2026-02-02,2,Active Growth,"Parts  Of  J&Amp;K,  West  Madhya  Pradesh,   Many  Parts  Of  Madhya  Maharashtra,  Ne  India And Some Parts Of South Karnataka",None,,,1,Minutes of the meeting of CWWG as on 02.02.2026.pdf,0.9,"parts of J&amp;K, West Madhya Pradesh, many parts of Madhya Maharashtra, NE India and some parts of South Karnataka.",rule_based,2.1,1.0,Minutes of the meeting of CWWG as on 02.02.2026_p1_c1,VERIFIED
759,Bengal Gram (Gram/Chickpea),Karnataka,State-wide,2026-02-02,2,Active Growth,None,None,,,1,Minutes of the meeting of CWWG as on 02.02.2026.pdf,0.7," Wheat: About 334.17 lakh ha (107% of normal) area coverage under Wheat has been reported as compared to 328.04 lakh ha during the corresponding period of last year.
-
Rapeseed &amp; Mustard : About 89.36 (113% of normal) lakh ha area coverage under Rapeseed &amp; Mustard has been reported as compared to 86.57 lakh ha during the corresponding period of last year.
-
Gram: About 96.20 (95.2% of normal) lakh ha area coverage under Gram has been reported as compared to 91.22 lakh ha during the corresponding period of last year.",rule_based,2.1,1.0,Minutes of the meeting of CWWG as on 02.02.2026_p1_c2,VERIFIED
760,Pulses,Karnataka,State-wide,2026-02-02,2,Active Growth,None,None,,,1,Minutes of the meeting of CWWG as on 02.02.2026.pdf,0.7,"---------- ---------------------------- --------------- ------------------------- ------------------------------ ----------------------------------------------------------------- 1 Wheat 312.35 334.17 328.04 6.13 2 Rice * 42.93 45.00 44.73 0.27 3 Pulses 140.42 139.55 134.52 5.03 a Gram 100.99 96.20 91.22 4.98 b Lentil 15.13 18.12 17.66 0.45 c Fieldpea $ 6.50 7.92 8.27 0.35 d Kulthi $ 1.98 1.98 2.41 0.43 e Urdbean * 6.16 6.06 5.67 0.39 f Moongbean * 1.41 0.99 1.00 0.00 g Lathyrus $ 2.79 2.98 2.92 0.06 h Other Pulses @ 5.46 5.30 5.37 0.07 4 Shri Anna & Coarse cereals 55.33 60.93 59.99 0.93 a Jowar * 24.62 23.13 25.17 2.04 b Bajra # 0.59 0.16 0.14 0.02 c Ragi # 0.72 0.97 0.70 0.27 d Small Millets # 0.16 0.13 0.10 0.03 e Maize * 23.61 29.16 27.80 1.36 f Barley 5.63 7.38 6.08 1.30 5 Oilseeds 86.78 97.19 93.67 3.52 ----- -------------------- --------- --------- --------- -------- a Rapeseed & Mustard 79.17 89.36 86.57 2.79 b Groundnut * 3.69 3.52 3.37 0.15 c Safflower 0.72 0.89 0.64 0.25 d Sunflower * 0.79 0.70 0.56 0.14 e Sesamum * 0.48 0.33 0.41 0.08 f Linseed 1.93 1.99 1.76 0.23 g Other Oilseeds 0.00 0.40 0.35 0.05 Total Crops 637.81 676.84 660.96 15.88 Note: *Average of 2022-23 to 2024-25, $ average (2016-17 to 2020-21) as per DES, # Average of (2018-19 to 2022-23) as per CWWG report.
@: Other Pulses area (2024-25) is including the area of fieldpea, kulthi and lathyrus.",rule_based,2.1,1.0,Minutes of the meeting of CWWG as on 02.02.2026_p1_c3,VERIFIED
761,Pulses,Karnataka,State-wide,2026-02-02,2,Active Growth,There Is No Major Pest Incidence That Has Been Reported. The Overall Intensity Of Pests And Diseases Remained Below The Economic Threshold Level,None,,,1,Minutes of the meeting of CWWG as on 02.02.2026.pdf,0.9, There is no major pest incidence that has been reported. The overall intensity of pests and diseases remained below the Economic Threshold Level.,rule_based,2.1,1.0,Minutes of the meeting of CWWG as on 02.02.2026_p1_c4,VERIFIED
1286,Crop,Karnataka,State-wide,2026-01-27,1,Active Growth,"West  Madhya  Pradesh,   Many  Parts  Of  Madhya  Maharashtra,  Ne  India  And Some  Parts  Of  South Karnataka",None,,,1,Minutes of the meeting of CWWG as on 27.01.2026.pdf,0.9,"West Madhya Pradesh, many parts of Madhya Maharashtra, NE India and some parts of South Karnataka .",rule_based,2.1,1.0,Minutes of the meeting of CWWG as on 27.01.2026_p1_c1,VERIFIED
1287,Crop,Punjab,State-wide,2026-01-27,1,Active Growth,"Cold Wave Conditions Likely In Isolated Pockets Over Himachal Pradesh During 29Th-31St; Punjab, Haryana, Chandigarh During 28Th-31St January",None,,,1,Minutes of the meeting of CWWG as on 27.01.2026.pdf,0.9,"Cold wave conditions likely in isolated pockets over Himachal Pradesh during 29th-31st; Punjab, Haryana, Chandigarh during 28th-31st January.",rule_based,2.1,1.0,Minutes of the meeting of CWWG as on 27.01.2026_p1_c2,VERIFIED
1288,Bengal Gram (Gram/Chickpea),Punjab,State-wide,2026-01-27,1,Active Growth,None,None,,,1,Minutes of the meeting of CWWG as on 27.01.2026.pdf,0.7," Wheat: About 334.17 lakh ha (107% of normal) area coverage under Wheat has been reported as compared to 328.04 lakh ha during the corresponding period of last year.
-
Rapeseed &amp; Mustard : About 89.36 (113% of normal) lakh ha area coverage under Rapeseed &amp; Mustard has been reported as compared to 86.57 lakh ha during the corresponding period of last year.
-
Gram: About 95.88 (95% of normal) lakh ha area coverage under Gram has been reported as compared to 91.22 lakh ha during the corresponding period of last year.",rule_based,2.1,1.0,Minutes of the meeting of CWWG as on 27.01.2026_p1_c3,VERIFIED
1289,Oilseeds,Punjab,State-wide,2026-01-27,1,Active Growth,None,None,,,1,Minutes of the meeting of CWWG as on 27.01.2026.pdf,0.7,"Progress of area coverage under Rabi crops as on 23.01.2026 ------------------------------ ------------------------------ --------------- ---------------------------- ------------------------- ------------------------------ -------------------------------------------------- S. No. Crops Area (DES) Final Rabi Area 2024- 25 2025-26 Corresponding period 2024-25 corresponding period 2024-25 1 Wheat 312.35 328.04 334.17 328.04 6.13 2 Rice * 42.93 44.73 31.03 29.23 1.80 3 Pulses 140.42 134.08 137.55 133.94 3.61 a Gram 100.99 91.22 95.88 91.22 4.66 b Lentil 15.13 16.99 18.12 17.66 0.45 c Fieldpea $ 6.50 7.92 8.27 0.35 d Kulthi $ 1.98 1.98 2.41 0.43 e Urdbean * 6.16 6.18 4.81 5.25 0.44 f Moongbean* 1.41 1.36 0.90 0.95 0.04 g Lathyrus $ 2.79 2.98 2.92 0.06 h Other Pulses $ 5.46 18.33 4.95 5.25 0.30 4 Shri Anna & Coarse Cereals 4 Shri Anna & Coarse Cereals 55.33 59.05 60.70 57.45 3.25 a Jowar * 24.62 25.17 23.01 24.22 1.21 b Bajra # 0.59 0.16 0.14 0.02 c Ragi # 0.72 0.97 0.70 0.27 d Small Millets # 0.16 0.13 0.10 0.03 e Maize * 23.61 27.80 29.05 26.21 2.84 f Barley 5.63 6.08 7.37 6.08 1.29 ----- -------------------- -------- -------- -------- -------- -------- 5 Oilseeds 86.78 93.49 97.03 93.58 3.45 a Rapeseed & Mustard 79.17 86.57 89.36 86.57 2.79 b Groundnut * 3.69 3.37 3.52 3.37 0.15 c Safflower 0.72 0.64 0.89 0.67 0.22 d Sunflower * 0.79 0.81 0.64 0.53 0.12 e Sesamum * 0.48 0.41 0.22 0.33 0.10 f Linseed 1.93 1.69 1.99 1.76 0.23 g Other Oilseeds 0.00 0.40 0.35 0.05 Total Crops 637.81 659.39 660.48 642.24 18.24 Note: *Average of 2022-23 to 2024-25, $ average (2016-17 to 2020-21) as per DES, # Average of (2018-19 to 2022-23) as per CWWG report.",rule_based,2.1,1.0,Minutes of the meeting of CWWG as on 27.01.2026_p1_c4,VERIFIED
1290,Oilseeds,Punjab,State-wide,2026-01-27,1,Active Growth,There Is No Major Pest Incidence That Has Been Reported. The Overall Intensity Of Pests And Diseases Remained Below The Economic Threshold Level,None,,,1,Minutes of the meeting of CWWG as on 27.01.2026.pdf,0.9, There is no major pest incidence that has been reported. The overall intensity of pests and diseases remained below the Economic Threshold Level.,rule_based,2.1,1.0,Minutes of the meeting of CWWG as on 27.01.2026_p1_c5,VERIFIED
1009,Crop,Karnataka,State-wide,2026-01-12,1,Active Growth,"Minimum Temperature Is Likely To Be Below Normal In Most Of India Except J&Amp;K, Some Parts Of Himachal Pradesh, Saurashtra-Kutch, Some Parts Of South Karnataka And Ne India",None,,,1,Minutes of the meeting of CWWG as on 12.01.2026.pdf,0.9," Minimum Temperature is likely to be below normal in most of India except J&amp;K, some parts of Himachal Pradesh, Saurashtra-Kutch, some parts of South Karnataka and NE India.",rule_based,2.1,1.0,Minutes of the meeting of CWWG as on 12.01.2026_p1_c1,VERIFIED
1010,Crop,Odisha,State-wide,2026-01-12,1,Active Growth,"Cold  Wave  Conditions  Likely  To  Occur  At  Isolated  Pockets  Of  Chhattisgarh,  Jharkhand  And Odisha During Some Days Of The Week",None,,,1,Minutes of the meeting of CWWG as on 12.01.2026.pdf,0.9,"Cold wave conditions likely to occur at isolated pockets of Chhattisgarh, Jharkhand and Odisha during some days of the week.",rule_based,2.1,1.0,Minutes of the meeting of CWWG as on 12.01.2026_p1_c2,VERIFIED
1011,Crop,Punjab,State-wide,2026-01-12,1,Active Growth,"Dense Fog Conditions  Likely  To  Prevail  During  Early  Morning  Hours  In  Isolated  Pockets  Of Western  Himalayan  Region,  Punjab,  Haryana  &Amp;  Chandigarh  And  North  Rajasthan,  Uttar Pradesh, Bihar And Northeastern States During Some Days Of The Week",None,,,1,Minutes of the meeting of CWWG as on 12.01.2026.pdf,0.9,"Dense fog conditions likely to prevail during early morning hours in isolated pockets of Western Himalayan region, Punjab, Haryana &amp; Chandigarh and north Rajasthan, Uttar Pradesh, Bihar and northeastern states during some days of the week.",rule_based,2.1,1.0,Minutes of the meeting of CWWG as on 12.01.2026_p1_c3,VERIFIED
1012,Oilseeds,Punjab,State-wide,2026-01-12,1,Active Growth,None,None,,,1,Minutes of the meeting of CWWG as on 12.01.2026.pdf,0.7," Wheat: About 334.17 lakh ha (107% of normal) area coverage under Wheat has been reported as compared to 328.04 lakh ha during the corresponding period of last year.
-
Rapeseed &amp; Mustard : About 89.36 (113% of normal) lakh ha area coverage under Rapeseed &amp; Mustard has been reported as compared to 86.57 lakh ha during the corresponding period of last year.
-
Gram: About 95.88 (95% of normal) lakh ha area coverage under Gram has been reported as compared to 91.22 lakh ha during the corresponding period of last year. (Area in lakh hactare) -------- ---------------------------- ------------------ -------------------------- ----------------------- ------------------------------ --------------------------------------------------------------- (DES) 2025-26 Corrosponding period 2024-25 1 Wheat 312.35 328.04 334.17 328.04 6.13 2 Rice * 42.93 44.73 21.71 19.49 2.22 3 Pulses 140.42 134.08 136.36 132.61 3.74 a Gram 100.99 91.22 95.88 91.22 4.66 b Lentil 15.13 16.99 18.12 17.66 0.45 c Fieldpea $ 6.50 7.92 8.27 0.35 d Kulthi $ 1.98 1.98 2.41 0.43 e Urdbean * 6.16 6.18 4.37 4.70 0.33 f Moongbean * 1.41 1.36 0.74 0.76 0.02 g Lathyrus $ 2.79 2.98 2.92 0.06 h Other Pulses $ 5.46 18.33 4.37 4.67 0.30 4 Shri Anna & Coarse cereals 55.33 59.05 55.20 53.17 2.03 a Jowar * 24.62 25.17 21.36 22.66 1.30 b Bajra # 0.59 0.15 0.14 0.00 c Ragi # 0.72 0.97 0.70 0.27 d Small Millets # 0.16 0.13 0.10 0.03 e Maize * 23.61 27.80 25.24 23.49 1.75 ----- -------------------- --------- --------- --------- --------- -------- f Barley 5.63 6.08 7.36 6.08 1.28 5 Oilseeds 86.78 93.49 96.86 93.33 3.53 a Rapeseed & Mustard 79.17 86.57 89.36 86.57 2.79 b Groundnut * 3.69 3.37 3.52 3.37 0.15 c Safflower 0.72 0.64 0.89 0.67 0.22 d Sunflower * 0.79 0.81 0.55 0.42 0.14 e Sesamum * 0.48 0.41 0.14 0.19 0.04 f Linseed 1.93 1.69 1.99 1.76 0.23 g Other Oilseeds 0.00 0.40 0.35 0.05 Total Crops 637.81 659.39 644.29 626.64 17.65",rule_based,2.1,1.0,Minutes of the meeting of CWWG as on 12.01.2026_p1_c4,VERIFIED
1013,Oilseeds,Punjab,State-wide,2026-01-12,1,Active Growth,There Is No Major Pest Incidence That Has Been Reported. The Overall Intensity Of Pests And Diseases Remained Below The Economic Threshold Level,None,,,1,Minutes of the meeting of CWWG as on 12.01.2026.pdf,0.9, There is no major pest incidence that has been reported. The overall intensity of pests and diseases remained below the Economic Threshold Level.,rule_based,2.1,1.0,Minutes of the meeting of CWWG as on 12.01.2026_p1_c5,VERIFIED
823,Crop,Odisha,State-wide,2026-01-05,1,Active Growth,"Cold  Wave  Conditions  Are  Likely  Over  Some  Parts  Of  Punjab,  Haryana,  North  Rajasthan, North  Madhya  Pradesh,  Interior  Odisha, Adjoining Parts Of West Jharkhand, North Chhattisgarh, And South Uttar Pradesh During Some Days Of The Week",None,,,1,Minutes of the meeting of CWWG as on 05.01.2026.pdf,0.9,"Cold wave conditions are likely over some parts of Punjab, Haryana, North Rajasthan, North Madhya Pradesh, interior Odisha, adjoining parts of west Jharkhand, north Chhattisgarh, and south Uttar Pradesh during some days of the week.",rule_based,2.1,1.0,Minutes of the meeting of CWWG as on 05.01.2026_p1_c1,VERIFIED
824,Bengal Gram (Gram/Chickpea),Odisha,State-wide,2026-01-05,1,Active Growth,None,None,,,1,Minutes of the meeting of CWWG as on 05.01.2026.pdf,0.7," Wheat: About 334.17 lakh ha (107% of normal) area coverage under Wheat has been reported as compared to 328.04 lakh ha during the corresponding period of last year.
-
Rapeseed &amp; Mustard : About 89.36 (113% of normal) lakh ha area coverage under Rapeseed &amp; Mustard has been reported as compared to 86.57 lakh ha during the corresponding period of last year.
-
Gram: About 95.88 (95% of normal) lakh ha area coverage under Gram has been reported as compared to 91.22 lakh ha during the corresponding period of last year.",rule_based,2.1,1.0,Minutes of the meeting of CWWG as on 05.01.2026_p1_c2,VERIFIED
825,Oilseeds,Odisha,State-wide,2026-01-05,1,Active Growth,None,None,,,1,Minutes of the meeting of CWWG as on 05.01.2026.pdf,0.7,"Progress of area coverage under Rabi crops as on 02.01.2026 ------------------------------ ------------------------------ ------------------------ ------------------------- ------------------------- ------------------------------ --------------------------------------------------------------- 1 Wheat 312.35 328.04 334.17 328.04 6.13 2 Rice * 42.93 44.73 17.57 14.90 2.67 3 Pulses 140.42 134.08 134.30 130.87 3.44 a Gram 100.99 91.22 95.88 91.22 4.66 b Lentil 15.13 16.99 17.06 16.85 0.21 c Fieldpea $ 6.50 7.92 8.27 0.35 d Kulthi $ 1.98 1.90 2.41 0.52 e Urdbean * 6.16 6.18 3.98 4.27 0.29 f Moongbean* 1.41 1.36 0.60 0.59 0.01 g Lathyrus $ 2.79 2.87 2.92 0.05 h Other Pulses $ 5.46 18.33 4.10 4.34 0.24 4 Shri Anna & Coarse Cereals 4 Shri Anna & Coarse Cereals 55.33 59.05 51.79 50.66 1.13 a Jowar * 24.62 25.17 20.74 22.00 1.26 b Bajra # 0.59 0.12 0.12 0.00 c Ragi # 0.72 0.70 0.51 0.20 d Small Millets # 0.16 0.13 0.10 0.04 e Maize * 23.61 27.80 23.32 21.87 1.45 f Barley 5.63 6.08 6.78 6.08 0.70 ----- -------------------- -------- -------- -------- -------- -------- 5 Oilseeds 86.78 93.49 96.30 93.27 3.04 a Rapeseed & Mustard 79.17 86.57 89.36 86.57 2.79 b Groundnut * 3.69 3.37 3.13 3.37 0.25 c Safflower 0.72 0.64 0.86 0.64 0.22 d Sunflower * 0.79 0.81 0.47 0.47 0.00 e Sesamum * 0.48 0.41 0.12 0.14 0.02 f Linseed 1.93 1.69 1.99 1.76 0.23 g Other Oilseeds 0.00 0.38 0.31 0.07 Total Crops 637.81 659.39 634.14 617.74 16.40 Note: *Average of 2022-23 to 2024-25, $ average (2016-17 to 2020-21) as per DES, # Average of (2018-19 to 2022-23) as per CWWG report.",rule_based,2.1,1.0,Minutes of the meeting of CWWG as on 05.01.2026_p1_c3,VERIFIED
826,Oilseeds,Odisha,State-wide,2026-01-05,1,Active Growth,There Is No Major Pest Incidence That Has Been Reported. The Overall Intensity Of Pests And Diseases Remained Below The Economic Threshold Level,None,,,1,Minutes of the meeting of CWWG as on 05.01.2026.pdf,0.9, There is no major pest incidence that has been reported. The overall intensity of pests and diseases remained below the Economic Threshold Level.,rule_based,2.1,1.0,Minutes of the meeting of CWWG as on 05.01.2026_p1_c4,VERIFIED
1386,Crop,Odisha,State-wide,2025-12-29,12,Active Growth,"Dense  Fog  Conditions  Are  Likely  To  Prevail  During  Night-Morning  Hours  At  A  Few  Pockets Across  North  And  Isolated  Over  Adjoin  Central  India,  Isolated  Over  Odisha,  Northeastern States And West Bengal And Sikkim On Some Days Of The Week",None,,,1,Minutes of the meeting of CWWG as on 29.12.2025.pdf,0.9,"Dense fog conditions are likely to prevail during night-morning hours at a few pockets across north and isolated over adjoin central India, isolated over Odisha, Northeastern states and West Bengal and Sikkim on some days of the week.",rule_based,2.1,1.0,Minutes of the meeting of CWWG as on 29.12.2025_p1_c1,VERIFIED
1387,Bengal Gram (Gram/Chickpea),Odisha,State-wide,2025-12-29,12,Active Growth,None,None,,,1,Minutes of the meeting of CWWG as on 29.12.2025.pdf,0.7," Wheat: About 322.68 lakh ha (103% of normal) area coverage under Wheat has been reported as compared to 322.49 lakh ha during the corresponding period of last year.
-
Rapeseed &amp; Mustard : About 87.80 (111% of normal) lakh ha area coverage under Rapeseed &amp; Mustard has been reported as compared to 86.57 lakh ha during the corresponding period of last year.
-
Gram: About 95.88 (95% of normal) lakh ha area coverage under Gram has been reported as compared to 91.22 lakh ha during the corresponding period of last year.",rule_based,2.1,1.0,Minutes of the meeting of CWWG as on 29.12.2025_p1_c2,VERIFIED
1388,Oilseeds,Odisha,State-wide,2025-12-29,12,Active Growth,None,None,,,1,Minutes of the meeting of CWWG as on 29.12.2025.pdf,0.7,Progress of area coverage under Rabi crops as on 26.12.2025 -------- ---------------------------- --------------- ------------------------- ------------------------- ------------------------------ --------------------------------------------------------------- 1 Wheat 312.35 328.04 322.68 322.49 0.19 2 Rice * 42.93 44.73 14.90 13.01 1.89 3 Pulses 140.42 134.08 133.44 129.79 3.65 a Gram 100.99 91.22 95.88 91.22 4.66 b Lentil 15.13 16.99 17.06 16.85 0.21 c Fieldpea $ 6.50 7.92 8.27 0.35 d Kulthi $ 1.98 1.84 2.38 0.54 e Urdbean * 6.16 6.18 3.63 3.86 0.23 f Moongbean* 1.41 1.36 0.52 0.50 0.02 g Lathyrus $ 2.79 2.82 2.84 0.02 h Other Pulses $ 5.46 18.33 3.76 3.86 0.11 4 Shri Anna & Coarse Cereals 55.33 59.05 49.00 48.89 0.10 a Jowar * 24.62 25.17 20.38 22.00 1.62 b Bajra # 0.59 0.11 0.12 0.01 c Ragi # 0.72 0.69 0.49 0.20 d Small Millets # 0.16 0.13 0.09 0.03 e Maize * 23.61 27.80 20.92 20.12 0.80 f Barley 5.63 6.08 6.78 6.08 0.70 5 Oilseeds 86.78 93.49 94.29 93.25 1.04,rule_based,2.1,1.0,Minutes of the meeting of CWWG as on 29.12.2025_p1_c3,VERIFIED
1389,Oilseeds,Odisha,State-wide,2025-12-29,12,Active Growth,None,None,,,1,Minutes of the meeting of CWWG as on 29.12.2025.pdf,0.7,"a Rapeseed & Mustard 79.17 86.57 87.80 86.57 1.23 ----- ---------------------- --------- --------- --------- --------- -------- b Groundnut * 3.69 3.37 2.77 3.29 0.52 c Safflower 0.72 0.64 0.83 0.64 0.19 d Sunflower * 0.79 0.81 0.45 0.34 0.11 e Sesamum * 0.48 0.41 0.09 0.11 0.02 f Linseed 1.93 1.69 1.99 2.00 0.01 g Other Oilseeds 0.00 0.35 0.29 0.06 Total Crops 637.81 659.39 614.30 607.43 6.87 Note: *Average of 2022-23 to 2024-25, $ average (2016-17 to 2020-21) as per DES, # Average of (2018-19 to 2022-23) as per CWWG report.",rule_based,2.1,1.0,Minutes of the meeting of CWWG as on 29.12.2025_p1_c4,VERIFIED
1390,Oilseeds,Odisha,State-wide,2025-12-29,12,Active Growth,There Is No Major Pest Incidence That Has Been Reported. The Overall Intensity Of Pests And Diseases Remained Below The Economic Threshold Level,None,,,1,Minutes of the meeting of CWWG as on 29.12.2025.pdf,0.9, There is no major pest incidence that has been reported. The overall intensity of pests and diseases remained below the Economic Threshold Level.,rule_based,2.1,1.0,Minutes of the meeting of CWWG as on 29.12.2025_p1_c5,VERIFIED
1267,Oilseeds,All India,State-wide,2025-12-22,12,Active Growth,None,None,,,1,Minutes of the meeting of CWWG as on 22.12.2025.pdf,0.7," Wheat: About 301.63 lakh ha (96.5% of normal) area coverage under Wheat has been reported as compared to 300.34 lakh ha during the corresponding period of last year.
-
Rapeseed &amp; Mustard : About 87.80 (111% of normal) lakh ha area coverage under Rapeseed &amp; Mustard has been reported as compared to 86.57 lakh ha during the corresponding period of last year.
-
Gram: About 91.70 (91% of normal) lakh ha area coverage under Gram has been reported as compared to 86.81 lakh ha during the corresponding period of last year.
Progress of area coverage under Rabi crops as on 19.12.2025 (Area in lakh hactare) -------- ---------------------------- ------------------------ ------------------------- --------------------- ---------------------------------------- --------------------------------------------------------------- 1 Wheat 312.35 328.04 301.63 300.34 1.29 2 Rice * 42.93 44.73 13.35 11.52 1.83 3 Pulses 140.42 134.08 126.74 123.02 3.72 a Gram 100.99 91.22 91.70 86.81 4.89 b Lentil 15.13 16.99 15.76 15.83 0.08 c Fieldpea $ 6.50 7.92 8.27 0.35 d Kulthi $ 1.98 1.73 1.99 0.26 e Urdbean * 6.16 6.18 3.13 3.48 0.34 f Moongbean* 1.41 1.36 0.42 0.43 0.01 g Lathyrus $ 2.79 2.70 2.77 0.07 h Other Pulses $ 5.46 18.33 3.37 3.44 0.07 4 Shri Anna & Coarse Cereals 55.33 59.05 45.66 45.05 0.61 a Jowar * 24.62 25.17 19.62 21.39 1.78 b Bajra # 0.59 0.11 0.11 0.00 c Ragi # 0.72 0.68 0.48 0.21 d Small Millets # 0.16 0.13 0.10 0.03 e Maize * 23.61 27.80 18.34 16.90 1.45 f Barley 5.63 6.08 6.78 6.08 0.70 5 Oilseeds 86.78 93.49 93.33 92.65 0.67 a Rapeseed & Mustard 79.17 86.57 87.80 86.57 1.23 ----- ---------------------- --------- --------- --------- --------- -------- b Groundnut * 3.69 3.37 2.36 2.83 0.47 c Safflower 0.72 0.64 0.79 0.60 0.18 d Sunflower * 0.79 0.81 0.39 0.34 0.06 e Sesamum * 0.48 0.41 0.06 0.07 0.01 f Linseed 1.93 1.69 1.61 2.00 0.39 g Other Oilseeds 0.00 0.32 0.24 0.08 Total Crops 637.81 659.39 580.70 572.59 8.12 Note: *Average of 2022-23 to 2024-25, $ average (2016-17 to 2020-21) as per DES, # Average of (2018-19 to 2022-23) as per CWWG report.",rule_based,2.1,1.0,Minutes of the meeting of CWWG as on 22.12.2025_p1_c1,VERIFIED
1268,Oilseeds,All India,State-wide,2025-12-22,12,Active Growth,There Is No Major Pest Incidence That Has Been Reported. The Overall Intensity Of Pests And Diseases Remained Below The Economic Threshold Level,None,,,1,Minutes of the meeting of CWWG as on 22.12.2025.pdf,0.9, There is no major pest incidence that has been reported. The overall intensity of pests and diseases remained below the Economic Threshold Level.,rule_based,2.1,1.0,Minutes of the meeting of CWWG as on 22.12.2025_p1_c2,VERIFIED
1111,Crop,Odisha,State-wide,2025-12-15,12,Active Growth,"Cold  Wave  Conditions  Are  Likely  To  Prevail  In  Isolated  Pockets  Over  Interior  Odisha, Adjoining Chhattisgarh, East Madhya Pradesh, Vidarbha, And Telangana During Some Days Of The Week",None,,,1,Minutes of the meeting of CWWG as on 15.12.2025.pdf,0.9,"Cold wave conditions are likely to prevail in isolated pockets over interior Odisha, adjoining Chhattisgarh, East Madhya Pradesh, Vidarbha, and Telangana during some days of the week.",rule_based,2.1,1.0,Minutes of the meeting of CWWG as on 15.12.2025_p1_c1,VERIFIED
1112,Crop,Punjab,State-wide,2025-12-15,12,Active Growth,"Dense Fog Conditions  Likely  To  Prevail  During  Early  Morning  Hours  In  Isolated  Pockets  Of Himachal Pradesh, Punjab, Haryana Chandigarh &Amp; Delhi And Rajasthan During Some Days Of The Week",None,,,1,Minutes of the meeting of CWWG as on 15.12.2025.pdf,0.9,"Dense fog conditions likely to prevail during early morning hours in isolated pockets of Himachal Pradesh, Punjab, Haryana Chandigarh &amp; Delhi and Rajasthan during some days of the week.",rule_based,2.1,1.0,Minutes of the meeting of CWWG as on 15.12.2025_p1_c2,VERIFIED
1113,Bengal Gram (Gram/Chickpea),Punjab,State-wide,2025-12-15,12,Active Growth,None,None,,,1,Minutes of the meeting of CWWG as on 15.12.2025.pdf,0.7," Wheat: About 275.66 lakh ha (88% of normal) area coverage under Wheat has been reported as compared to 258.48 lakh ha during the corresponding period of last year.
-
Rapeseed &amp; Mustard : About 84.67 (107% of normal) lakh ha area coverage under Rapeseed &amp; Mustard has been reported as compared to 81.16 lakh ha during the corresponding period of last year.
-
Gram: About 84.91 (84% of normal) lakh ha area coverage under Gram has been reported as compared to 81.67 lakh ha during the corresponding period of last year.",rule_based,2.1,1.0,Minutes of the meeting of CWWG as on 15.12.2025_p1_c3,VERIFIED
1114,Oilseeds,Punjab,State-wide,2025-12-15,12,Active Growth,None,None,,,1,Minutes of the meeting of CWWG as on 15.12.2025.pdf,0.7,"---------- ---------------------------- -------------------------- --------------------------- ------------------------- ------------------------- -------------------------------------------- 1 Wheat 312.35 328.04 275.66 258.48 17.18 2 Rice * 42.93 44.73 12.44 10.64 1.80 3 Pulses 140.42 134.08 117.11 115.41 1.70 a Gram 100.99 91.22 84.91 81.67 3.24 b Lentil 15.13 16.99 14.60 14.57 0.03 c Fieldpea $ 6.50 7.92 8.27 0.35 d Kulthi $ 1.98 1.59 1.69 0.10 e Urdbean * 6.16 6.18 2.41 3.09 0.67 f Moongbean * 1.41 1.36 0.32 0.37 0.05 g Lathyrus $ 2.79 2.52 2.68 0.16 h Other Pulses $ 5.46 18.33 2.84 3.06 0.22 4 Shri Anna & Coarse cereals 55.33 59.05 41.77 41.13 0.64 a Jowar * 24.62 25.17 18.52 19.99 1.47 b Bajra # 0.59 0.09 0.11 0.02 c Ragi # 0.72 0.66 0.48 0.18 d Small Millets # 0.16 0.12 0.10 0.03 e Maize * 23.61 27.80 15.60 13.99 1.61 f Barley 5.63 6.08 6.78 6.47 0.31 5 Oilseeds 86.78 93.49 89.79 87.10 2.70 a Rapeseed & Mustard 79.17 86.57 84.67 81.16 3.51 b Groundnut * 3.69 3.37 2.12 2.57 0.45 ----- ---------------- -------- -------- -------- -------- --------- c Safflower 0.72 0.64 0.73 0.56 0.17 d Sunflower * 0.79 0.81 0.34 0.30 0.03 e Sesamum * 0.48 0.41 0.05 0.07 0.01 f Linseed 1.93 1.69 1.61 2.24 0.63 g Other Oilseeds 0.00 0.27 0.20 0.07 Total Crops 637.81 659.39 536.76 512.76 24.00 Note: *Average of 2022-23 to 2024-25, $ average (2016-17 to 2020-21) as per DES, # Average of (2018-19 to 2022-23) as per CWWG report.",rule_based,2.1,1.0,Minutes of the meeting of CWWG as on 15.12.2025_p1_c4,VERIFIED
1115,Oilseeds,Punjab,State-wide,2025-12-15,12,Active Growth,There Is No Major Pest Incidence That Has Been Reported. The Overall Intensity Of Pests And Diseases Remained Below The Economic Threshold Level,None,,,1,Minutes of the meeting of CWWG as on 15.12.2025.pdf,0.9, There is no major pest incidence that has been reported. The overall intensity of pests and diseases remained below the Economic Threshold Level.,rule_based,2.1,1.0,Minutes of the meeting of CWWG as on 15.12.2025_p1_c5,VERIFIED
947,Crop,Maharashtra,State-wide,2025-12-08,12,Active Growth,No  Significant  Change  In  Minimum  Temperature  Likely  For  Next  5  Days  And  Fall  By  2-30C Thereafter During Subsequent 2 Days In Maharashtra And No Significant Change In Minimum Temperature Is Likely Over The Gujarat During Next 7 Days,None,,,1,Minutes of the meeting of CWWG as on 08.12.2025.pdf,0.9,No significant change in minimum temperature likely for next 5 days and fall by 2-30C thereafter during subsequent 2 days in Maharashtra and no significant change in minimum temperature is likely over the Gujarat during next 7 days.,rule_based,2.1,1.0,Minutes of the meeting of CWWG as on 08.12.2025_p1_c1,VERIFIED
948,Crop,Punjab,State-wide,2025-12-08,12,Active Growth,"Dense Fog Conditions  Likely  To  Prevail  During  Early  Morning  Hours  In  Isolated  Pockets  Of Himachal Pradesh, Punjab, Haryana Chandigarh &Amp; Delhi And Rajasthan During Some Days Of The Week",None,,,1,Minutes of the meeting of CWWG as on 08.12.2025.pdf,0.9,"Dense fog conditions likely to prevail during early morning hours in isolated pockets of Himachal Pradesh, Punjab, Haryana Chandigarh &amp; Delhi and Rajasthan during some days of the week.",rule_based,2.1,1.0,Minutes of the meeting of CWWG as on 08.12.2025_p1_c2,VERIFIED
949,Bengal Gram (Gram/Chickpea),Punjab,State-wide,2025-12-08,12,Active Growth,None,None,,,1,Minutes of the meeting of CWWG as on 08.12.2025.pdf,0.7," Wheat: About 241.40 lakh ha area coverage under Wheat has been reported as compared to 217.81 lakh ha during the corresponding period of last year.
-
Rapeseed &amp; Mustard : About 79.88 lakh ha area coverage under Rapeseed &amp; Mustard has been reported as compared to 76.43 lakh ha during the corresponding period of last year.
-
Gram: About 77.84 lakh ha area coverage under Gram has been reported as compared to 75.16 lakh ha during the corresponding period of last year.",rule_based,2.1,1.0,Minutes of the meeting of CWWG as on 08.12.2025_p1_c3,VERIFIED
950,Oilseeds,Punjab,State-wide,2025-12-08,12,Active Growth,None,None,,,1,Minutes of the meeting of CWWG as on 08.12.2025.pdf,0.7,"---------- ---------------------------- -------------------------- ------------- ------------- -------------------------------------------- 1 Wheat 312.35 241.40 217.81 23.59 2 Rice * 42.93 10.98 9.86 1.12 3 Pulses 140.42 106.21 105.78 0.44 a Gram 100.99 77.84 75.16 2.68 b Lentil 15.13 12.98 14.00 1.02 c Fieldpea $ 6.50 7.18 7.85 0.67 d Kulthi $ 1.98 1.40 1.65 0.25 e Urdbean * 6.16 1.84 1.67 0.17 f Moongbean * 1.41 0.23 0.31 0.08 g Lathyrus $ 2.79 2.31 2.55 0.24 h Other Pulses $ 5.46 2.44 2.58 0.15 4 Shri Anna & Coarse cereals 55.33 36.28 35.94 0.34 a Jowar * 24.62 18.08 18.56 0.48 b Bajra # 0.59 0.08 0.10 0.02 c Ragi # 0.72 0.64 0.46 0.18 d Small Millets # 0.16 0.12 0.09 0.03 e Maize * 23.61 11.41 11.05 0.36 f Barley 5.63 5.95 5.68 0.27 5 Oilseeds 86.78 84.14 81.75 2.40 a Rapeseed & Mustard 79.17 79.88 76.43 3.45 b Groundnut * 3.69 1.80 2.30 0.50 c Safflower 0.72 0.69 0.49 0.20 d Sunflower * 0.79 0.32 0.26 0.06 ----- ---------------- -------- -------- -------- -------- e Sesamum * 0.48 0.04 0.05 0.01 f Linseed 1.93 1.27 2.07 0.79 g Other Oilseeds 0.00 0.14 0.15 0.01 Total Crops 637.81 479.02 451.12 27.89 Note: *Average of 2022-23 to 2024-25, $ average (2016-17 to 2020-21) as per DES, # Average of (2018-19 to 2022-23) as per CWWG report.",rule_based,2.1,1.0,Minutes of the meeting of CWWG as on 08.12.2025_p1_c4,VERIFIED
951,Oilseeds,Punjab,State-wide,2025-12-08,12,Active Growth,There Is No Major Pest Incidence That Has Been Reported. The Overall Intensity Of Pests And Diseases Remained Below The Economic Threshold Level,None,,,1,Minutes of the meeting of CWWG as on 08.12.2025.pdf,0.9, There is no major pest incidence that has been reported. The overall intensity of pests and diseases remained below the Economic Threshold Level.,rule_based,2.1,1.0,Minutes of the meeting of CWWG as on 08.12.2025_p1_c5,VERIFIED
753,Crop,Punjab,State-wide,2025-12-01,12,Active Growth,Cold  Wave  Conditions Very  Likely  To  Prevail  In  Isolated  Pockets  Of  Punjab  On  28 Th  &Amp;  29 Th November; Over Rajasthan On 03 Rd,None,,,1,Minutes of the meeting of CWWG as on 01.12.2025.pdf,0.9, Cold wave conditions very likely to prevail in isolated pockets of Punjab on 28 th &amp; 29 th November; over Rajasthan on 03 rd,rule_based,2.1,1.0,Minutes of the meeting of CWWG as on 01.12.2025_p1_c1,VERIFIED
754,Crop,Punjab,State-wide,2025-12-01,12,Active Growth,"Cold  Wave  Conditions  Likely  To  Occur  At  Isolated  Pockets  Of  North  Rajasthan,  Punjab  &Amp; Haryana During Some Days Of The Week",None,,,1,Minutes of the meeting of CWWG as on 01.12.2025.pdf,0.9,"Cold wave conditions likely to occur at isolated pockets of north Rajasthan, Punjab &amp; Haryana during some days of the week.",rule_based,2.1,1.0,Minutes of the meeting of CWWG as on 01.12.2025_p1_c2,VERIFIED
755,Crop,Punjab,State-wide,2025-12-01,12,Active Growth,"Dense Fog Conditions  Likely  To  Prevail  During  Early  Morning  Hours  In  Isolated  Pockets  Of Himachal Pradesh, Punjab, Haryana Chandigarh &Amp; Delhi And Rajasthan During Some Days Of The Week",None,,,1,Minutes of the meeting of CWWG as on 01.12.2025.pdf,0.9,"Dense fog conditions likely to prevail during early morning hours in isolated pockets of Himachal Pradesh, Punjab, Haryana Chandigarh &amp; Delhi and Rajasthan during some days of the week.",rule_based,2.1,1.0,Minutes of the meeting of CWWG as on 01.12.2025_p1_c3,VERIFIED
756,Bengal Gram (Gram/Chickpea),Punjab,State-wide,2025-12-01,12,Active Growth,None,None,,,1,Minutes of the meeting of CWWG as on 01.12.2025.pdf,0.7," Wheat: About 187.37 lakh ha area coverage under Wheat has been reported as compared to 160.26 lakh ha during the corresponding period of last year.
-
Rapeseed &amp; Mustard : About 77.06 lakh ha area coverage under Rapeseed &amp; Mustard has been reported as compared to 72.92 lakh ha during the corresponding period of last year.
-
Gram: About 62.49 lakh ha area coverage under Gram has been reported as compared to 60.13 lakh ha during the corresponding period of last year.",rule_based,2.1,1.0,Minutes of the meeting of CWWG as on 01.12.2025_p1_c4,VERIFIED
757,Oilseeds,Punjab,State-wide,2025-12-01,12,Active Growth,None,None,,,1,Minutes of the meeting of CWWG as on 01.12.2025.pdf,0.7,"---------- ---------------------------- -------------------------- ------------- ------------- -------------------------------------------- 1 Wheat 312.35 187.37 160.26 27.11 2 Rice * 42.93 9.10 8.45 0.65 3 Pulses 140.42 87.01 85.06 1.95 a Gram 100.99 62.49 60.13 2.36 b Lentil 15.13 11.42 10.44 0.98 c Fieldpea $ 6.50 6.57 6.77 0.21 d Kulthi $ 1.98 1.28 1.94 0.66 e Urdbean * 6.16 1.41 1.41 0.01 f Moongbean * 1.41 0.16 0.14 0.02 g Lathyrus $ 2.79 1.89 2.20 0.31 h Other Pulses $ 5.46 1.79 2.03 0.24 4 Shri Anna & Coarse cereals 55.33 29.06 26.58 2.48 a Jowar * 24.62 14.98 14.43 0.55 b Bajra # 0.59 0.05 0.05 0.00 c Ragi # 0.72 0.56 0.53 0.03 d Small Millets # 0.16 0.11 0.05 0.06 e Maize * 23.61 8.76 7.25 1.51 f Barley 5.63 4.60 4.27 0.33 5 Oilseeds 86.78 80.53 77.38 3.14 a Rapeseed & Mustard 79.17 77.06 72.92 4.14 b Groundnut * 3.69 1.35 1.94 0.59 c Safflower 0.72 0.62 0.39 0.22 d Sunflower * 0.79 0.21 0.19 0.02 e Sesamum * 0.48 0.03 0.03 0.00 f Linseed 1.93 1.15 1.79 0.64 ----- ---------------- -------- -------- -------- --------- g Other Oilseeds 0.00 0.11 0.12 0.01 Total Crops 637.81 393.07 357.73 35.33 Note: *Average of 2022-23 to 2024-25, $ average (2016-17 to 2020-21) as per DES, # Average of (2018-19 to 2022-23) as per CWWG report.",rule_based,2.1,1.0,Minutes of the meeting of CWWG as on 01.12.2025_p1_c5,VERIFIED
1271,Crop,Punjab,State-wide,2025-11-24,11,Active Growth,"Cold Wave Conditions Likely To Occur At Isolated Pockets Of West Rajasthan, South Punjab &Amp; South Haryana During Some Days Of The Week",None,,,1,Minutes of the meeting of CWWG as on 24.11.2025.pdf,0.9,"Cold wave conditions likely to occur at isolated pockets of west Rajasthan, south Punjab &amp; south Haryana during some days of the week.",rule_based,2.1,1.0,Minutes of the meeting of CWWG as on 24.11.2025_p1_c1,VERIFIED
1272,Bengal Gram (Gram/Chickpea),Punjab,State-wide,2025-11-24,11,Active Growth,None,None,,,1,Minutes of the meeting of CWWG as on 24.11.2025.pdf,0.7," Wheat: About 128.37 lakh ha area coverage under Wheat has been reported as compared to 107.09 lakh ha during the corresponding period of last year.
-
Rapeseed &amp; Mustard : About 73.80 lakh ha area coverage under Rapeseed &amp; Mustard has been reported as compared to 69.58 lakh ha during the corresponding period of last year.
-
Gram: About 53.71 lakh ha area coverage under Gram has been reported as compared to 49.30 lakh ha during the corresponding period of last year.",rule_based,2.1,1.0,Minutes of the meeting of CWWG as on 24.11.2025_p1_c2,VERIFIED
1125,Crop,Punjab,State-wide,2025-11-17,11,Active Growth,"Cold  Wave  Conditions  Likely  To  Occur  At  Isolated  Pockets  Of  North  Rajasthan,  Punjab  &Amp; Haryana During Some Days Of The Week",None,,,1,Minutes of the meeting of CWWG as on 17.11.2025.pdf,0.9,"- Cold wave conditions likely to occur at isolated pockets of north Rajasthan, Punjab &amp; Haryana during some days of the week.",rule_based,2.1,1.0,Minutes of the meeting of CWWG as on 17.11.2025_p1_c1,VERIFIED
1126,Bengal Gram (Gram/Chickpea),Punjab,State-wide,2025-11-17,11,Active Growth,None,None,,,1,Minutes of the meeting of CWWG as on 17.11.2025.pdf,0.7," Wheat: About 66.23 lakh ha area coverage under Wheat has been reported as compared to 56.55 lakh ha during the corresponding period of last year.
-
Rapeseed &amp; Mustard : About 64.23 lakh ha area coverage under Rapeseed &amp; Mustard has been reported as compared to 60.52 lakh ha during the corresponding period of last year.
-
Gram: About 37.43 lakh ha area coverage under Gram has been reported as compared to 34.04 lakh ha during the corresponding period of last year.",rule_based,2.1,1.0,Minutes of the meeting of CWWG as on 17.11.2025_p1_c2,VERIFIED
1127,Oilseeds,Punjab,State-wide,2025-11-17,11,Active Growth,None,None,,,1,Minutes of the meeting of CWWG as on 17.11.2025.pdf,0.7,"---------- ---------------------------- -------------------------- ------------- ------------- -------------------------------------------- 1 Wheat 312.35 66.23 56.55 9.68 2 Rice * 42.93 7.44 6.82 0.62 3 Pulses 140.42 52.82 48.93 3.88 a Gram 100.99 37.43 34.04 3.39 b Lentil 15.13 6.83 6.08 0.74 c Fieldpea $ 6.50 4.75 4.24 0.51 d Kulthi $ 1.98 0.97 0.97 0.00 e Urdbean * 6.16 0.79 0.98 0.19 f Moongbean * 1.41 0.05 0.09 0.04 g Lathyrus $ 2.79 1.04 1.18 0.13 h Other Pulses $ 5.46 0.95 1.36 0.41 4 Shri Anna & Coarse cereals 55.33 15.53 13.50 2.04 a Jowar * 24.62 8.82 8.21 0.61 b Bajra # 0.59 0.04 0.03 0.01 c Ragi # 0.72 0.49 0.38 0.11 d Small Millets # 0.16 0.11 0.03 0.07 e Maize * 23.61 4.26 3.63 0.63 f Barley 5.63 1.83 1.22 0.61 5 Oilseeds 86.78 66.17 62.93 3.24 a Rapeseed & Mustard 79.17 64.23 60.52 3.71 b Groundnut * 3.69 0.79 1.13 0.34 c Safflower 0.72 0.30 0.16 0.14 d Sunflower * 0.79 0.12 0.08 0.04 e Sesamum * 0.48 0.01 0.02 0.01 f Linseed 1.93 0.67 0.95 0.28 g Other Oilseeds 0.00 0.05 0.06 0.01 Total Crops
637.81
208.19
188.73
19.46
Note: *Average of 2022-23 to 2024-25, $ average (2016-17 to 2020-21) as per DES, # Average of (2018-19 to 2022-23) as per CWWG report.",rule_based,2.1,1.0,Minutes of the meeting of CWWG as on 17.11.2025_p1_c3,VERIFIED
770,Rice,Jharkhand,State-wide,2025-11-03,11,Active Growth,None,None,,,1,Minutes of the meeting of CWWG as on 03.11.2025.pdf,0.7,"Over all intensity of pests and disease remained below Economic Threshold Level (ETL) except: फसल Crop राज्य State जिला/उपजिला/गाांव District/ Sub District/ Village स्रोत / Source कीट / रोग Pest Disease राज्य में फसल क े अांतगगत क ु ल क्षेत्रफल ( हेक्टेयर ) Total area under the crop in the state (ha) तीव्रता Intensity संक्रमित / प्रभावितक्षेत्र * ETL ( हेक्टेयर ) सेऊपर / Area infested/Infected above *ETL (ha) की गई कारगवाई / जटप्पणी Action Taken/ Remark ------------ --------------- ----------------------------------------------------- ----------------------------------------------------------------------------------- ----------------------------------- ------------------------------------------------------------------------------------------------------ ------------------------------------------------------------------------------------------------------------------ -------------------------------------------------------------- Paddy Jharkhand Ranchi, Khunti, Lohardaga CIPMC, Ranchi 1) Joint Survey was conducted with DAO, Lohardaga in field crops on Bacterial leaf blight Brown plant - 01 Advisories issued and follow up is going on with concerned",rule_based,2.1,1.0,Minutes of the meeting of CWWG as on 03.11.2025_p1_c1,VERIFIED
1373,Unknown,All India,State-wide,2025-10-27,10,Active Growth,"Over All  Intensity  Of  Pests  And  Disease  Remained  Below  Economic  Threshold  Level  (Etl) Except:
फफफ
Crop
फफफफ
State
फफफफ/फफफफफफ
/फफफफ
District/ Sub District/ Village
फफफफ
Source
फफफ/
फफफ
Pest
Disease
फफफफफ
फफफ
फफफ
फफफफफ
फफफ
फफफफ
फफफफफ
(फफफफ
फफफफ)
Total
Area
Under The
Crop   In
The State
(Ha)
फफफफफ
Intensity
कक  कक   कककककककक/ककककककक
Action Taken/ Remark
फफफफफ
फफफ/
फफफफफ
फफफफफ
फफफफफ
- [ ] * Etl ( फफफफ फफफफ) फफफफफ
Area
Infested/I
Nfected
Above
*Etl
(Ha",None,,,1,Minutes of the meeting of CWWG as on 27.10.2025.pdf,0.9," Over all intensity of pests and disease remained below Economic Threshold Level (ETL) except:
फफफ
Crop
फफफफ
State
फफफफ/फफफफफफ
/फफफफ
District/ Sub District/ Village
फफफफ
Source
फफफ/
फफफ
Pest
Disease
फफफफफ
फफफ
फफफ
फफफफफ
फफफ
फफफफ
फफफफफ
(फफफफ
फफफफ)
Total
area
under the
crop in
the state
(ha)
फफफफफ
Intensity
कक कक कककककककक/ककककककक
Action Taken/ Remark
फफफफफ
फफफ/
फफफफफ
फफफफफ
फफफफफ
- [ ] * ETL ( फफफफ फफफफ) फफफफफ
Area
infested/I
nfected
above
*ETL
(ha)",rule_based,2.1,1.0,Minutes of the meeting of CWWG as on 27.10.2025_p1_c1,VERIFIED
1095,Crop,Odisha,State-wide,2025-10-13,10,Active Growth,"Conditions Are Favourable For Further Withdrawal Of Southwest Monsoon From Remaining Parts  Of  Maharashtra,  Madhya  Pradesh,  Uttar  Pradesh  And  Bihar;  Entire  Jharkhand  And Some  Parts  Of  West  Bengal,  Sikkim,  Chhattisgarh,  Odisha  &Amp;  Telangana  During  Next  24 Hours And From North East India During Subsequent 1-2 Days",None,,,1,Minutes of the meeting of CWWG as on 13.10.2025.pdf,0.9,"- Conditions are favourable for further withdrawal of southwest monsoon from remaining parts of Maharashtra, Madhya Pradesh, Uttar Pradesh and Bihar; entire Jharkhand and some parts of West Bengal, Sikkim, Chhattisgarh, Odisha &amp; Telangana during next 24 hours and from north east India during subsequent 1-2 days.",rule_based,2.1,1.0,Minutes of the meeting of CWWG as on 13.10.2025_p1_c1,VERIFIED
1096,Maize,Odisha,State-wide,2025-10-13,10,Active Growth,None,None,,,1,Minutes of the meeting of CWWG as on 13.10.2025.pdf,0.7,"Rice : About 441.58 lakh ha (109.5% of Normal) area coverage under Kharif Rice as compared to 435.68 lakh ha during the corresponding period of last year.
- Maize : About 94.95 lakh ha (120.3% of Normal) area coverage under Maize has been reported as compared to 84.30 lakh ha during the corresponding period of last year.
- Moong : About 34.87 lakh ha (97.6% of Normal) area coverage under Moong as compared to 34.96 lakh ha during the corresponding period of last year.",rule_based,2.1,1.0,Minutes of the meeting of CWWG as on 13.10.2025_p1_c2,VERIFIED
1097,Maize,Maharashtra,State-wide,2025-10-13,10,Active Growth,None,None,,,1,Minutes of the meeting of CWWG as on 13.10.2025.pdf,0.7,- Soybean : About 120.45 lakh ha (94.7% of Normal) area coverage under Soyabean has been reported as compared to 129.55 lakh ha during the corresponding period of last year. Soyabean area diverted in Maize in MP and Maharashtra.,rule_based,2.1,1.0,Minutes of the meeting of CWWG as on 13.10.2025_p1_c3,VERIFIED
1098,Rice,Maharashtra,State-wide,2025-10-13,10,Active Growth,None,None,,,1,Minutes of the meeting of CWWG as on 13.10.2025.pdf,0.7,- Sugarcane : About 59.07 lakh ha area coverage under Sugarcane has been reported as compared to 57.22 lakh ha during the corresponding period of last year.,rule_based,2.1,1.0,Minutes of the meeting of CWWG as on 13.10.2025_p1_c4,VERIFIED
1099,Rice,Gujarat,State-wide,2025-10-13,10,Active Growth,None,None,,,1,Minutes of the meeting of CWWG as on 13.10.2025.pdf,0.7,- Cotton : About 110.03 lakh ha (85% of Normal) area coverage has been reported compared to 112.97 lakh ha during the corresponding period of last year. Cotton area diverted in Paddy and Groundnut respectively in Punjab &amp; Haryana and Gujarat.,rule_based,2.1,1.0,Minutes of the meeting of CWWG as on 13.10.2025_p1_c5,VERIFIED
1100,Cotton,Gujarat,State-wide,2025-10-13,10,Sowing,None,None,,,1,Minutes of the meeting of CWWG as on 13.10.2025.pdf,0.9,"All India: Progressive Crop Area Sown Report
Kharif Weekly area coverage as on 03.10.2025
Source: CWWG (via API)
Area in Lakh Ha Normal (DA&FW) Area Sown Area Sown Difference In Area Coverage Over ---------------------- ------------------ ------------- ------------- ------------------------------------ Crop 2025-26 2024-25 2024-25 Rice 403.09 441.58 435.68 5.91 Total Pulses 129.61 120.41 119.04 1.37 Tur 44.71 46.60 46.45 0.15 Urad 32.64 24.37 22.87 1.50 Moong 35.69 34.87 34.96 0.09 Kulthi 1.72 0.72 0.56 0.16 Moth Bean 9.70 9.24 9.63 0.39 Other Pulses 5.15 4.62 4.58 0.05 Total Coarse Cereals 180.71 194.67 183.54 11.13 Jowar 15.07 14.07 14.21 0.14 Bajra 70.69 68.44 68.65 0.21 Ragi 11.52 11.81 11.96 0.15 Maize 78.95 94.95 84.30 10.65 Small Millets 4.48 5.39 4.42 0.97 Total Oilseeds 194.63 190.13 200.75 10.62 Groundnut 45.10 48.36 49.96 1.60 Soybean 127.19 120.45 129.55 9.10 Sunflower 1.29 0.71 0.73 0.02 Sesamum 10.32 10.51 11.07 0.56 Nigerseed 1.08 1.04 0.98 0.06 Castorseed 9.65 8.98 8.39 0.60 Other Oilseeds 0.08 0.08 0.00 Sugarcane 52.51 59.07 57.22 1.86 Jute and Mesta 6.60 5.56 5.75 0.18 Cotton 129.50 110.03 112.97 2.94 Grand Total 1096.65 1121.46 1114.95 6.51",rule_based,2.1,1.0,Minutes of the meeting of CWWG as on 13.10.2025_p1_c6,VERIFIED
934,Crop,Gujarat,State-wide,2025-10-06,10,Active Growth,"Southwest  Monsoon  Has  Withdrawal  From  Many  Parts  Of  Gujarat  And  Rajasthan;  Entire Punjab And Haryana, Chandigarh &Amp; Delhi; Some Parts Of Madhya Pradesh, Up, Himachal Pradesh And Jammu &Amp; Kashmir Till Now",None,,,1,Minutes of the meeting of CWWG as on 06.10.2025 ..pdf,0.9,"Southwest monsoon has withdrawal from many parts of Gujarat and Rajasthan; entire Punjab and Haryana, Chandigarh &amp; Delhi; some parts of Madhya Pradesh, UP, Himachal Pradesh and Jammu &amp; Kashmir till now.",rule_based,2.1,1.0,Minutes of the meeting of CWWG as on 06.10.2025 ._p1_c1,VERIFIED
935,Crop,Maharashtra,State-wide,2025-10-06,10,Active Growth,Conditions Are Favourable For Further Withdrawal Of Southwest Monsoon From Some More Parts Of Madhya Pradesh And Uttar Pradesh And Some Parts Of Maharashtra During Next 45 Days,None,,,1,Minutes of the meeting of CWWG as on 06.10.2025 ..pdf,0.9,- Conditions are favourable for further withdrawal of southwest monsoon from some more parts of Madhya Pradesh and Uttar Pradesh and some parts of Maharashtra during next 45 days.,rule_based,2.1,1.0,Minutes of the meeting of CWWG as on 06.10.2025 ._p1_c2,VERIFIED
936,Maize,Maharashtra,State-wide,2025-10-06,10,Active Growth,None,None,,,1,Minutes of the meeting of CWWG as on 06.10.2025 ..pdf,0.7,"Rice : About 441.58 lakh ha (109.5% of Normal) area coverage under Kharif Rice as compared to 435.68 lakh ha during the corresponding period of last year.
- Maize : About 94.95 lakh ha (120.3% of Normal) area coverage under Maize has been reported as compared to 84.30 lakh ha during the corresponding period of last year.
- Moong : About 34.87 lakh ha (97.6% of Normal) area coverage under Moong as compared to 34.96 lakh ha during the corresponding period of last year.",rule_based,2.1,1.0,Minutes of the meeting of CWWG as on 06.10.2025 ._p1_c3,VERIFIED
937,Maize,Maharashtra,State-wide,2025-10-06,10,Active Growth,None,None,,,1,Minutes of the meeting of CWWG as on 06.10.2025 ..pdf,0.7,- Soybean : About 120.45 lakh ha (94.7% of Normal) area coverage under Soyabean has been reported as compared to 129.55 lakh ha during the corresponding period of last year. Soyabean area diverted in Maize in MP and Maharashtra.,rule_based,2.1,1.0,Minutes of the meeting of CWWG as on 06.10.2025 ._p1_c4,VERIFIED
938,Rice,Maharashtra,State-wide,2025-10-06,10,Active Growth,None,None,,,1,Minutes of the meeting of CWWG as on 06.10.2025 ..pdf,0.7,- Sugarcane : About 59.07 lakh ha area coverage under Sugarcane has been reported as compared to 57.22 lakh ha during the corresponding period of last year.,rule_based,2.1,1.0,Minutes of the meeting of CWWG as on 06.10.2025 ._p1_c5,VERIFIED
939,Rice,Gujarat,State-wide,2025-10-06,10,Active Growth,None,None,,,1,Minutes of the meeting of CWWG as on 06.10.2025 ..pdf,0.7,- Cotton : About 110.03 lakh ha (85% of Normal) area coverage has been reported compared to 112.97 lakh ha during the corresponding period of last year. Cotton area diverted in Paddy and Groundnut respectively in Punjab &amp; Haryana and Gujarat.,rule_based,2.1,1.0,Minutes of the meeting of CWWG as on 06.10.2025 ._p1_c6,VERIFIED
940,Cotton,Gujarat,State-wide,2025-10-06,10,Sowing,None,None,,,1,Minutes of the meeting of CWWG as on 06.10.2025 ..pdf,0.9,"All India: Progressive Crop Area Sown Report
Kharif Weekly area coverage as on 03.10.2025
Source: CWWG (via API)
Area in Lakh Ha Normal (DA&FW) Area Sown Area Sown Difference In Area Coverage Over ---------------------- ------------------ ------------- ------------- ------------------------------------ Crop 2025-26 2024-25 2024-25 Rice 403.09 441.58 435.68 5.91 Total Pulses 129.61 120.41 119.04 1.37 Tur 44.71 46.60 46.45 0.15 Urad 32.64 24.37 22.87 1.50 Moong 35.69 34.87 34.96 0.09 Kulthi 1.72 0.72 0.56 0.16 Moth Bean 9.70 9.24 9.63 0.39 Other Pulses 5.15 4.62 4.58 0.05 Total Coarse Cereals 180.71 194.67 183.54 11.13 Jowar 15.07 14.07 14.21 0.14 Bajra 70.69 68.44 68.65 0.21 Ragi 11.52 11.81 11.96 0.15 Maize 78.95 94.95 84.30 10.65 Small Millets 4.48 5.39 4.42 0.97 Total Oilseeds 194.63 190.13 200.75 10.62 Groundnut 45.10 48.36 49.96 1.60 Soybean 127.19 120.45 129.55 9.10 Sunflower 1.29 0.71 0.73 0.02 Sesamum 10.32 10.51 11.07 0.56 Nigerseed 1.08 1.04 0.98 0.06 Castorseed 9.65 8.98 8.39 0.60 Other Oilseeds 0.08 0.08 0.00 Sugarcane 52.51 59.07 57.22 1.86 Jute and Mesta 6.60 5.56 5.75 0.18 Cotton 129.50 110.03 112.97 2.94 Grand Total 1096.65 1121.46 1114.95 6.51",rule_based,2.1,1.0,Minutes of the meeting of CWWG as on 06.10.2025 ._p1_c7,VERIFIED
1378,Crop,Gujarat,State-wide,2025-09-29,9,Active Growth,"Southwest  Monsoon  Has  Withdrawal  From  Many  Parts  Of  Gujarat  And  Rajasthan;  Entire Punjab And Haryana, Chandigarh &Amp; Delhi; Some Parts Of Madhya Pradesh, Up, Himachal Pradesh And Jammu &Amp; Kashmir Till Now",None,,,1,Minutes of the meeting of CWWG as on 29.09.2025.pdf,0.9,"Southwest monsoon has withdrawal from many parts of Gujarat and Rajasthan; entire Punjab and Haryana, Chandigarh &amp; Delhi; some parts of Madhya Pradesh, UP, Himachal Pradesh and Jammu &amp; Kashmir till now.",rule_based,2.1,1.0,Minutes of the meeting of CWWG as on 29.09.2025_p1_c1,VERIFIED
1379,Crop,Gujarat,State-wide,2025-09-29,9,Active Growth,"Overall, Maximum Temperatures Are Likely To Be Above Normal By 3-5°C Over Most Parts Of Northeast India; Above Normal By 2-4°C Over Most Parts Of Northwest India, Gujarat And Bihar. These Are Very Likely To Be Near Normal Or Below Normal Over Remaining Parts Of The Country During The Week",None,,,1,Minutes of the meeting of CWWG as on 29.09.2025.pdf,0.9,"Overall, maximum temperatures are likely to be above normal by 3-5°C over most parts of northeast India; above normal by 2-4°C over most parts of northwest India, Gujarat and Bihar. These are very likely to be near normal or below normal over remaining parts of the country during the week.",rule_based,2.1,1.0,Minutes of the meeting of CWWG as on 29.09.2025_p1_c2,VERIFIED
1380,Maize,Gujarat,State-wide,2025-09-29,9,Active Growth,None,None,,,1,Minutes of the meeting of CWWG as on 29.09.2025.pdf,0.7,"Rice : About 441.58 lakh ha (109.5% of Normal) area coverage under Kharif Rice as compared to 435.68 lakh ha during the corresponding period of last year.
- Maize : About 94.95 lakh ha (120.3% of Normal) area coverage under Maize has been reported as compared to 84.30 lakh ha during the corresponding period of last year.
- Moong : About 34.84 lakh ha (97.6% of Normal) area coverage under Moong as compared to 34.96 lakh ha during the corresponding period of last year.",rule_based,2.1,1.0,Minutes of the meeting of CWWG as on 29.09.2025_p1_c3,VERIFIED
1381,Maize,Maharashtra,State-wide,2025-09-29,9,Active Growth,None,None,,,1,Minutes of the meeting of CWWG as on 29.09.2025.pdf,0.7,- Soybean : About 120.45 lakh ha (94.7% of Normal) area coverage under Soyabean has been reported as compared to 129.55 lakh ha during the corresponding period of last year. Soyabean area diverted in Maize in MP and Maharashtra.,rule_based,2.1,1.0,Minutes of the meeting of CWWG as on 29.09.2025_p1_c4,VERIFIED
1382,Rice,Maharashtra,State-wide,2025-09-29,9,Active Growth,None,None,,,1,Minutes of the meeting of CWWG as on 29.09.2025.pdf,0.7,- Sugarcane : About 59.07 lakh ha area coverage under Sugarcane has been reported as compared to 57.22 lakh ha during the corresponding period of last year.,rule_based,2.1,1.0,Minutes of the meeting of CWWG as on 29.09.2025_p1_c5,VERIFIED
1383,Rice,Gujarat,State-wide,2025-09-29,9,Active Growth,None,None,,,1,Minutes of the meeting of CWWG as on 29.09.2025.pdf,0.7,"- Cotton : About 109.98 lakh ha (84.9% of Normal) area coverage has been reported compared to 112.95 lakh ha during the corresponding period of last year. Cotton area diverted in Paddy and Groundnut, respectively in Punjab &amp; Haryana and Gujarat.",rule_based,2.1,1.0,Minutes of the meeting of CWWG as on 29.09.2025_p1_c6,VERIFIED
1384,Cotton,Gujarat,State-wide,2025-09-29,9,Sowing,None,None,,,1,Minutes of the meeting of CWWG as on 29.09.2025.pdf,0.9,"All India: Progressive Crop Area Sown Report
Kharif Weekly area coverage as on 26.09.2025
Source: CWWG (via API)
Area in Lakh Ha Normal (DA&FW) Area Sown Area Sown Difference In Area Coverage Over ---------------------- ------------------ ------------- ------------- ------------------------------------ Crop 2025-26 2024-25 2024-25 Rice 403.09 441.58 435.68 5.91 Total Pulses 129.61 119.85 118.95 0.90 Tur 44.71 46.31 46.39 0.08 Urad 32.64 24.29 22.87 1.42 Moong 35.69 34.84 34.96 0.12 Kulthi 1.72 0.67 0.56 0.12 Moth Bean 9.70 9.24 9.63 0.40 Other Pulses 5.15 4.51 4.55 0.04 Total Coarse Cereals 180.71 194.67 182.66 12.01 Jowar 15.07 14.07 14.15 0.08 Bajra 70.69 68.44 68.65 0.21 Ragi 11.52 11.81 11.00 0.81 Maize 78.95 94.95 84.30 10.65 Small Millets 4.48 5.39 4.56 0.84 Total Oilseeds 194.63 190.01 200.52 10.52 Groundnut 45.10 48.31 49.96 1.65 Soybean 127.19 120.45 129.55 9.10 Sunflower 1.29 0.70 0.73 0.02 Sesamum 10.32 10.50 11.07 0.56 Nigerseed 1.08 1.02 0.98 0.05 Castorseed 9.65 8.94 8.17 0.77 Other Oilseeds 0.08 0.07 0.01 Sugarcane 52.51 59.07 57.22 1.86 Jute and Mesta 6.60 5.56 5.75 0.18 Cotton 129.50 109.98 112.95 2.97 Grand Total 1096.65 1120.73 1113.72 7.01",rule_based,2.1,1.0,Minutes of the meeting of CWWG as on 29.09.2025_p1_c7,VERIFIED
1385,Cotton,Gujarat,State-wide,2025-09-29,9,Active Growth,Over All  Intensity  Of  Pests  And  Disease  Remained  Below  Economic  Threshold  Level  (Etl) Except,None,,,1,Minutes of the meeting of CWWG as on 29.09.2025.pdf,0.9,Over all intensity of pests and disease remained below Economic Threshold Level (ETL) except:,rule_based,2.1,1.0,Minutes of the meeting of CWWG as on 29.09.2025_p1_c8,VERIFIED
1261,Crop,Gujarat,State-wide,2025-09-22,9,Active Growth,"Conditions Are Becoming Favourable For Further Withdrawal Of Southwest Monsoon From Some  More  Parts  Of  Gujarat,  Rajasthan,  Haryana  And  Punjab;  Some  Parts  Of  Himachal Pradesh, Jammu &Amp; Kashmir And Uttar Pradesh During Next 24 Hours",None,,,1,Minutes of the meeting of CWWG as on 22.09.2025.pdf,0.9,"- Conditions are becoming favourable for further withdrawal of southwest monsoon from some more parts of Gujarat, Rajasthan, Haryana and Punjab; some parts of Himachal Pradesh, Jammu &amp; Kashmir and Uttar Pradesh during next 24 hours.",rule_based,2.1,1.0,Minutes of the meeting of CWWG as on 22.09.2025_p1_c1,VERIFIED
1262,Maize,Gujarat,State-wide,2025-09-22,9,Active Growth,None,None,,,1,Minutes of the meeting of CWWG as on 22.09.2025.pdf,0.7,"Rice : About 438.51 lakh ha (108.0% of Normal) area coverage under Kharif Rice as compared to 430.06 lakh ha during the corresponding period of last year.
- Maize : About 94.95 lakh ha (120.3% of Normal) area coverage under Maize has been reported as compared to 84.30 lakh ha during the corresponding period of last year.
- Moong : About 34.79 lakh ha (97.5% of Normal) area coverage under Moong as compared to 34.96 lakh ha during the corresponding period of last year.",rule_based,2.1,1.0,Minutes of the meeting of CWWG as on 22.09.2025_p1_c2,VERIFIED
1263,Maize,Maharashtra,State-wide,2025-09-22,9,Active Growth,None,None,,,1,Minutes of the meeting of CWWG as on 22.09.2025.pdf,0.7,- Soybean : About 120.44 lakh ha (94.7% of Normal) area coverage under Soyabean has been reported as compared to 126.26 lakh ha during the corresponding period of last year. Soyabean area diverted in Maize in MP and Maharashtra.,rule_based,2.1,1.0,Minutes of the meeting of CWWG as on 22.09.2025_p1_c3,VERIFIED
1264,Rice,Maharashtra,State-wide,2025-09-22,9,Active Growth,None,None,,,1,Minutes of the meeting of CWWG as on 22.09.2025.pdf,0.7,- Sugarcane : About 59.07 lakh ha area coverage under Sugarcane has been reported as compared to 57.22 lakh ha during the corresponding period of last year.,rule_based,2.1,1.0,Minutes of the meeting of CWWG as on 22.09.2025_p1_c4,VERIFIED
1265,Rice,Gujarat,State-wide,2025-09-22,9,Active Growth,None,None,,,1,Minutes of the meeting of CWWG as on 22.09.2025.pdf,0.7,- Cotton : About 109.90 lakh ha (84.9% of Normal) area coverage has been reported compared to 112.76 lakh ha during the corresponding period of last year. Cotton area diverted in Paddy and Groundnut respectively in Punjab &amp; Haryana and Gujarat.,rule_based,2.1,1.0,Minutes of the meeting of CWWG as on 22.09.2025_p1_c5,VERIFIED
1266,Cotton,Gujarat,State-wide,2025-09-22,9,Sowing,None,None,,,1,Minutes of the meeting of CWWG as on 22.09.2025.pdf,0.9,"All India: Progressive Crop Area Sown Report
Kharif Weekly area coverage as on 19.09.2025
Source: CWWG (via API)
Area in Lakh Ha Normal (DA&FW) Area Sown Area Sown Difference In Area Coverage Over ---------------------- ------------------ ------------- ------------- ------------------------------------ Crop 2025-26 2024-25 2024-25 Rice 403.09 438.51 430.06 8.45 Total Pulses 129.61 119.29 118.40 0.89 Tur 44.71 46.10 46.34 0.23 Urad 32.64 24.07 22.59 1.48 Moong 35.69 34.79 34.96 0.17 Kulthi 1.72 0.63 0.50 0.12 Moth Bean 9.70 9.24 9.63 0.40 Other Pulses 5.15 4.46 4.37 0.09 Total Coarse Cereals 180.71 194.01 181.59 12.43 Jowar 15.07 14.07 14.14 0.07 Bajra 70.69 68.44 68.07 0.37 Ragi 11.52 11.21 10.52 0.69 Maize 78.95 94.95 84.30 10.65 Small Millets 4.48 5.34 4.56 0.79 Total Oilseeds 194.63 189.51 194.67 5.16 Groundnut 45.10 48.14 47.79 0.35 Soybean 127.19 120.44 126.26 5.83 ---------------- ---------- ---------- ---------- --------- Sunflower 1.29 0.70 0.72 0.02 Sesamum 10.32 10.43 10.98 0.56 Nigerseed 1.08 0.97 0.90 0.08 Castorseed 9.65 8.75 7.94 0.81 Other Oilseeds 0.08 0.07 0.00 Sugarcane 52.51 59.07 57.22 1.86 Jute and Mesta 6.60 5.56 5.74 0.18 Cotton 129.50 109.90 112.76 2.85 Grand Total 1096.65 1115.86 1100.42 15.43",rule_based,2.1,1.0,Minutes of the meeting of CWWG as on 22.09.2025_p1_c6,VERIFIED
1106,Maize,All India,State-wide,2025-09-15,9,Active Growth,None,None,,,1,Minutes of the meeting of CWWG as on 15.09.2025.pdf,0.7,"Rice : About 438.51 lakh ha (108.0% of Normal) area coverage under Kharif Rice as compared to 430.06 lakh ha during the corresponding period of last year.
- Maize : About 94.84 lakh ha (120.1% of Normal) area coverage under Maize has been reported as compared to 84.30 lakh ha during the corresponding period of last year.
- Moong : About 34.54 lakh ha (96.8% of Normal) area coverage under Moong as compared to 34.86 lakh ha during the corresponding period of last year.",rule_based,2.1,1.0,Minutes of the meeting of CWWG as on 15.09.2025_p1_c1,VERIFIED
1107,Maize,Maharashtra,State-wide,2025-09-15,9,Active Growth,None,None,,,1,Minutes of the meeting of CWWG as on 15.09.2025.pdf,0.7,- Soybean : About 120.43 lakh ha (94.7% of Normal) area coverage under Soyabean has been reported as compared to 126.24 lakh ha during the corresponding period of last year. Soyabean area diverted in Maize in MP and Maharashtra.,rule_based,2.1,1.0,Minutes of the meeting of CWWG as on 15.09.2025_p1_c2,VERIFIED
1108,Rice,Maharashtra,State-wide,2025-09-15,9,Active Growth,None,None,,,1,Minutes of the meeting of CWWG as on 15.09.2025.pdf,0.7,- Sugarcane : About 57.31 lakh ha area coverage under Sugarcane has been reported as compared to 55.68 lakh ha during the corresponding period of last year.,rule_based,2.1,1.0,Minutes of the meeting of CWWG as on 15.09.2025_p1_c3,VERIFIED
1109,Rice,Gujarat,State-wide,2025-09-15,9,Active Growth,None,None,,,1,Minutes of the meeting of CWWG as on 15.09.2025.pdf,0.7,- Cotton : About 109.64 lakh ha (84.7% of Normal) area coverage has been reported compared to 112.48 lakh ha during the corresponding period of last year. Cotton area diverted in Paddy and Groundnut respectively in Punjab &amp; Haryana and Gujarat.,rule_based,2.1,1.0,Minutes of the meeting of CWWG as on 15.09.2025_p1_c4,VERIFIED
1110,Cotton,Gujarat,State-wide,2025-09-15,9,Sowing,None,None,,,1,Minutes of the meeting of CWWG as on 15.09.2025.pdf,0.9,"All India: Progressive Crop Area Sown Report
Kharif Weekly area coverage as on 12.09.2025
Source: CWWG (via API)
Area in Lakh Ha Normal (DA&FW) Area Sown Area Sown Difference In Area Coverage Over ---------------------- ------------------ ------------- ------------- ------------------------------------ Crop 2025-26 2024-25 2024-25 Rice 403.09 438.51 430.06 8.45 Total Pulses 129.61 118.06 117.25 0.81 Tur 44.71 45.81 46.26 0.45 Urad 32.64 23.66 22.14 1.51 Moong 35.69 34.54 34.86 0.32 Kulthi 1.72 0.52 0.38 0.15 Moth Bean 9.70 9.23 9.63 0.40 Other Pulses 5.15 4.30 3.98 0.32 Total Coarse Cereals 180.71 192.91 180.75 12.17 Jowar 15.07 14.07 14.14 0.07 Bajra 70.69 68.44 68.07 0.37 Ragi 11.52 10.24 9.82 0.42 Maize 78.95 94.84 84.30 10.54 Small Millets 4.48 5.31 4.42 0.90 Total Oilseeds 194.63 188.81 193.93 5.12 Groundnut 45.10 47.99 47.65 0.34 Soybean 127.19 120.43 126.24 5.81 Sunflower 1.29 0.68 0.71 0.03 ---------------- --------- --------- --------- --------- Sesamum 10.32 10.27 10.86 0.59 Nigerseed 1.08 0.87 0.76 0.11 Castorseed 9.65 8.52 7.64 0.87 Other Oilseeds 0.06 0.07 0.01 Sugarcane 52.51 57.31 55.68 1.64 Jute and Mesta 6.60 5.56 5.74 0.18 Cotton 129.50 109.64 112.48 2.85 Grand Total 1096.65 1110.80 1095.88 14.92",rule_based,2.1,1.0,Minutes of the meeting of CWWG as on 15.09.2025_p1_c5,VERIFIED
944,Crop,Karnataka,State-wide,2025-09-08,9,Active Growth,"Maximum  Temperature  Is  Likely  To  Be  Above  Normal  Over  Many  Parts  Of  Karnataka, Maharashtra, Chhattisgarh, Bihar And Arunachal Pradesh",None,,,1,Minutes of the meeting of CWWG as on 08.09.2025.pdf,0.9,"Maximum temperature is likely to be above normal over many parts of Karnataka, Maharashtra, Chhattisgarh, Bihar and Arunachal Pradesh.",rule_based,2.1,1.0,Minutes of the meeting of CWWG as on 08.09.2025_p1_c1,VERIFIED
945,Cotton,Karnataka,State-wide,2025-09-08,9,Active Growth,None,None,,,1,Minutes of the meeting of CWWG as on 08.09.2025.pdf,0.7,"Rice : About 438.28 lakh ha (108.7% of Normal) area coverage under Kharif Rice as compared to 418.66 lakh ha during the corresponding period of last year.
- Maize : About 94.62 lakh ha (119.8% of Normal) area coverage under Maize has been reported as compared to 84.30 lakh ha during the corresponding period of last year.
- Moong : About 34.22 lakh ha (95.9% of Normal) area coverage under Moong as compared to 34.09 lakh ha during the corresponding period of last year.
- Soybean : About 120.32 lakh ha (94.6% of Normal) area coverage under Soyabean has been reported as compared to 126.05 lakh ha during the corresponding period of last year.
- Sugarcane : About 57.31 lakh ha area coverage under Sugarcane has been reported as compared to 55.68 lakh ha during the corresponding period of last year.
- Cotton : About 109.17 lakh ha (84.3% of Normal) area coverage has been reported compared to 112.13 lakh ha during the corresponding period of last year.",rule_based,2.1,1.0,Minutes of the meeting of CWWG as on 08.09.2025_p1_c2,VERIFIED
946,Cotton,Karnataka,State-wide,2025-09-08,9,Sowing,None,None,,,1,Minutes of the meeting of CWWG as on 08.09.2025.pdf,0.9,"Source: CWWG (via API)
Area in Lakh Ha Normal (DA&FW) Area Sown Area Sown Difference In Area Coverage Over ---------------------- ------------------ ------------- ------------- ------------------------------------ Crop 2025-26 2024-25 2024-25 Rice 403.09 438.28 418.66 19.63 Total Pulses 129.61 116.40 114.46 1.94 Tur 44.71 45.19 45.71 0.52 Urad 32.64 23.35 21.33 2.01 Moong 35.69 34.22 34.09 0.13 Kulthi 1.72 0.38 0.31 0.06 Moth Bean 9.70 9.19 9.12 0.07 Other Pulses 5.15 4.08 3.89 0.19 Total Coarse Cereals 180.71 191.71 179.62 12.09 Jowar 15.07 14.05 14.01 0.04 Bajra 70.69 67.89 67.96 0.07 Ragi 11.52 9.84 8.93 0.91 Small Millets 4.48 5.31 4.42 0.89 ----------------- --------- --------- --------- -------- Maize 78.95 94.62 84.30 10.32 Total Oilseeds 194.63 186.98 192.21 5.23 Groundnut 45.10 47.53 47.49 0.04 Soybean 127.19 120.32 126.04 5.72 Sunflower 1.29 0.64 0.71 0.06 Sesamum 10.32 10.14 10.62 0.48 Nigerseed 1.08 0.66 0.60 0.06 Castorseed 9.65 7.64 6.69 0.95 Other Oilseeds 0.06 0.07 0.01 Sugarcane 52.51 57.31 55.68 1.64 Jute and Mesta 6.60 5.56 5.74 0.18 Cotton 129.50 109.17 112.13 2.96 Grand Total 1096.65 1105.42 1078.49 26.93",rule_based,2.1,1.0,Minutes of the meeting of CWWG as on 08.09.2025_p1_c3,VERIFIED
752,Cotton,All India,State-wide,2025-09-01,9,Sowing,None,None,,,1,Minutes of the meeting of CWWG as on 01.09.2025.pdf,0.9,"Rice : About 431.96 lakh ha (107.2% of Normal) area coverage under Kharif Rice as compared to 405.34 lakh ha during the corresponding period of last year.
- Moong : About 34.11 lakh ha (95.6% of Normal) area coverage under Moong as compared to 33.96 lakh ha during the corresponding period of last year.
- Soybean : About 120.28 lakh ha (94.6% of Normal) area coverage under Soyabean has been reported as compared to 125.50 lakh ha during the corresponding period of last year.
- Sugarcane : About 57.31 lakh ha area coverage under Sugarcane has been reported as compared to 55.68 lakh ha during the corresponding period of last year.
- Cotton : About 108.77 lakh ha (84% of Normal) area coverage has been reported compared to 111.39 lakh ha during the corresponding period of last year.
All India: Progressive Crop Area Sown Report
Kharif Weekly area coverage as on 29.08.2025
Source: CWWG (via API)
Area in Lakh Ha Normal (DA&FW) Area Sown Area Sown Difference In Area Coverage Over ---------------------- ------------------ ------------- ------------- ------------------------------------ Crop 2025-26 2024-25 2024-25 Rice 403.09 431.96 405.34 26.61 Total Pulses 129.61 114.46 113.47 0.99 Tur 44.71 44.61 45.37 0.76 Kulthi 1.72 0.31 0.28 0.03 Urad 32.64 22.35 21.03 1.33 Moong 35.69 34.11 33.96 0.14 Other Pulses 5.15 3.88 3.71 0.18 Moth Bean 9.70 9.19 9.12 0.07 Total Coarse Cereals 180.71 189.67 178.48 11.19 Jowar 15.07 14.01 14.00 0.01 Bajra 70.69 67.64 67.72 0.08 Ragi 11.52 9.24 8.39 0.85 Maize 78.95 94.00 84.07 9.93 Other Small Millets 4.48 4.78 4.30 0.48 Total Oilseeds 194.63 185.17 190.27 5.10 Groundnut 45.10 46.76 46.98 0.22 ---------------- --------- --------- --------- --------- Sesamum 10.32 9.97 10.55 0.58 Sunflower 1.29 0.64 0.70 0.07 Soybean 127.19 120.28 125.50 5.22 Nigerseed 1.08 0.43 0.40 0.03 Castorseed 9.65 7.04 6.07 0.97 Other Oilseeds 0.06 0.07 0.01 Sugarcane 52.51 57.31 55.68 1.64 Jute and Mesta 6.60 5.54 5.73 0.19 Cotton 129.50 108.77 111.39 2.62 Grand Total 1096.65 1092.87 1060.36 32.51",rule_based,2.1,1.0,Minutes of the meeting of CWWG as on 01.09.2025_p1_c1,VERIFIED
1284,Cotton,All India,State-wide,2025-08-25,8,Active Growth,None,None,,,1,Minutes of the meeting of CWWG as on 25.08.2025.pdf,0.7,"Rice : About 420.41 lakh ha (104.3% of Normal) area coverage under Kharif Rice as compared to 390.80 lakh ha during the corresponding period of last year.
- Moong : About 33.95 lakh ha (95.1% of Normal) area coverage under Moong as compared to 33.50 lakh ha during the corresponding period of last year.
- Soybean : About 120.11 lakh ha (94.4% of Normal) area coverage under Soyabean has been reported as compared to 124.88 lakh ha during the corresponding period of last year.
- Sugarcane : About 57.31 lakh ha area coverage under Sugarcane has been reported as compared to 55.68 lakh ha during the corresponding period of last year.
- Cotton : About 108.47 lakh ha (83.8% of Normal) area coverage has been reported compared to 111.39 lakh ha during the corresponding period of last year.",rule_based,2.1,1.0,Minutes of the meeting of CWWG as on 25.08.2025_p1_c1,VERIFIED
1285,Cotton,All India,State-wide,2025-08-25,8,Sowing,None,None,,,1,Minutes of the meeting of CWWG as on 25.08.2025.pdf,0.9,"All India: Progressive Crop Area Sown Report
Kharif Weekly area coverage as on 22.08.2025
Source: CWWG (via API)
Area in Lakh Ha Normal (DA&FW) Area Sown Area Sown Difference In Area Coverage Over ---------------------- ------------------ ------------- ------------- ------------------------------------ Crop 2025-26 2024-25 2024-25 Rice 403.09 420.41 390.80 29.60 Total Pulses 129.61 112.77 111.42 1.34 Tur 44.71 43.98 44.77 0.78 Kulthi 1.72 0.26 0.23 0.04 Urad 32.64 21.71 20.31 1.39 Moong 35.69 33.95 33.50 0.45 Other Pulses 5.15 3.70 3.50 0.19 Moth Bean 9.70 9.17 9.11 0.05 Total Coarse Cereals 180.71 187.12 175.93 11.18 Jowar 15.07 13.90 13.98 0.08 Bajra 70.69 67.20 66.90 0.30 Ragi 11.52 7.99 7.27 0.72 Maize 78.95 93.34 83.58 9.76 Other Small Millets 4.48 4.68 4.20 0.49 Total Oilseeds 194.63 182.38 187.64 5.26 Groundnut 45.10 45.30 46.56 1.25 Sesamum 10.32 9.83 10.46 0.63 Sunflower 1.29 0.63 0.69 0.06 Soybean 127.19 120.11 124.88 4.77 Nigerseed 1.08 0.36 0.31 0.06 ---------------- --------- --------- --------- -------- Castorseed 9.65 6.09 4.68 1.41 Other Oilseeds 0.06 0.07 0.01 Sugarcane 52.51 57.31 55.68 1.64 Jute and Mesta 6.60 5.54 5.72 0.19 Cotton 129.50 108.47 111.39 2.92 Grand Total 1096.65 1073.98 1038.58 35.40",rule_based,2.1,1.0,Minutes of the meeting of CWWG as on 25.08.2025_p1_c2,VERIFIED
1171,Crop,Gujarat,State-wide,2025-08-18,8,Active Growth,"Maximum  Temperatures  Are  Likely  To  Be  Above  Normal  In  Many  Parts  Of  Central  India, Gujarat, Rajasthan, East Uttar Pradesh, Bihar And Ne India During The First Week",None,,,1,Minutes of the meeting of CWWG as on 18.08.2025.pdf,0.9,"Maximum temperatures are likely to be above normal in many parts of Central India, Gujarat, Rajasthan, East Uttar Pradesh, Bihar and NE India during the first week.",rule_based,2.1,1.0,Minutes of the meeting of CWWG as on 18.08.2025_p1_c1,VERIFIED
1172,Crop,Uttarakhand,State-wide,2025-08-18,8,Active Growth,"Maximum  Temperatures  Are  Likely  To  Be  Above  Normal  In  J&Amp;K,  Himachal  Pradesh, Uttarakhand, Arunachal Pradesh And Some Parts Of Assam During The Second Week",None,,,1,Minutes of the meeting of CWWG as on 18.08.2025.pdf,0.9,"Maximum temperatures are likely to be above normal in J&amp;K, Himachal Pradesh, Uttarakhand, Arunachal Pradesh and some parts of Assam during the second week.",rule_based,2.1,1.0,Minutes of the meeting of CWWG as on 18.08.2025_p1_c2,VERIFIED
1173,Cotton,Uttarakhand,State-wide,2025-08-18,8,Active Growth,None,None,,,1,Minutes of the meeting of CWWG as on 18.08.2025.pdf,0.7,"Rice : About 398.59 lakh ha (98.9% of Normal) area coverage under Kharif Rice as compared to 362.92 lakh ha during the corresponding period of last year.
- Moong : About 33.70 lakh ha (94.4% of Normal) area coverage under Moong as compared to 32.76 lakh ha during the corresponding period of last year.
- Soybean : About 119.82 lakh ha (94.2% of Normal) area coverage under Soybean has been reported as compared to 124.59 lakh ha during the corresponding period of last year.
- Sugarcane : About 57.31 lakh ha area coverage under Sugarcane has been reported as compared to 55.68 lakh ha during the corresponding period of last year.
- Cotton : About 107.87 lakh ha (84.1% of Normal) area coverage has been reported compared to 111.11 lakh ha during the corresponding period of last year.",rule_based,2.1,1.0,Minutes of the meeting of CWWG as on 18.08.2025_p1_c3,VERIFIED
1174,Cotton,Uttarakhand,State-wide,2025-08-18,8,Sowing,None,None,,,1,Minutes of the meeting of CWWG as on 18.08.2025.pdf,0.9,"All India: Progressive Crop Area Sown Report
Kharif Weekly area coverage as on 15.08.2025
Source: CWWG (via API)
Area in Lakh Ha Normal (DA&FW) Area Sown Area Sown Difference In Area Coverage Over ---------------------- ------------------ ------------- ------------- ------------------------------------ Crop 2025-26 2024-25 2024-25 Rice 403.09 398.59 362.92 35.67 Total Pulses 129.61 109.52 108.39 1.14 Tur 44.71 42.20 43.54 1.34 Kulthi 1.72 0.20 0.17 0.03 Urad 32.64 20.82 19.90 0.92 Moong 35.69 33.70 32.76 0.94 Other Pulses 5.15 3.46 3.32 0.14 Moth Bean 9.70 9.14 8.70 0.45 Total Coarse Cereals 180.71 182.34 173.22 9.12 Jowar 15.07 13.74 13.96 0.22 Bajra 70.69 65.67 65.88 0.21 Ragi 11.52 5.89 6.30 0.41 Maize 78.95 92.79 82.97 9.82 Other Small Millets 4.48 4.25 4.12 0.13 Total Oilseeds 194.63 178.64 185.38 6.74 Groundnut 45.10 43.98 46.07 2.09 Sesamum 10.32 9.22 10.12 0.89 Sunflower 1.29 0.61 0.68 0.07 Soybean 127.19 119.82 124.59 4.77 Nigerseed 1.08 0.16 0.27 0.11 Castorseed 9.65 4.79 3.58 1.21 Other Oilseeds 0.06 0.07 0.01 ------------------ --------- --------- --------- --------- Sugarcane 52.51 57.31 55.68 1.64 Jute and Mesta 6.60 5.54 5.72 0.19 Cotton 129.50 107.87 111.11 3.24 Grand Total 1096.65 1039.81 1002.41 37.39",rule_based,2.1,1.0,Minutes of the meeting of CWWG as on 18.08.2025_p1_c4,VERIFIED
1005,Crop,Odisha,State-wide,2025-08-11,8,Active Growth,"Maximum Temperatures Are Likely To Be Above Normal By 2-3°C Over Many Parts Of Odisha, Chhattisgarh, Telangana, Coastal Andhra Pradesh, Madhya Pradesh, Maharashtra, Gujarat, Rajasthan, And Interior Karnataka. These Are Likely To Be Below Normal Or Near Normal Over Rest Parts Of The Country",None,,,1,Minutes of the meeting of CWWG as on 11.08.2025.pdf,0.9," Maximum temperatures are likely to be above normal by 2-3°C over many parts of Odisha, Chhattisgarh, Telangana, Coastal Andhra Pradesh, Madhya Pradesh, Maharashtra, Gujarat, Rajasthan, and Interior Karnataka. These are likely to be below normal or near normal over rest parts of the country.",rule_based,2.1,1.0,Minutes of the meeting of CWWG as on 11.08.2025_p1_c1,VERIFIED
1006,Cotton,Odisha,State-wide,2025-08-11,8,Active Growth,None,None,,,1,Minutes of the meeting of CWWG as on 11.08.2025.pdf,0.7," Rice : About 364.80 lakh ha (90.5% of Normal) area coverage under Kharif Rice as compared to 325.36 lakh ha during the corresponding period of last year.
-
Soybean : About 119.51 lakh ha (93.7 % of Normal) area coverage under Soyabean has been reported as compared to 124.24 lakh ha during the corresponding period of last year.
-
Sugarcane : About 57.31 lakh ha area coverage under Sugarcane has been reported as compared to 55.68 lakh ha during the corresponding period of last year.
-
Cotton : About 106.96 lakh ha (82.6% of Normal) area coverage has been reported compared to 110.49 lakh ha during the corresponding period of last year.",rule_based,2.1,1.0,Minutes of the meeting of CWWG as on 11.08.2025_p1_c2,VERIFIED
1007,Cotton,Odisha,State-wide,2025-08-11,8,Sowing,None,None,,,1,Minutes of the meeting of CWWG as on 11.08.2025.pdf,0.9,"All India: Progressive Crop Area Sown Report
Kharif Weekly area coverage as on 08.08.2025
Source: CWWG (via API)
Area in Lakh Ha Normal (DA&FW) Area Sown Area Sown Difference In Area Coverage Over ---------------------- ------------------ ------------- ------------- ------------------------------------ Crop 2025-26 2024-25 2024-25 Rice 403.09 364.80 325.36 39.45 Total Pulses 129.61 106.68 106.52 0.16 Tur 44.71 40.86 42.87 2.02 Kulthi 1.72 0.17 0.16 0.00 Urad 32.64 20.15 19.91 0.24 Moong 35.69 33.21 32.33 0.88 Other Pulses 5.15 3.24 3.21 0.03 Moth Bean 9.70 9.06 8.04 1.02 Total Coarse Cereals 180.71 178.73 170.96 7.77 Jowar 15.07 13.69 13.96 0.27 Bajra 70.69 64.86 65.76 0.90 Ragi 11.52 4.41 4.15 0.26 Maize 78.95 91.89 83.15 8.74 Other Small Millets 4.48 3.88 3.93 0.06 Total Oilseeds 194.63 175.61 182.43 6.82 Groundnut 45.10 43.23 45.06 1.84 Sesamum 10.32 8.89 9.81 0.92 Sunflower 1.29 0.61 0.68 0.07 Soybean 127.19 119.51 124.24 4.73 Nigerseed 1.08 0.14 0.26 0.12 Castorseed 9.65 3.19 2.32 0.87 Other Oilseeds 0.05 0.06 0.01 Sugarcane 52.51 57.31 55.68 1.64 Jute and Mesta 6.60 5.54 5.71 0.18 Cotton 129.50 106.96 110.49 3.53 Grand Total 1096.65 995.63 957.15 38.48",rule_based,2.1,1.0,Minutes of the meeting of CWWG as on 11.08.2025_p1_c3,VERIFIED
1008,Cotton,Odisha,State-wide,2025-08-11,8,Active Growth,Over All Intensity Of Pests And Disease Remained Below Economic Threshold Level (Etl) Except,None,,,1,Minutes of the meeting of CWWG as on 11.08.2025.pdf,0.9, Over all intensity of pests and disease remained below Economic Threshold Level (ETL) except:,rule_based,2.1,1.0,Minutes of the meeting of CWWG as on 11.08.2025_p1_c4,VERIFIED
820,Crop,Odisha,State-wide,2025-08-04,8,Active Growth,"Maximum Temperatures Are Likely To Be Above Normal By 2-3°C Over Many Parts Of Odisha, Chhattisgarh, Telangana, Coastal Andhra Pradesh And Interior Karnataka. These Are Likely To Be Below Normal Or Near Normal Over Rest Parts Of The Country",None,,,1,Minutes of the meeting of CWWG as on 04.08.2025.pdf,0.9,"Maximum temperatures are likely to be above normal by 2-3°C over many parts of Odisha, Chhattisgarh, Telangana, Coastal Andhra Pradesh and Interior Karnataka. These are likely to be below normal or near normal over rest parts of the country.",rule_based,2.1,1.0,Minutes of the meeting of CWWG as on 04.08.2025_p1_c1,VERIFIED
821,Cotton,Odisha,State-wide,2025-08-04,8,Active Growth,None,None,,,1,Minutes of the meeting of CWWG as on 04.08.2025.pdf,0.7,"Rice : About 319.40 lakh ha (79.2% of Normal) area coverage under Kharif Rice as compared to 273.72 lakh ha during the corresponding period of last year.
- Soybean : About 118.54 lakh ha (93.2 % of Normal) area coverage under Soyabean has been reported as compared to 123.45 lakh ha during the corresponding period of last year.
- Sugarcane : About 57.31 lakh ha area coverage under Sugarcane has been reported as compared to 55.68 lakh ha during the corresponding period of last year.
- Cotton : About 105.87 lakh ha (81.7% of Normal) area coverage has been reported compared to 108.43 lakh ha during the corresponding period of last year.",rule_based,2.1,1.0,Minutes of the meeting of CWWG as on 04.08.2025_p1_c2,VERIFIED
822,Cotton,Odisha,State-wide,2025-08-04,8,Sowing,None,None,,,1,Minutes of the meeting of CWWG as on 04.08.2025.pdf,0.9,"All India: Progressive Crop Area Sown Report
Kharif Weekly area coverage as on 01.08.2025
Source: CWWG (via API)
Area in Lakh Ha Normal (DA&FW) Area Sown Area Sown Difference In Area Coverage Over ---------------------- ------------------ ------------- ------------- ------------------------------------ Crop 2025-26 2024-25 2024-25 Rice 403.09 319.40 273.72 45.68 Total Pulses 129.61 101.22 101.54 0.32 Tur 44.71 38.32 41.06 2.74 Kulthi 1.72 0.15 0.16 0.01 Urad 32.64 18.62 19.09 0.46 Moong 35.69 32.18 31.13 1.06 Other Pulses 5.15 2.99 2.94 0.05 Moth Bean 9.70 8.95 7.16 1.80 Total Coarse Cereals 180.71 172.57 164.76 7.81 Jowar 15.07 13.17 13.53 0.36 Bajra 70.69 61.58 62.36 0.79 Ragi 11.52 2.80 3.18 0.38 Maize 78.95 91.62 81.99 9.63 Other Small Millets 4.48 3.40 3.69 0.29 Total Oilseeds 194.63 171.03 178.14 7.11 Groundnut 45.10 41.56 43.45 1.88 Sesamum 10.32 8.38 9.00 0.61 Sunflower 1.29 0.58 0.66 0.08 Soybean 127.19 118.54 123.45 4.91 Nigerseed 1.08 0.12 0.24 0.12 Castorseed 9.65 1.79 1.29 0.50 Other Oilseeds 0.05 0.06 0.01 Sugarcane 52.51 57.31 55.68 1.64 Jute and Mesta 6.60 5.54 5.71 0.18 Cotton 129.50 105.87 108.43 2.56 Grand Total 1096.65 932.93 887.97 44.96",rule_based,2.1,1.0,Minutes of the meeting of CWWG as on 04.08.2025_p1_c3,VERIFIED
1374,Cotton,All India,State-wide,2025-07-28,7,Sowing,None,None,,,1,Minutes of the meeting of CWWG as on 28.07.2025.pdf,0.9," Rice : About 245.13 lakh ha (60.8% of Normal) area coverage under Kharif Rice as compared to 216.16 lakh ha during the corresponding period of last year.
-
Soybean : About 116.71 lakh ha (91.8 % of Normal) area coverage under Soyabean has been reported as compared to 121.38 lakh ha during the corresponding period of last year.
-
Sugarcane : About 55.16 lakh ha area coverage under Sugarcane has been reported as compared to 54.88 lakh ha during the corresponding period of last year.
Cotton : About 103.15 lakh ha (79.6% of Normal) area coverage has been reported compared to 105.52 lakh ha during the corresponding period of last year.
All India: Progressive Crop Area Sown Report
Kharif Weekly area coverage as on 2025-07-25
Source: CWWG (via API)
Area in Lakh Ha Normal (DA&FW) Area Sown Area Sown Difference In Area Coverage Over % of Increase (+)/Decrease (-) Over ---------------------- ------------------ ------------- ------------- ------------------------------------ --------------------------------------- Crop 2025-26 2024-25 2024-25 2024-25 Rice 403.09 245.13 216.16 28.97 13.40 Total Pulses 129.61 93.05 89.94 3.11 3.45 Tur 44.71 34.90 37.99 3.10 8.15 Kulthi 1.72 0.15 0.13 0.02 13.24 Urad 32.64 16.59 17.79 1.20 6.75 Moong 35.69 30.60 26.36 4.24 16.08 Other Pulses 5.15 2.67 2.60 0.07 2.72 Moth Bean 9.70 8.14 5.06 3.08 60.83 Total Coarse Cereals 180.71 160.72 154.97 5.75 3.71 Jowar 15.07 12.45 12.34 0.11 0.92 Bajra 70.69 58.02 57.99 0.02 0.04 Ragi 11.52 2.03 2.62 0.58 22.32 Maize 78.95 85.58 78.92 6.66 8.44 Other Small Millets 4.48 2.64 3.10 0.46 14.81 Total Oilseeds 194.63 166.89 170.73 3.83 2.25 Groundnut 45.10 41.17 40.77 0.40 0.99 Sesamum 10.32 7.44 7.14 0.31 4.28 Sunflower 1.29 0.56 0.59 0.03 5.24 Soybean 127.19 116.71 121.38 4.68 3.85 Nigerseed 1.08 0.03 0.22 0.19 87.17 Castorseed 9.65 0.94 0.57 0.36 63.20 Other Oilseeds 0.05 0.05 0.00 7.86 Sugarcane 52.51 55.16 54.88 0.29 0.52 Total Jute and Mesta 6.60 5.54 5.71 0.18 3.07 Jute 6.19 5.33 5.50 0.16 2.99 Mesta 0.40 0.20 0.22 0.01 5.23 Cotton 129.50 103.15 105.52 2.37 2.25 Grand Total 1096.65 829.64 797.91 31.73 3.98",rule_based,2.1,1.0,Minutes of the meeting of CWWG as on 28.07.2025_p1_c1,VERIFIED
1254,Cotton,All India,State-wide,2025-07-21,7,Active Growth,None,None,,,1,Minutes of the meeting of CWWG as on 21.07.2025.pdf,0.7,"Rice : About 176.68 lakh ha area coverage under Kharif Rice as compared to 157.21 lakh ha during the corresponding period of last year.
- Soybean : About 111.67 lakh ha area coverage under Soyabean has been reported as compared to 118.96 lakh ha during the corresponding period of last year.
- Sugarcane : About 55.16 lakh ha area coverage under Sugarcane has been reported as compared to 54.88 lakh ha during the corresponding period of last year.
- Cotton : About 98.55 lakh ha area coverage has been reported compared to 102.05 lakh ha during the corresponding period of last year;",rule_based,2.1,1.0,Minutes of the meeting of CWWG as on 21.07.2025_p1_c1,VERIFIED
1255,Cotton,All India,State-wide,2025-07-21,7,Sowing,None,None,,,1,Minutes of the meeting of CWWG as on 21.07.2025.pdf,0.9,Progress of area coverage under Kharif crops as on 18.07.2025 Progress of area coverage under Kharif crops as on 18.07.2025 Progress of area coverage under Kharif crops as on 18.07.2025 Progress of area coverage under Kharif crops as on 18.07.2025 Progress of area coverage under Kharif crops as on 18.07.2025 ----- ----------------------------------------------------------------- ----------------------------------------------------------------- ----------------------------------------------------------------- ----------------------------------------------------------------- ----------------------------------------------------------------- Area: In lakh hectare Area: In lakh hectare S. Crop Normal Area Area Sown Area Sown Increase (+)/ No. (DES) 2025 2024 Decrease (-) over 2024-25 1 Rice 403.09 176.68 157.21 19.47 2 Pulses 129.61 81.98 80.13 1.84 A Arhar 44.71 30.09 31.70 1.61 B Urdbean 32.64 14.45 16.51 2.06 C Moongbean 35.69 27.31 24.52 2.79 D Kulthi 1.72 0.14 0.12 0.01 E Mothbean 9.70 7.56 4.95 2.61 F Other pulses 5.15 2.43 2.33 0.10 3 Shri Anna cum Coarse cereals 180.71 133.65 117.66 15.99 A Jowar 15.07 9.99 9.81 0.18 B Bajra 70.69 48.94 42.09 6.85 C Ragi 11.52 1.42 1.70 0.28 D Small millets 4.48 2.09 2.34 0.25 E Maize 78.95 71.21 61.73 9.48 4 Oilseeds 194.63 156.76 162.80 6.04 A Groundnut 45.10 38.01 37.16 0.86 B Soybean 127.19 111.67 118.96 7.29 C Sunflower 1.29 0.54 0.55 0.02 D Sesamum 10.32 6.04 5.58 0.46 E Niger 1.08 0.02 0.22 0.20 F Castor 9.65 0.43 0.28 0.15 G Other Oilseeds 0.00 0.05 0.05 0.00 5 Sugarcane 52.51 55.16 54.88 0.29 6 Jute & Mesta 6.60 5.53 5.65 0.12 7 Cotton 129.50 98.55 102.05 3.49 Total 1096.65 708.31 680.38 27.93,rule_based,2.1,1.0,Minutes of the meeting of CWWG as on 21.07.2025_p1_c2,VERIFIED
